yyyymm,Index,D12,E12,b/m,tbl,AAA,BAA,lty,ntis,Rfree,infl,ltr,corpr,svar,CRSP_SPvw,CRSP_SPvwx
187101,4.4400000000000004,0.26,0.4,NaN,NaN,NaN,NaN,NaN,NaN,NaN,NaN,NaN,NaN,NaN,NaN,NaN
187102,4.5,0.26,0.4,NaN,NaN,NaN,NaN,NaN,NaN,4.967421451620109E-3,NaN,NaN,NaN,NaN,NaN,NaN
187103,4.6100000000000003,0.26,0.4,NaN,NaN,NaN,NaN,NaN,NaN,4.5246631618010048E-3,NaN,NaN,NaN,NaN,NaN,NaN
187104,4.74,0.26,0.4,NaN,NaN,NaN,NaN,NaN,NaN,4.2516288830792238E-3,NaN,NaN,NaN,NaN,NaN,NaN
187105,4.8600000000000003,0.26,0.4,NaN,NaN,NaN,NaN,NaN,NaN,4.642732039086099E-3,NaN,NaN,NaN,NaN,NaN,NaN
187106,4.82,0.26,0.4,NaN,NaN,NaN,NaN,NaN,NaN,3.6981810208053432E-3,NaN,NaN,NaN,NaN,NaN,NaN
187107,4.7300000000000004,0.26,0.4,NaN,NaN,NaN,NaN,NaN,NaN,3.3734916082713328E-3,NaN,NaN,NaN,NaN,NaN,NaN
187108,4.79,0.26,0.4,NaN,NaN,NaN,NaN,NaN,NaN,3.2554227309862386E-3,NaN,NaN,NaN,NaN,NaN,NaN
187109,4.84,0.26,0.4,NaN,NaN,NaN,NaN,NaN,NaN,3.7129396304659795E-3,NaN,NaN,NaN,NaN,NaN,NaN
187110,4.59,0.26,0.4,NaN,NaN,NaN,NaN,NaN,NaN,4.5541803811222784E-3,NaN,NaN,NaN,NaN,NaN,NaN
187111,4.6399999999999997,0.26,0.4,NaN,NaN,NaN,NaN,NaN,NaN,7.0410061089395803E-3,NaN,NaN,NaN,NaN,NaN,NaN
187112,4.74,0.26,0.4,NaN,NaN,NaN,NaN,NaN,NaN,6.4875582466657009E-3,NaN,NaN,NaN,NaN,NaN,NaN
187201,4.8600000000000003,0.26329999999999998,0.40250000000000002,NaN,NaN,NaN,NaN,NaN,NaN,6.9745923654667159E-3,NaN,NaN,NaN,NaN,NaN,NaN
187202,4.88,0.26669999999999999,0.40500000000000003,NaN,NaN,NaN,NaN,NaN,NaN,5.7643863732944976E-3,NaN,NaN,NaN,NaN,NaN,NaN
187203,5.04,0.27,0.40749999999999997,NaN,NaN,NaN,NaN,NaN,NaN,5.2183178158509346E-3,NaN,NaN,NaN,NaN,NaN,NaN
187204,5.18,0.27329999999999999,0.41,NaN,NaN,NaN,NaN,NaN,NaN,6.0005241278646851E-3,NaN,NaN,NaN,NaN,NaN,NaN
187205,5.18,0.2767,0.41249999999999998,NaN,NaN,NaN,NaN,NaN,NaN,6.0300413471859604E-3,NaN,NaN,NaN,NaN,NaN,NaN
187206,5.13,0.28000000000000003,0.41499999999999998,NaN,NaN,NaN,NaN,NaN,NaN,4.9526628419594718E-3,NaN,NaN,NaN,NaN,NaN,NaN
187207,5.0999999999999996,0.2833,0.41749999999999998,NaN,NaN,NaN,NaN,NaN,NaN,4.0671462623212635E-3,NaN,NaN,NaN,NaN,NaN,NaN
187208,5.04,0.28670000000000001,0.42,NaN,NaN,NaN,NaN,NaN,NaN,4.3992149796855924E-3,NaN,NaN,NaN,NaN,NaN,NaN
187209,4.95,0.28999999999999998,0.42249999999999999,NaN,NaN,NaN,NaN,NaN,NaN,5.2183178158509346E-3,NaN,NaN,NaN,NaN,NaN,NaN
187210,4.97,0.29330000000000001,0.42499999999999999,NaN,NaN,NaN,NaN,NaN,NaN,7.0188681944486266E-3,NaN,NaN,NaN,NaN,NaN,NaN
187211,4.95,0.29670000000000002,0.42749999999999999,NaN,NaN,NaN,NaN,NaN,NaN,7.6092125808741003E-3,NaN,NaN,NaN,NaN,NaN,NaN
187212,5.07,0.3,0.43,NaN,NaN,NaN,NaN,NaN,NaN,8.2143155769602086E-3,NaN,NaN,NaN,NaN,NaN,NaN
187301,5.1100000000000003,0.30249999999999999,0.4325,NaN,NaN,NaN,NaN,NaN,NaN,7.631350495365054E-3,NaN,NaN,NaN,NaN,NaN,NaN
187302,5.15,0.30499999999999999,0.435,NaN,NaN,NaN,NaN,NaN,NaN,6.4875582466657009E-3,NaN,NaN,NaN,NaN,NaN,NaN
187303,5.1100000000000003,0.3075,0.4375,NaN,NaN,NaN,NaN,NaN,NaN,6.5613512949688852E-3,NaN,NaN,NaN,NaN,NaN,NaN
187304,5.04,0.31,0.44,NaN,NaN,NaN,NaN,NaN,NaN,7.1074198524124464E-3,NaN,NaN,NaN,NaN,NaN,NaN
187305,5.05,0.3125,0.4425,NaN,NaN,NaN,NaN,NaN,NaN,8.0519708706932036E-3,NaN,NaN,NaN,NaN,NaN,NaN
187306,4.9800000000000004,0.315,0.44500000000000001,NaN,NaN,NaN,NaN,NaN,NaN,5.6315588863487653E-3,NaN,NaN,NaN,NaN,NaN,NaN
187307,4.97,0.3175,0.44750000000000001,NaN,NaN,NaN,NaN,NaN,NaN,4.6796285632376916E-3,NaN,NaN,NaN,NaN,NaN,NaN
187308,4.97,0.32,0.45,NaN,NaN,NaN,NaN,NaN,NaN,4.3918356748552734E-3,NaN,NaN,NaN,NaN,NaN,NaN
187309,4.59,0.32250000000000001,0.45250000000000001,NaN,NaN,NaN,NaN,NaN,NaN,4.8493525743350148E-3,NaN,NaN,NaN,NaN,NaN,NaN
187310,4.1900000000000004,0.32500000000000001,0.45500000000000002,NaN,NaN,NaN,NaN,NaN,NaN,1.0177210661824903E-2,NaN,NaN,NaN,NaN,NaN,NaN
187311,4.04,0.32750000000000001,0.45750000000000002,NaN,NaN,NaN,NaN,NaN,NaN,1.1815416334155591E-2,NaN,NaN,NaN,NaN,NaN,NaN
187312,4.42,0.33,0.46,NaN,NaN,NaN,NaN,NaN,NaN,1.033955536809191E-2,NaN,NaN,NaN,NaN,NaN,NaN
187401,4.66,0.33,0.46,NaN,NaN,NaN,NaN,NaN,NaN,6.871282097842258E-3,NaN,NaN,NaN,NaN,NaN,NaN
187402,4.8,0.33,0.46,NaN,NaN,NaN,NaN,NaN,NaN,5.1297661578871149E-3,NaN,NaN,NaN,NaN,NaN,NaN
187403,4.7300000000000004,0.33,0.46,NaN,NaN,NaN,NaN,NaN,NaN,4.0671462623212635E-3,NaN,NaN,NaN,NaN,NaN,NaN
187404,4.5999999999999996,0.33,0.46,NaN,NaN,NaN,NaN,NaN,NaN,4.1704565299457205E-3,NaN,NaN,NaN,NaN,NaN,NaN
187405,4.4800000000000004,0.33,0.46,NaN,NaN,NaN,NaN,NaN,NaN,4.2516288830792238E-3,NaN,NaN,NaN,NaN,NaN,NaN
187406,4.46,0.33,0.46,NaN,NaN,NaN,NaN,NaN,NaN,3.8162498980904378E-3,NaN,NaN,NaN,NaN,NaN,NaN
187407,4.46,0.33,0.46,NaN,NaN,NaN,NaN,NaN,NaN,3.7424568497872531E-3,NaN,NaN,NaN,NaN,NaN,NaN
187408,4.47,0.33,0.46,NaN,NaN,NaN,NaN,NaN,NaN,3.7793533739388461E-3,NaN,NaN,NaN,NaN,NaN,NaN
187409,4.54,0.33,0.46,NaN,NaN,NaN,NaN,NaN,NaN,3.6539051918234328E-3,NaN,NaN,NaN,NaN,NaN,NaN
187410,4.53,0.33,0.46,NaN,NaN,NaN,NaN,NaN,NaN,4.2516288830792238E-3,NaN,NaN,NaN,NaN,NaN,NaN
187411,4.57,0.33,0.46,NaN,NaN,NaN,NaN,NaN,NaN,3.9269394705452139E-3,NaN,NaN,NaN,NaN,NaN,NaN
187412,4.54,0.33,0.46,NaN,NaN,NaN,NaN,NaN,NaN,3.7867326787691638E-3,NaN,NaN,NaN,NaN,NaN,NaN
187501,4.54,0.32750000000000001,0.45169999999999999,NaN,NaN,NaN,NaN,NaN,NaN,4.0671462623212635E-3,NaN,NaN,NaN,NaN,NaN,NaN
187502,4.53,0.32500000000000001,0.44330000000000003,NaN,NaN,NaN,NaN,NaN,NaN,3.5136984000473824E-3,NaN,NaN,NaN,NaN,NaN,NaN
187503,4.59,0.32250000000000001,0.435,NaN,NaN,NaN,NaN,NaN,NaN,3.4694225710654725E-3,NaN,NaN,NaN,NaN,NaN,NaN
187504,4.6500000000000004,0.32,0.42670000000000002,NaN,NaN,NaN,NaN,NaN,NaN,3.99335321401808E-3,NaN,NaN,NaN,NaN,NaN,NaN
187505,4.47,0.3175,0.41830000000000001,NaN,NaN,NaN,NaN,NaN,NaN,3.6539051918234328E-3,NaN,NaN,NaN,NaN,NaN,NaN
187506,4.38,0.315,0.41,NaN,NaN,NaN,NaN,NaN,NaN,3.0045263667554125E-3,NaN,NaN,NaN,NaN,NaN,NaN
187507,4.3899999999999997,0.3125,0.4017,NaN,NaN,NaN,NaN,NaN,NaN,2.9971470619250939E-3,NaN,NaN,NaN,NaN,NaN,NaN
187508,4.41,0.31,0.39329999999999998,NaN,NaN,NaN,NaN,NaN,NaN,2.8200437459974521E-3,NaN,NaN,NaN,NaN,NaN,NaN
187509,4.37,0.3075,0.38500000000000001,NaN,NaN,NaN,NaN,NaN,NaN,3.2849399503075125E-3,NaN,NaN,NaN,NaN,NaN,NaN
187510,4.3,0.30499999999999999,0.37669999999999998,NaN,NaN,NaN,NaN,NaN,NaN,3.985973909187761E-3,NaN,NaN,NaN,NaN,NaN,NaN
187511,4.37,0.30249999999999999,0.36830000000000002,NaN,NaN,NaN,NaN,NaN,NaN,4.2959047120611337E-3,NaN,NaN,NaN,NaN,NaN,NaN
187512,4.37,0.3,0.36,NaN,NaN,NaN,NaN,NaN,NaN,4.3549391507036817E-3,NaN,NaN,NaN,NaN,NaN,NaN
187601,4.46,0.3,0.3533,NaN,NaN,NaN,NaN,NaN,NaN,4.5172838569706867E-3,NaN,NaN,NaN,NaN,NaN,NaN
187602,4.5199999999999996,0.3,0.34670000000000001,NaN,NaN,NaN,NaN,NaN,NaN,4.3918356748552734E-3,NaN,NaN,NaN,NaN,NaN,NaN
187603,4.51,0.3,0.34,NaN,NaN,NaN,NaN,NaN,NaN,3.5727328386899299E-3,NaN,NaN,NaN,NaN,NaN,NaN
187604,4.34,0.3,0.33329999999999999,NaN,NaN,NaN,NaN,NaN,NaN,3.6170086676718402E-3,NaN,NaN,NaN,NaN,NaN,NaN
187605,4.18,0.3,0.32669999999999999,NaN,NaN,NaN,NaN,NaN,NaN,3.6981810208053432E-3,NaN,NaN,NaN,NaN,NaN,NaN
187606,4.1500000000000004,0.3,0.32,NaN,NaN,NaN,NaN,NaN,NaN,3.366112303441015E-3,NaN,NaN,NaN,NaN,NaN,NaN
187607,4.0999999999999996,0.3,0.31330000000000002,NaN,NaN,NaN,NaN,NaN,NaN,3.1447331585314625E-3,NaN,NaN,NaN,NaN,NaN,NaN
187608,3.93,0.3,0.30669999999999997,NaN,NaN,NaN,NaN,NaN,NaN,2.4510785044815323E-3,NaN,NaN,NaN,NaN,NaN,NaN
187609,3.69,0.3,0.3,NaN,NaN,NaN,NaN,NaN,NaN,2.2961131030448455E-3,NaN,NaN,NaN,NaN,NaN,NaN
187610,3.67,0.3,0.29330000000000001,NaN,NaN,NaN,NaN,NaN,NaN,3.1447331585314625E-3,NaN,NaN,NaN,NaN,NaN,NaN
187611,3.6,0.3,0.28670000000000001,NaN,NaN,NaN,NaN,NaN,NaN,3.823629202920756E-3,NaN,NaN,NaN,NaN,NaN,NaN
187612,3.58,0.3,0.28000000000000003,NaN,NaN,NaN,NaN,NaN,NaN,3.6539051918234328E-3,NaN,NaN,NaN,NaN,NaN,NaN
187701,3.55,0.2908,0.28170000000000001,NaN,NaN,NaN,NaN,NaN,NaN,3.9785946043574419E-3,NaN,NaN,NaN,NaN,NaN,NaN
187702,3.34,0.28170000000000001,0.2833,NaN,NaN,NaN,NaN,NaN,NaN,3.7350775449569353E-3,NaN,NaN,NaN,NaN,NaN,NaN
187703,3.17,0.27250000000000002,0.28499999999999998,NaN,NaN,NaN,NaN,NaN,NaN,2.9602505377735022E-3,NaN,NaN,NaN,NaN,NaN,NaN
187704,2.94,0.26329999999999998,0.28670000000000001,NaN,NaN,NaN,NaN,NaN,NaN,2.9159747087915923E-3,NaN,NaN,NaN,NaN,NaN,NaN
187705,2.94,0.25419999999999998,0.2883,NaN,NaN,NaN,NaN,NaN,NaN,2.8716988798096815E-3,NaN,NaN,NaN,NaN,NaN,NaN
187706,2.73,0.245,0.28999999999999998,NaN,NaN,NaN,NaN,NaN,NaN,2.5912852962575819E-3,NaN,NaN,NaN,NaN,NaN,NaN
187707,2.85,0.23580000000000001,0.29170000000000001,NaN,NaN,NaN,NaN,NaN,NaN,2.6355611252394922E-3,NaN,NaN,NaN,NaN,NaN,NaN
187708,3.05,0.22670000000000001,0.29330000000000001,NaN,NaN,NaN,NaN,NaN,NaN,2.6945955638820397E-3,NaN,NaN,NaN,NaN,NaN,NaN
187709,3.24,0.2175,0.29499999999999998,NaN,NaN,NaN,NaN,NaN,NaN,3.8014912884298006E-3,NaN,NaN,NaN,NaN,NaN,NaN
187710,3.31,0.20830000000000001,0.29670000000000002,NaN,NaN,NaN,NaN,NaN,NaN,4.3475598458733626E-3,NaN,NaN,NaN,NaN,NaN,NaN
187711,3.26,0.19919999999999999,0.29830000000000001,NaN,NaN,NaN,NaN,NaN,NaN,4.9895593661110644E-3,NaN,NaN,NaN,NaN,NaN,NaN
187712,3.25,0.19,0.3,NaN,NaN,NaN,NaN,NaN,NaN,4.2073530540973139E-3,NaN,NaN,NaN,NaN,NaN,NaN
187801,3.25,0.18920000000000001,0.30080000000000001,NaN,NaN,NaN,NaN,NaN,NaN,3.7867326787691638E-3,NaN,NaN,NaN,NaN,NaN,NaN
187802,3.18,0.1883,0.30170000000000002,NaN,NaN,NaN,NaN,NaN,NaN,3.9564566898664865E-3,NaN,NaN,NaN,NaN,NaN,NaN
187803,3.24,0.1875,0.30249999999999999,NaN,NaN,NaN,NaN,NaN,NaN,3.5579742290292936E-3,NaN,NaN,NaN,NaN,NaN,NaN
187804,3.33,0.1867,0.30330000000000001,NaN,NaN,NaN,NaN,NaN,NaN,3.4177674372532435E-3,NaN,NaN,NaN,NaN,NaN,NaN
187805,3.34,0.18579999999999999,0.30420000000000003,NaN,NaN,NaN,NaN,NaN,NaN,3.5948707531808853E-3,NaN,NaN,NaN,NaN,NaN,NaN
187806,3.41,0.185,0.30499999999999999,NaN,NaN,NaN,NaN,NaN,NaN,2.982388452264458E-3,NaN,NaN,NaN,NaN,NaN,NaN
187807,3.48,0.1842,0.30580000000000002,NaN,NaN,NaN,NaN,NaN,NaN,2.4510785044815323E-3,NaN,NaN,NaN,NaN,NaN,NaN
187808,3.45,0.18329999999999999,0.30669999999999997,NaN,NaN,NaN,NaN,NaN,NaN,2.2961131030448455E-3,NaN,NaN,NaN,NaN,NaN,NaN
187809,3.52,0.1825,0.3075,NaN,NaN,NaN,NaN,NaN,NaN,2.4510785044815323E-3,NaN,NaN,NaN,NaN,NaN,NaN
187810,3.48,0.1817,0.30830000000000002,NaN,NaN,NaN,NaN,NaN,NaN,3.0488021957373237E-3,NaN,NaN,NaN,NaN,NaN,NaN
187811,3.47,0.18079999999999999,0.30919999999999997,NaN,NaN,NaN,NaN,NaN,NaN,3.661284496653751E-3,NaN,NaN,NaN,NaN,NaN,NaN
187812,3.45,0.18,0.31,NaN,NaN,NaN,NaN,NaN,NaN,3.4177674372532435E-3,NaN,NaN,NaN,NaN,NaN,NaN
187901,3.58,0.1817,0.31580000000000003,NaN,NaN,NaN,NaN,NaN,NaN,3.3734916082713328E-3,NaN,NaN,NaN,NaN,NaN,NaN
187902,3.71,0.18329999999999999,0.32169999999999999,NaN,NaN,NaN,NaN,NaN,NaN,2.8348023556580898E-3,NaN,NaN,NaN,NaN,NaN,NaN
187903,3.65,0.185,0.32750000000000001,NaN,NaN,NaN,NaN,NaN,NaN,2.4510785044815323E-3,NaN,NaN,NaN,NaN,NaN,NaN
187904,3.77,0.1867,0.33329999999999999,NaN,NaN,NaN,NaN,NaN,NaN,3.3734916082713328E-3,NaN,NaN,NaN,NaN,NaN,NaN
187905,3.94,0.1883,0.3392,NaN,NaN,NaN,NaN,NaN,NaN,3.661284496653751E-3,NaN,NaN,NaN,NaN,NaN,NaN
187906,3.96,0.19,0.34499999999999997,NaN,NaN,NaN,NaN,NaN,NaN,2.9159747087915923E-3,NaN,NaN,NaN,NaN,NaN,NaN
187907,4.04,0.19170000000000001,0.3508,NaN,NaN,NaN,NaN,NaN,NaN,2.7757679170155422E-3,NaN,NaN,NaN,NaN,NaN,NaN
187908,4.07,0.1933,0.35670000000000002,NaN,NaN,NaN,NaN,NaN,NaN,2.517492247954398E-3,NaN,NaN,NaN,NaN,NaN,NaN
187909,4.22,0.19500000000000001,0.36249999999999999,NaN,NaN,NaN,NaN,NaN,NaN,3.7424568497872531E-3,NaN,NaN,NaN,NaN,NaN,NaN
187910,4.68,0.19670000000000001,0.36830000000000002,NaN,NaN,NaN,NaN,NaN,NaN,3.9048015560542589E-3,NaN,NaN,NaN,NaN,NaN,NaN
187911,4.93,0.1983,0.37419999999999998,NaN,NaN,NaN,NaN,NaN,NaN,4.0228704333393536E-3,NaN,NaN,NaN,NaN,NaN,NaN
187912,4.92,0.2,0.38,NaN,NaN,NaN,NaN,NaN,NaN,4.2516288830792238E-3,NaN,NaN,NaN,NaN,NaN,NaN
188001,5.1100000000000003,0.20499999999999999,0.38919999999999999,NaN,NaN,NaN,NaN,NaN,NaN,4.0302497381696717E-3,NaN,NaN,NaN,NaN,NaN,NaN
188002,5.2,0.21,0.39829999999999999,NaN,NaN,NaN,NaN,NaN,NaN,3.6096293628415221E-3,NaN,NaN,NaN,NaN,NaN,NaN
188003,5.3,0.215,0.40749999999999997,NaN,NaN,NaN,NaN,NaN,NaN,3.5579742290292936E-3,NaN,NaN,NaN,NaN,NaN,NaN
188004,5.18,0.22,0.41670000000000001,NaN,NaN,NaN,NaN,NaN,NaN,3.6981810208053432E-3,NaN,NaN,NaN,NaN,NaN,NaN
188005,4.7699999999999996,0.22500000000000001,0.42580000000000001,NaN,NaN,NaN,NaN,NaN,NaN,3.6981810208053432E-3,NaN,NaN,NaN,NaN,NaN,NaN
188006,4.79,0.23,0.435,NaN,NaN,NaN,NaN,NaN,NaN,3.4694225710654725E-3,NaN,NaN,NaN,NaN,NaN,NaN
188007,5.01,0.23499999999999999,0.44419999999999998,NaN,NaN,NaN,NaN,NaN,NaN,2.9971470619250939E-3,NaN,NaN,NaN,NaN,NaN,NaN
188008,5.19,0.24,0.45329999999999998,NaN,NaN,NaN,NaN,NaN,NaN,2.9159747087915923E-3,NaN,NaN,NaN,NaN,NaN,NaN
188009,5.18,0.245,0.46250000000000002,NaN,NaN,NaN,NaN,NaN,NaN,3.3513536937803783E-3,NaN,NaN,NaN,NaN,NaN,NaN
188010,5.33,0.25,0.47170000000000001,NaN,NaN,NaN,NaN,NaN,NaN,3.5136984000473824E-3,NaN,NaN,NaN,NaN,NaN,NaN
188011,5.61,0.255,0.48080000000000001,NaN,NaN,NaN,NaN,NaN,NaN,3.4177674372532435E-3,NaN,NaN,NaN,NaN,NaN,NaN
188012,5.84,0.26,0.49,NaN,NaN,NaN,NaN,NaN,NaN,3.6539051918234328E-3,NaN,NaN,NaN,NaN,NaN,NaN
188101,6.19,0.26500000000000001,0.48580000000000001,NaN,NaN,NaN,NaN,NaN,NaN,4.0671462623212635E-3,NaN,NaN,NaN,NaN,NaN,NaN
188102,6.17,0.27,0.48170000000000002,NaN,NaN,NaN,NaN,NaN,NaN,3.5136984000473824E-3,NaN,NaN,NaN,NaN,NaN,NaN
188103,6.24,0.27500000000000002,0.47749999999999998,NaN,NaN,NaN,NaN,NaN,NaN,3.6096293628415221E-3,NaN,NaN,NaN,NaN,NaN,NaN
188104,6.22,0.28000000000000003,0.4733,NaN,NaN,NaN,NaN,NaN,NaN,3.7350775449569353E-3,NaN,NaN,NaN,NaN,NaN,NaN
188105,6.5,0.28499999999999998,0.46920000000000001,NaN,NaN,NaN,NaN,NaN,NaN,3.4694225710654725E-3,NaN,NaN,NaN,NaN,NaN,NaN
188106,6.58,0.28999999999999998,0.46500000000000002,NaN,NaN,NaN,NaN,NaN,NaN,2.6355611252394922E-3,NaN,NaN,NaN,NaN,NaN,NaN
188107,6.35,0.29499999999999998,0.46079999999999999,NaN,NaN,NaN,NaN,NaN,NaN,2.222320054741662E-3,NaN,NaN,NaN,NaN,NaN,NaN
188108,6.2,0.3,0.45669999999999999,NaN,NaN,NaN,NaN,NaN,NaN,2.5912852962575819E-3,NaN,NaN,NaN,NaN,NaN,NaN
188109,6.25,0.30499999999999999,0.45250000000000001,NaN,NaN,NaN,NaN,NaN,NaN,3.2923192551378307E-3,NaN,NaN,NaN,NaN,NaN,NaN
188110,6.15,0.31,0.44829999999999998,NaN,NaN,NaN,NaN,NaN,NaN,3.8383878125813936E-3,NaN,NaN,NaN,NaN,NaN,NaN
188111,6.19,0.315,0.44419999999999998,NaN,NaN,NaN,NaN,NaN,NaN,4.2516288830792238E-3,NaN,NaN,NaN,NaN,NaN,NaN
188112,6.01,0.32,0.44,NaN,NaN,NaN,NaN,NaN,NaN,4.2885254072308155E-3,NaN,NaN,NaN,NaN,NaN,NaN
188201,5.92,0.32,0.43919999999999998,NaN,NaN,NaN,NaN,NaN,NaN,4.2516288830792238E-3,NaN,NaN,NaN,NaN,NaN,NaN
188202,5.79,0.32,0.43830000000000002,NaN,NaN,NaN,NaN,NaN,NaN,3.6981810208053432E-3,NaN,NaN,NaN,NaN,NaN,NaN
188203,5.78,0.32,0.4375,NaN,NaN,NaN,NaN,NaN,NaN,3.6760431063143878E-3,NaN,NaN,NaN,NaN,NaN,NaN
188204,5.78,0.32,0.43669999999999998,NaN,NaN,NaN,NaN,NaN,NaN,3.8014912884298006E-3,NaN,NaN,NaN,NaN,NaN,NaN
188205,5.71,0.32,0.43580000000000002,NaN,NaN,NaN,NaN,NaN,NaN,3.3734916082713328E-3,NaN,NaN,NaN,NaN,NaN,NaN
188206,5.68,0.32,0.435,NaN,NaN,NaN,NaN,NaN,NaN,3.2185262068346464E-3,NaN,NaN,NaN,NaN,NaN,NaN
188207,6,0.32,0.43419999999999997,NaN,NaN,NaN,NaN,NaN,NaN,3.4177674372532435E-3,NaN,NaN,NaN,NaN,NaN,NaN
188208,6.18,0.32,0.43330000000000002,NaN,NaN,NaN,NaN,NaN,NaN,3.0488021957373237E-3,NaN,NaN,NaN,NaN,NaN,NaN
188209,6.24,0.32,0.4325,NaN,NaN,NaN,NaN,NaN,NaN,3.8088705932601192E-3,NaN,NaN,NaN,NaN,NaN,NaN
188210,6.07,0.32,0.43169999999999997,NaN,NaN,NaN,NaN,NaN,NaN,4.6205941245951437E-3,NaN,NaN,NaN,NaN,NaN,NaN
188211,5.81,0.32,0.43080000000000002,NaN,NaN,NaN,NaN,NaN,NaN,4.5615596859525966E-3,NaN,NaN,NaN,NaN,NaN,NaN
188212,5.84,0.32,0.43,NaN,NaN,NaN,NaN,NaN,NaN,4.4361115038371833E-3,NaN,NaN,NaN,NaN,NaN,NaN
188301,5.81,0.32079999999999997,0.42749999999999999,NaN,NaN,NaN,NaN,NaN,NaN,3.9785946043574419E-3,NaN,NaN,NaN,NaN,NaN,NaN
188302,5.68,0.32169999999999999,0.42499999999999999,NaN,NaN,NaN,NaN,NaN,NaN,3.6981810208053432E-3,NaN,NaN,NaN,NaN,NaN,NaN
188303,5.75,0.32250000000000001,0.42249999999999999,NaN,NaN,NaN,NaN,NaN,NaN,3.6096293628415221E-3,NaN,NaN,NaN,NaN,NaN,NaN
188304,5.87,0.32329999999999998,0.42,NaN,NaN,NaN,NaN,NaN,NaN,4.3475598458733626E-3,NaN,NaN,NaN,NaN,NaN,NaN
188305,5.77,0.32419999999999999,0.41749999999999998,NaN,NaN,NaN,NaN,NaN,NaN,3.9269394705452139E-3,NaN,NaN,NaN,NaN,NaN,NaN
188306,5.82,0.32500000000000001,0.41499999999999998,NaN,NaN,NaN,NaN,NaN,NaN,3.5874914483505667E-3,NaN,NaN,NaN,NaN,NaN,NaN
188307,5.73,0.32579999999999998,0.41249999999999998,NaN,NaN,NaN,NaN,NaN,NaN,3.6981810208053432E-3,NaN,NaN,NaN,NaN,NaN,NaN
188308,5.47,0.32669999999999999,0.41,NaN,NaN,NaN,NaN,NaN,NaN,3.1668710730224179E-3,NaN,NaN,NaN,NaN,NaN,NaN
188309,5.53,0.32750000000000001,0.40749999999999997,NaN,NaN,NaN,NaN,NaN,NaN,3.7793533739388461E-3,NaN,NaN,NaN,NaN,NaN,NaN
188310,5.38,0.32829999999999998,0.40500000000000003,NaN,NaN,NaN,NaN,NaN,NaN,4.0671462623212635E-3,NaN,NaN,NaN,NaN,NaN,NaN
188311,5.46,0.32919999999999999,0.40250000000000002,NaN,NaN,NaN,NaN,NaN,NaN,4.0671462623212635E-3,NaN,NaN,NaN,NaN,NaN,NaN
188312,5.34,0.33,0.4,NaN,NaN,NaN,NaN,NaN,NaN,3.8383878125813936E-3,NaN,NaN,NaN,NaN,NaN,NaN
188401,5.18,0.32829999999999998,0.39250000000000002,NaN,NaN,NaN,NaN,NaN,NaN,3.6981810208053432E-3,NaN,NaN,NaN,NaN,NaN,NaN
188402,5.32,0.32669999999999999,0.38500000000000001,NaN,NaN,NaN,NaN,NaN,NaN,3.24804342615592E-3,NaN,NaN,NaN,NaN,NaN,NaN
188403,5.3,0.32500000000000001,0.3775,NaN,NaN,NaN,NaN,NaN,NaN,3.1447331585314625E-3,NaN,NaN,NaN,NaN,NaN,NaN
188404,5.0599999999999996,0.32329999999999998,0.37,NaN,NaN,NaN,NaN,NaN,NaN,3.0488021957373237E-3,NaN,NaN,NaN,NaN,NaN,NaN
188405,4.6500000000000004,0.32169999999999999,0.36249999999999999,NaN,NaN,NaN,NaN,NaN,NaN,3.1225952440405071E-3,NaN,NaN,NaN,NaN,NaN,NaN
188406,4.46,0.32,0.35499999999999998,NaN,NaN,NaN,NaN,NaN,NaN,3.3734916082713328E-3,NaN,NaN,NaN,NaN,NaN,NaN
188407,4.46,0.31830000000000003,0.34749999999999998,NaN,NaN,NaN,NaN,NaN,NaN,3.8826636415633035E-3,NaN,NaN,NaN,NaN,NaN,NaN
188408,4.74,0.31669999999999998,0.34,NaN,NaN,NaN,NaN,NaN,NaN,4.0302497381696717E-3,NaN,NaN,NaN,NaN,NaN,NaN
188409,4.59,0.315,0.33250000000000002,NaN,NaN,NaN,NaN,NaN,NaN,3.6981810208053432E-3,NaN,NaN,NaN,NaN,NaN,NaN
188410,4.4400000000000004,0.31330000000000002,0.32500000000000001,NaN,NaN,NaN,NaN,NaN,NaN,3.6981810208053432E-3,NaN,NaN,NaN,NaN,NaN,NaN
188411,4.3499999999999996,0.31169999999999998,0.3175,NaN,NaN,NaN,NaN,NaN,NaN,3.6981810208053432E-3,NaN,NaN,NaN,NaN,NaN,NaN
188412,4.34,0.31,0.31,NaN,NaN,NaN,NaN,NaN,NaN,3.4694225710654725E-3,NaN,NaN,NaN,NaN,NaN,NaN
188501,4.24,0.30420000000000003,0.30669999999999997,NaN,NaN,NaN,NaN,NaN,NaN,3.3292157792894229E-3,NaN,NaN,NaN,NaN,NaN,NaN
188502,4.37,0.29830000000000001,0.30330000000000001,NaN,NaN,NaN,NaN,NaN,NaN,3.1004573295495522E-3,NaN,NaN,NaN,1.5390211011499998E-3,NaN,NaN
188503,4.38,0.29249999999999998,0.3,NaN,NaN,NaN,NaN,NaN,NaN,2.9602505377735022E-3,NaN,NaN,NaN,1.54455831889E-3,NaN,NaN
188504,4.37,0.28670000000000001,0.29670000000000002,NaN,NaN,NaN,NaN,NaN,NaN,2.9381126232825468E-3,NaN,NaN,NaN,1.7984027286599997E-3,NaN,NaN
188505,4.32,0.28079999999999999,0.29330000000000001,NaN,NaN,NaN,NaN,NaN,NaN,2.5691473817666269E-3,NaN,NaN,NaN,1.8053801538400001E-3,NaN,NaN
188506,4.3,0.27500000000000002,0.28999999999999998,NaN,NaN,NaN,NaN,NaN,NaN,2.355147541687393E-3,NaN,NaN,NaN,1.0968395266900001E-3,NaN,NaN
188507,4.46,0.26919999999999999,0.28670000000000001,NaN,NaN,NaN,NaN,NaN,NaN,2.2592165788932537E-3,NaN,NaN,NaN,2.9360527740099999E-3,NaN,NaN
188508,4.71,0.26329999999999998,0.2833,NaN,NaN,NaN,NaN,NaN,NaN,2.222320054741662E-3,NaN,NaN,NaN,2.4502346797700002E-3,NaN,NaN
188509,4.6500000000000004,0.25750000000000001,0.28000000000000003,NaN,NaN,NaN,NaN,NaN,NaN,2.355147541687393E-3,NaN,NaN,NaN,1.7322995852200004E-3,NaN,NaN
188510,4.92,0.25169999999999998,0.2767,NaN,NaN,NaN,NaN,NaN,NaN,2.4068026754996219E-3,NaN,NaN,NaN,2.9958515658999999E-3,NaN,NaN
188511,5.24,0.24579999999999999,0.27329999999999999,NaN,NaN,NaN,NaN,NaN,NaN,2.5912852962575819E-3,NaN,NaN,NaN,2.8138302875499997E-3,NaN,NaN
188512,5.2,0.24,0.27,NaN,NaN,NaN,NaN,NaN,NaN,2.9159747087915923E-3,NaN,NaN,NaN,3.0264325657900003E-3,NaN,NaN
188601,5.2,0.23830000000000001,0.27500000000000002,NaN,NaN,NaN,NaN,NaN,NaN,2.9602505377735022E-3,NaN,NaN,NaN,1.7293802337599998E-3,NaN,NaN
188602,5.3,0.23669999999999999,0.28000000000000003,NaN,NaN,NaN,NaN,NaN,NaN,2.8200437459974521E-3,NaN,NaN,NaN,1.5474234400399999E-3,NaN,NaN
188603,5.19,0.23499999999999999,0.28499999999999998,NaN,NaN,NaN,NaN,NaN,NaN,2.517492247954398E-3,NaN,NaN,NaN,1.8321070067100001E-3,NaN,NaN
188604,5.12,0.23330000000000001,0.28999999999999998,NaN,NaN,NaN,NaN,NaN,NaN,2.4953543334634426E-3,NaN,NaN,NaN,1.2226228835799996E-3,NaN,NaN
188605,5.0199999999999996,0.23169999999999999,0.29499999999999998,NaN,NaN,NaN,NaN,NaN,NaN,2.7757679170155422E-3,NaN,NaN,NaN,1.9091117560900001E-3,NaN,NaN
188606,5.25,0.23,0.3,NaN,NaN,NaN,NaN,NaN,NaN,2.6355611252394922E-3,NaN,NaN,NaN,1.2828001728399999E-3,NaN,NaN
188607,5.33,0.2283,0.30499999999999999,NaN,NaN,NaN,NaN,NaN,NaN,2.4805957238028063E-3,NaN,NaN,NaN,1.0352906996299999E-3,NaN,NaN
188608,5.37,0.22670000000000001,0.31,NaN,NaN,NaN,NaN,NaN,NaN,2.5470094672756715E-3,NaN,NaN,NaN,9.4963135783999997E-4,NaN,NaN
188609,5.51,0.22500000000000001,0.315,NaN,NaN,NaN,NaN,NaN,NaN,3.4694225710654725E-3,NaN,NaN,NaN,8.5194331895999988E-4,NaN,NaN
188610,5.65,0.2233,0.32,NaN,NaN,NaN,NaN,NaN,NaN,3.9269394705452139E-3,NaN,NaN,NaN,8.8996152848000009E-4,NaN,NaN
188611,5.79,0.22170000000000001,0.32500000000000001,NaN,NaN,NaN,NaN,NaN,NaN,4.1114220913031733E-3,NaN,NaN,NaN,3.9301338640999992E-4,NaN,NaN
188612,5.64,0.22,0.33,NaN,NaN,NaN,NaN,NaN,NaN,4.0081118236787163E-3,NaN,NaN,NaN,2.8153163558000001E-3,NaN,NaN
188701,5.58,0.2225,0.33250000000000002,NaN,NaN,NaN,NaN,NaN,NaN,4.0450083478303081E-3,NaN,NaN,NaN,1.8256316205E-3,NaN,NaN
188702,5.54,0.22500000000000001,0.33500000000000002,NaN,NaN,NaN,NaN,NaN,NaN,3.6981810208053432E-3,NaN,NaN,NaN,2.0424079653800003E-3,NaN,NaN
188703,5.67,0.22750000000000001,0.33750000000000002,NaN,NaN,NaN,NaN,NaN,NaN,3.1890089875133724E-3,NaN,NaN,NaN,6.2206862954999995E-4,NaN,NaN
188704,5.8,0.23,0.34,NaN,NaN,NaN,NaN,NaN,NaN,3.5874914483505667E-3,NaN,NaN,NaN,3.5313943921000006E-4,NaN,NaN
188705,5.9,0.23250000000000001,0.34250000000000003,NaN,NaN,NaN,NaN,NaN,NaN,3.6096293628415221E-3,NaN,NaN,NaN,3.8575574653000003E-4,NaN,NaN
188706,5.73,0.23499999999999999,0.34499999999999997,NaN,NaN,NaN,NaN,NaN,NaN,3.4841811807261092E-3,NaN,NaN,NaN,1.4579602835700001E-3,NaN,NaN
188707,5.59,0.23749999999999999,0.34749999999999998,NaN,NaN,NaN,NaN,NaN,NaN,3.4251467420835617E-3,NaN,NaN,NaN,1.7047236472700004E-3,NaN,NaN
188708,5.45,0.24,0.35,NaN,NaN,NaN,NaN,NaN,NaN,4.2073530540973139E-3,NaN,NaN,NaN,2.3355684540300003E-3,NaN,NaN
188709,5.38,0.24249999999999999,0.35249999999999998,NaN,NaN,NaN,NaN,NaN,NaN,4.3254219313824073E-3,NaN,NaN,NaN,1.9951612014599998E-3,NaN,NaN
188710,5.2,0.245,0.35499999999999998,NaN,NaN,NaN,NaN,NaN,NaN,4.7608009163711941E-3,NaN,NaN,NaN,2.9552460153199995E-3,NaN,NaN
188711,5.3,0.2475,0.35749999999999998,NaN,NaN,NaN,NaN,NaN,NaN,4.3475598458733626E-3,NaN,NaN,NaN,1.6079857759500001E-3,NaN,NaN
188712,5.27,0.25,0.36,NaN,NaN,NaN,NaN,NaN,NaN,3.8826636415633035E-3,NaN,NaN,NaN,1.0128110458200001E-3,NaN,NaN
188801,5.31,0.24829999999999999,0.35170000000000001,NaN,NaN,NaN,NaN,NaN,NaN,4.0671462623212635E-3,NaN,NaN,NaN,5.8191922045999994E-4,NaN,NaN
188802,5.28,0.2467,0.34329999999999999,NaN,NaN,NaN,NaN,NaN,NaN,3.771974069108527E-3,NaN,NaN,NaN,4.4391742001999995E-4,NaN,NaN
188803,5.08,0.245,0.33500000000000002,NaN,NaN,NaN,NaN,NaN,NaN,3.2185262068346464E-3,NaN,NaN,NaN,1.32949988865E-3,NaN,NaN
188804,5.0999999999999996,0.24329999999999999,0.32669999999999999,NaN,NaN,NaN,NaN,NaN,NaN,3.491560485556427E-3,NaN,NaN,NaN,1.4588102727700002E-3,NaN,NaN
188805,5.17,0.2417,0.31830000000000003,NaN,NaN,NaN,NaN,NaN,NaN,3.6243879725021597E-3,NaN,NaN,NaN,1.0815977640899999E-3,NaN,NaN
188806,5.01,0.24,0.31,NaN,NaN,NaN,NaN,NaN,NaN,3.1963882923436919E-3,NaN,NaN,NaN,7.6976904774999993E-4,NaN,NaN
188807,5.14,0.23830000000000001,0.30170000000000002,NaN,NaN,NaN,NaN,NaN,NaN,2.7757679170155422E-3,NaN,NaN,NaN,1.9251105284199999E-3,NaN,NaN
188808,5.25,0.23669999999999999,0.29330000000000001,NaN,NaN,NaN,NaN,NaN,NaN,2.650319734900129E-3,NaN,NaN,NaN,8.9846563829999997E-4,NaN,NaN
188809,5.38,0.23499999999999999,0.28499999999999998,NaN,NaN,NaN,NaN,NaN,NaN,2.8569402701490451E-3,NaN,NaN,NaN,1.2635537901900002E-3,NaN,NaN
188810,5.35,0.23330000000000001,0.2767,NaN,NaN,NaN,NaN,NaN,NaN,3.5358363145383378E-3,NaN,NaN,NaN,7.0849456871000004E-4,NaN,NaN
188811,5.24,0.23169999999999999,0.26829999999999998,NaN,NaN,NaN,NaN,NaN,NaN,3.3808709131016514E-3,NaN,NaN,NaN,9.3632291355000004E-4,NaN,NaN
188812,5.14,0.23,0.26,NaN,NaN,NaN,NaN,NaN,NaN,3.1447331585314625E-3,NaN,NaN,NaN,1.4531408948100003E-3,NaN,NaN
188901,5.24,0.22919999999999999,0.26329999999999998,NaN,NaN,NaN,NaN,NaN,NaN,3.3070778647984675E-3,NaN,NaN,NaN,4.6829985238999998E-4,NaN,NaN
188902,5.3,0.2283,0.26669999999999999,NaN,NaN,NaN,NaN,NaN,NaN,3.0709401102282791E-3,NaN,NaN,NaN,3.9789155199000003E-4,NaN,NaN
188903,5.19,0.22750000000000001,0.27,NaN,NaN,NaN,NaN,NaN,NaN,2.7757679170155422E-3,NaN,NaN,NaN,8.3284901693000003E-4,NaN,NaN
188904,5.18,0.22670000000000001,0.27329999999999999,NaN,NaN,NaN,NaN,NaN,NaN,2.9602505377735022E-3,NaN,NaN,NaN,4.2655150621999995E-4,NaN,NaN
188905,5.32,0.2258,0.2767,NaN,NaN,NaN,NaN,NaN,NaN,2.8052851363368158E-3,NaN,NaN,NaN,3.5649112656999999E-4,NaN,NaN
188906,5.41,0.22500000000000001,0.28000000000000003,NaN,NaN,NaN,NaN,NaN,NaN,2.4805957238028063E-3,NaN,NaN,NaN,2.4672067651999998E-4,NaN,NaN
188907,5.3,0.22420000000000001,0.2833,NaN,NaN,NaN,NaN,NaN,NaN,2.5027336382937612E-3,NaN,NaN,NaN,7.9615974111000025E-4,NaN,NaN
188908,5.37,0.2233,0.28670000000000001,NaN,NaN,NaN,NaN,NaN,NaN,2.8864574894703183E-3,NaN,NaN,NaN,5.3559289952999985E-4,NaN,NaN
188909,5.5,0.2225,0.28999999999999998,NaN,NaN,NaN,NaN,NaN,NaN,3.4472846565745171E-3,NaN,NaN,NaN,4.3711401509999998E-4,NaN,NaN
188910,5.4,0.22170000000000001,0.29330000000000001,NaN,NaN,NaN,NaN,NaN,NaN,3.5358363145383378E-3,NaN,NaN,NaN,8.2174093336000002E-4,NaN,NaN
188911,5.35,0.2208,0.29670000000000002,NaN,NaN,NaN,NaN,NaN,NaN,4.0671462623212635E-3,NaN,NaN,NaN,8.2815861495999987E-4,NaN,NaN
188912,5.32,0.22,0.3,NaN,NaN,NaN,NaN,NaN,NaN,4.0671462623212635E-3,NaN,NaN,NaN,7.2646759042999999E-4,NaN,NaN
189001,5.38,0.22,0.29920000000000002,NaN,NaN,NaN,NaN,NaN,NaN,4.1335600057941287E-3,NaN,NaN,NaN,3.1253112735999999E-4,NaN,NaN
189002,5.32,0.22,0.29830000000000001,NaN,NaN,NaN,NaN,NaN,NaN,3.5874914483505667E-3,NaN,NaN,NaN,2.3740718781999995E-4,NaN,NaN
189003,5.28,0.22,0.29749999999999999,NaN,NaN,NaN,NaN,NaN,NaN,3.3513536937803783E-3,NaN,NaN,NaN,2.7285767455999997E-4,NaN,NaN
189004,5.39,0.22,0.29670000000000002,NaN,NaN,NaN,NaN,NaN,NaN,3.6981810208053432E-3,NaN,NaN,NaN,4.1254761549000004E-4,NaN,NaN
189005,5.62,0.22,0.29580000000000001,NaN,NaN,NaN,NaN,NaN,NaN,3.4103881324229258E-3,NaN,NaN,NaN,7.4820204711000004E-4,NaN,NaN
189006,5.58,0.22,0.29499999999999998,NaN,NaN,NaN,NaN,NaN,NaN,3.3734916082713328E-3,NaN,NaN,NaN,8.752802386799999E-4,NaN,NaN
189007,5.54,0.22,0.29420000000000002,NaN,NaN,NaN,NaN,NaN,NaN,3.3292157792894229E-3,NaN,NaN,NaN,4.3609680860000002E-4,NaN,NaN
189008,5.41,0.22,0.29330000000000001,NaN,NaN,NaN,NaN,NaN,NaN,3.366112303441015E-3,NaN,NaN,NaN,1.9591990101100001E-3,NaN,NaN
189009,5.32,0.22,0.29249999999999998,NaN,NaN,NaN,NaN,NaN,NaN,3.7645947642782084E-3,NaN,NaN,NaN,1.02159000374E-3,NaN,NaN
189010,5.08,0.22,0.29170000000000001,NaN,NaN,NaN,NaN,NaN,NaN,3.8826636415633035E-3,NaN,NaN,NaN,1.8990477396500004E-3,NaN,NaN
189011,4.71,0.22,0.2908,NaN,NaN,NaN,NaN,NaN,NaN,3.99335321401808E-3,NaN,NaN,NaN,8.5015896233200001E-3,NaN,NaN
189012,4.5999999999999996,0.22,0.28999999999999998,NaN,NaN,NaN,NaN,NaN,NaN,4.6205941245951437E-3,NaN,NaN,NaN,5.9447097853200003E-3,NaN,NaN
189101,4.84,0.22,0.29420000000000002,NaN,NaN,NaN,NaN,NaN,NaN,5.0485938047536115E-3,NaN,NaN,NaN,1.6956909908800001E-3,NaN,NaN
189102,4.9000000000000004,0.22,0.29830000000000001,NaN,NaN,NaN,NaN,NaN,NaN,3.9416980802058502E-3,NaN,NaN,NaN,8.0549416817999968E-4,NaN,NaN
189103,4.8099999999999996,0.22,0.30249999999999999,NaN,NaN,NaN,NaN,NaN,NaN,3.3292157792894229E-3,NaN,NaN,NaN,1.0066134610700001E-3,NaN,NaN
189104,4.97,0.22,0.30669999999999997,NaN,NaN,NaN,NaN,NaN,NaN,3.5136984000473824E-3,NaN,NaN,NaN,1.35693891499E-3,NaN,NaN
189105,4.95,0.22,0.31080000000000002,NaN,NaN,NaN,NaN,NaN,NaN,3.3882502179319704E-3,NaN,NaN,NaN,1.9748725754999996E-3,NaN,NaN
189106,4.8499999999999996,0.22,0.315,NaN,NaN,NaN,NaN,NaN,NaN,3.6096293628415221E-3,NaN,NaN,NaN,9.9157056343999995E-4,NaN,NaN
189107,4.7699999999999996,0.22,0.31919999999999998,NaN,NaN,NaN,NaN,NaN,NaN,3.6981810208053432E-3,NaN,NaN,NaN,7.8497700986000015E-4,NaN,NaN
189108,4.93,0.22,0.32329999999999998,NaN,NaN,NaN,NaN,NaN,NaN,3.771974069108527E-3,NaN,NaN,NaN,1.7710528431600001E-3,NaN,NaN
189109,5.33,0.22,0.32750000000000001,NaN,NaN,NaN,NaN,NaN,NaN,3.8826636415633035E-3,NaN,NaN,NaN,2.1104052649299999E-3,NaN,NaN
189110,5.33,0.22,0.33169999999999999,NaN,NaN,NaN,NaN,NaN,NaN,3.9048015560542589E-3,NaN,NaN,NaN,1.6616208021099999E-3,NaN,NaN
189111,5.25,0.22,0.33579999999999999,NaN,NaN,NaN,NaN,NaN,NaN,3.7572154594478907E-3,NaN,NaN,NaN,1.4091129198699997E-3,NaN,NaN
189112,5.41,0.22,0.34,NaN,NaN,NaN,NaN,NaN,NaN,3.3734916082713328E-3,NaN,NaN,NaN,5.5518218627999998E-4,NaN,NaN
189201,5.51,0.22170000000000001,0.34250000000000003,NaN,NaN,NaN,NaN,NaN,NaN,3.2037675971740096E-3,NaN,NaN,NaN,1.5107813068E-3,NaN,NaN
189202,5.52,0.2233,0.34499999999999997,NaN,NaN,NaN,NaN,NaN,NaN,2.7093541735426765E-3,NaN,NaN,NaN,1.3500143837099998E-3,NaN,NaN
189203,5.58,0.22500000000000001,0.34749999999999998,NaN,NaN,NaN,NaN,NaN,NaN,2.3625268465177116E-3,NaN,NaN,NaN,1.0302215641900001E-3,NaN,NaN
189204,5.57,0.22670000000000001,0.35,NaN,NaN,NaN,NaN,NaN,NaN,2.5765266865969455E-3,NaN,NaN,NaN,7.0600765534999999E-4,NaN,NaN
189205,5.57,0.2283,0.35249999999999998,NaN,NaN,NaN,NaN,NaN,NaN,2.2001821402507066E-3,NaN,NaN,NaN,7.1005264923000003E-4,NaN,NaN
189206,5.54,0.23,0.35499999999999998,NaN,NaN,NaN,NaN,NaN,NaN,1.9714236905108359E-3,NaN,NaN,NaN,7.0114369790000004E-4,NaN,NaN
189207,5.54,0.23169999999999999,0.35749999999999998,NaN,NaN,NaN,NaN,NaN,NaN,1.8164582890741496E-3,NaN,NaN,NaN,8.2788461763000007E-4,NaN,NaN
189208,5.62,0.23330000000000001,0.36,NaN,NaN,NaN,NaN,NaN,NaN,2.2001821402507066E-3,NaN,NaN,NaN,9.3153473380000007E-4,NaN,NaN
189209,5.48,0.23499999999999999,0.36249999999999999,NaN,NaN,NaN,NaN,NaN,NaN,2.5617680769363083E-3,NaN,NaN,NaN,1.02379904271E-3,NaN,NaN
189210,5.59,0.23669999999999999,0.36499999999999999,NaN,NaN,NaN,NaN,NaN,NaN,3.115215939210189E-3,NaN,NaN,NaN,3.5982150817000003E-4,NaN,NaN
189211,5.57,0.23830000000000001,0.36749999999999999,NaN,NaN,NaN,NaN,NaN,NaN,3.4472846565745171E-3,NaN,NaN,NaN,7.783807987400001E-4,NaN,NaN
189212,5.51,0.24,0.37,NaN,NaN,NaN,NaN,NaN,NaN,3.4325260469138803E-3,NaN,NaN,NaN,9.5651779940000023E-4,NaN,NaN
189301,5.61,0.24079999999999999,0.36080000000000001,NaN,NaN,NaN,NaN,NaN,NaN,3.6981810208053432E-3,NaN,NaN,NaN,9.0231873421999995E-4,NaN,NaN
189302,5.51,0.2417,0.35170000000000001,NaN,NaN,NaN,NaN,NaN,NaN,3.4030088275926063E-3,NaN,NaN,NaN,1.7157775737399997E-3,NaN,NaN
189303,5.31,0.24249999999999999,0.34250000000000003,NaN,NaN,NaN,NaN,NaN,NaN,3.3070778647984675E-3,NaN,NaN,NaN,1.2405728899900002E-3,NaN,NaN
189304,5.31,0.24329999999999999,0.33329999999999999,NaN,NaN,NaN,NaN,NaN,NaN,4.6574906487467363E-3,NaN,NaN,NaN,1.6310348374E-3,NaN,NaN
189305,4.84,0.2442,0.32419999999999999,NaN,NaN,NaN,NaN,NaN,NaN,3.8826636415633035E-3,NaN,NaN,NaN,6.0655018024200003E-3,NaN,NaN
189306,4.6100000000000003,0.245,0.315,NaN,NaN,NaN,NaN,NaN,NaN,4.5763182956132338E-3,NaN,NaN,NaN,2.9707873066799999E-3,NaN,NaN
189307,4.18,0.24579999999999999,0.30580000000000002,NaN,NaN,NaN,NaN,NaN,NaN,5.8898345554099099E-3,NaN,NaN,NaN,1.7438716553730003E-2,NaN,NaN
189308,4.08,0.2467,0.29670000000000002,NaN,NaN,NaN,NaN,NaN,NaN,7.6682470195166465E-3,NaN,NaN,NaN,9.6775585946200036E-3,NaN,NaN
189309,4.37,0.2475,0.28749999999999998,NaN,NaN,NaN,NaN,NaN,NaN,7.4616264842677299E-3,NaN,NaN,NaN,4.4530379823599997E-3,NaN,NaN
189310,4.5,0.24829999999999999,0.27829999999999999,NaN,NaN,NaN,NaN,NaN,NaN,5.7496277636338603E-3,NaN,NaN,NaN,4.5942153743500002E-3,NaN,NaN
189311,4.57,0.2492,0.26919999999999999,NaN,NaN,NaN,NaN,NaN,NaN,4.0007325188483982E-3,NaN,NaN,NaN,2.2244476630900001E-3,NaN,NaN
189312,4.41,0.25,0.26,NaN,NaN,NaN,NaN,NaN,NaN,2.8716988798096815E-3,NaN,NaN,NaN,1.6704210653700001E-3,NaN,NaN
189401,4.32,0.2467,0.25169999999999998,NaN,NaN,NaN,NaN,NaN,NaN,2.3403889320267562E-3,NaN,NaN,NaN,3.06115464023E-3,NaN,NaN
189402,4.38,0.24329999999999999,0.24329999999999999,NaN,NaN,NaN,NaN,NaN,NaN,2.2075614450810248E-3,NaN,NaN,NaN,4.6876292897999992E-4,NaN,NaN
189403,4.51,0.24,0.23499999999999999,NaN,NaN,NaN,NaN,NaN,NaN,2.0747339581352934E-3,NaN,NaN,NaN,1.1852547163700002E-3,NaN,NaN
189404,4.57,0.23669999999999999,0.22670000000000001,NaN,NaN,NaN,NaN,NaN,NaN,1.8754927277166962E-3,NaN,NaN,NaN,7.0726817663999977E-4,NaN,NaN
189405,4.4000000000000004,0.23330000000000001,0.21829999999999999,NaN,NaN,NaN,NaN,NaN,NaN,1.9271478615289254E-3,NaN,NaN,NaN,1.6138179001000002E-3,NaN,NaN
189406,4.34,0.23,0.21,NaN,NaN,NaN,NaN,NaN,NaN,1.8016996794135124E-3,NaN,NaN,NaN,1.0679601930600002E-3,NaN,NaN
189407,4.25,0.22670000000000001,0.20169999999999999,NaN,NaN,NaN,NaN,NaN,NaN,1.7869410697528758E-3,NaN,NaN,NaN,6.0236038709999998E-4,NaN,NaN
189408,4.41,0.2233,0.1933,NaN,NaN,NaN,NaN,NaN,NaN,1.8533548132257413E-3,NaN,NaN,NaN,2.45405041055E-3,NaN,NaN
189409,4.4800000000000004,0.22,0.185,NaN,NaN,NaN,NaN,NaN,NaN,1.90500994703797E-3,NaN,NaN,NaN,1.1129513181900002E-3,NaN,NaN
189410,4.34,0.2167,0.1767,NaN,NaN,NaN,NaN,NaN,NaN,2.0599753484746566E-3,NaN,NaN,NaN,1.2013283346999999E-3,NaN,NaN
189411,4.34,0.21329999999999999,0.16830000000000001,NaN,NaN,NaN,NaN,NaN,NaN,1.6762514972980995E-3,NaN,NaN,NaN,1.9034742784299996E-3,NaN,NaN
189412,4.3,0.21,0.16,NaN,NaN,NaN,NaN,NaN,NaN,1.6983894117890549E-3,NaN,NaN,NaN,1.3603550609700003E-3,NaN,NaN
189501,4.25,0.20830000000000001,0.16750000000000001,NaN,NaN,NaN,NaN,NaN,NaN,1.7648031552619204E-3,NaN,NaN,NaN,9.261423531399998E-4,NaN,NaN
189502,4.1900000000000004,0.20669999999999999,0.17499999999999999,NaN,NaN,NaN,NaN,NaN,NaN,1.9271478615289254E-3,NaN,NaN,NaN,8.9989984001000015E-4,NaN,NaN
189503,4.1900000000000004,0.20499999999999999,0.1825,NaN,NaN,NaN,NaN,NaN,NaN,2.3108717127054827E-3,NaN,NaN,NaN,1.6711344353499999E-3,NaN,NaN
189504,4.37,0.20330000000000001,0.19,NaN,NaN,NaN,NaN,NaN,NaN,2.5248715527847166E-3,NaN,NaN,NaN,8.8474994322999985E-4,NaN,NaN
189505,4.6100000000000003,0.20169999999999999,0.19750000000000001,NaN,NaN,NaN,NaN,NaN,NaN,2.5691473817666269E-3,NaN,NaN,NaN,3.01111228207E-3,NaN,NaN
189506,4.7,0.2,0.20499999999999999,NaN,NaN,NaN,NaN,NaN,NaN,1.6836308021284177E-3,NaN,NaN,NaN,9.1371861263999992E-4,NaN,NaN
189507,4.72,0.1983,0.21249999999999999,NaN,NaN,NaN,NaN,NaN,NaN,1.5729412296736419E-3,NaN,NaN,NaN,8.3800140366999988E-4,NaN,NaN
189508,4.79,0.19670000000000001,0.22,NaN,NaN,NaN,NaN,NaN,NaN,1.8090789842438307E-3,NaN,NaN,NaN,5.8099419715999996E-4,NaN,NaN
189509,4.82,0.19500000000000001,0.22750000000000001,NaN,NaN,NaN,NaN,NaN,NaN,2.2001821402507066E-3,NaN,NaN,NaN,2.0191395568599996E-3,NaN,NaN
189510,4.75,0.1933,0.23499999999999999,NaN,NaN,NaN,NaN,NaN,NaN,2.6134232107485372E-3,NaN,NaN,NaN,9.0026137977999995E-4,NaN,NaN
189511,4.59,0.19170000000000001,0.24249999999999999,NaN,NaN,NaN,NaN,NaN,NaN,3.1668710730224179E-3,NaN,NaN,NaN,1.5394193937999998E-3,NaN,NaN
189512,4.32,0.19,0.25,NaN,NaN,NaN,NaN,NaN,NaN,2.6872162590517211E-3,NaN,NaN,NaN,1.4505132333170001E-2,NaN,NaN
189601,4.2699999999999996,0.18920000000000001,0.2467,NaN,NaN,NaN,NaN,NaN,NaN,3.1447331585314625E-3,NaN,NaN,NaN,3.4854131703400005E-3,NaN,NaN
189602,4.45,0.1883,0.24329999999999999,NaN,NaN,NaN,NaN,NaN,NaN,4.0671462623212635E-3,NaN,NaN,NaN,1.7888724857999998E-3,NaN,NaN
189603,4.38,0.1875,0.24,NaN,NaN,NaN,NaN,NaN,NaN,3.9269394705452139E-3,NaN,NaN,NaN,1.45664339319E-3,NaN,NaN
189604,4.42,0.1867,0.23669999999999999,NaN,NaN,NaN,NaN,NaN,NaN,3.491560485556427E-3,NaN,NaN,NaN,6.5320044587000004E-4,NaN,NaN
189605,4.4000000000000004,0.18579999999999999,0.23330000000000001,NaN,NaN,NaN,NaN,NaN,NaN,3.5284570097080191E-3,NaN,NaN,NaN,1.0398273912300001E-3,NaN,NaN
189606,4.32,0.185,0.23,NaN,NaN,NaN,NaN,NaN,NaN,2.982388452264458E-3,NaN,NaN,NaN,4.3587504613700001E-3,NaN,NaN
189607,4.04,0.1842,0.22670000000000001,NaN,NaN,NaN,NaN,NaN,NaN,2.7757679170155422E-3,NaN,NaN,NaN,7.68569378864E-3,NaN,NaN
189608,3.81,0.18329999999999999,0.2233,NaN,NaN,NaN,NaN,NaN,NaN,3.366112303441015E-3,NaN,NaN,NaN,7.9656372720799985E-3,NaN,NaN
189609,4.01,0.1825,0.22,NaN,NaN,NaN,NaN,NaN,NaN,5.402800436608895E-3,NaN,NaN,NaN,4.3088770294899999E-3,NaN,NaN
189610,4.0999999999999996,0.1817,0.2167,NaN,NaN,NaN,NaN,NaN,NaN,5.7643863732944976E-3,NaN,NaN,NaN,4.5148133468899997E-3,NaN,NaN
189611,4.38,0.18079999999999999,0.21329999999999999,NaN,NaN,NaN,NaN,NaN,NaN,5.8086622022764066E-3,NaN,NaN,NaN,4.2137166294300005E-3,NaN,NaN
189612,4.22,0.18,0.21,NaN,NaN,NaN,NaN,NaN,NaN,3.5801121435202489E-3,NaN,NaN,NaN,4.9617890941900016E-3,NaN,NaN
189701,4.22,0.18,0.21829999999999999,NaN,NaN,NaN,NaN,NaN,NaN,2.3920440658389847E-3,NaN,NaN,NaN,1.4186861679999999E-3,NaN,NaN
189702,4.18,0.18,0.22670000000000001,NaN,NaN,NaN,NaN,NaN,NaN,2.082113262965612E-3,NaN,NaN,NaN,1.0347079022399999E-3,NaN,NaN
189703,4.1900000000000004,0.18,0.23499999999999999,NaN,NaN,NaN,NaN,NaN,NaN,1.8533548132257413E-3,NaN,NaN,NaN,1.9187940886100001E-3,NaN,NaN
189704,4.0599999999999996,0.18,0.24329999999999999,NaN,NaN,NaN,NaN,NaN,NaN,2.0968718726262488E-3,NaN,NaN,NaN,2.0920643889600003E-3,NaN,NaN
189705,4.08,0.18,0.25169999999999998,NaN,NaN,NaN,NaN,NaN,NaN,2.244457969232617E-3,NaN,NaN,NaN,1.0858079705800001E-3,NaN,NaN
189706,4.2699999999999996,0.18,0.26,NaN,NaN,NaN,NaN,NaN,NaN,2.244457969232617E-3,NaN,NaN,NaN,1.16497594726E-3,NaN,NaN
189707,4.46,0.18,0.26829999999999998,NaN,NaN,NaN,NaN,NaN,NaN,1.9419064711895622E-3,NaN,NaN,NaN,9.9829650323000007E-4,NaN,NaN
189708,4.75,0.18,0.2767,NaN,NaN,NaN,NaN,NaN,NaN,2.1485270064384777E-3,NaN,NaN,NaN,2.0235290435900001E-3,NaN,NaN
189709,4.9800000000000004,0.18,0.28499999999999998,NaN,NaN,NaN,NaN,NaN,NaN,2.384664761008667E-3,NaN,NaN,NaN,3.1743871818300006E-3,NaN,NaN
189710,4.82,0.18,0.29330000000000001,NaN,NaN,NaN,NaN,NaN,NaN,2.6650783445607657E-3,NaN,NaN,NaN,3.4575288158699997E-3,NaN,NaN
189711,4.6500000000000004,0.18,0.30170000000000002,NaN,NaN,NaN,NaN,NaN,NaN,2.7314920880336319E-3,NaN,NaN,NaN,3.1859507793299997E-3,NaN,NaN
189712,4.75,0.18,0.31,NaN,NaN,NaN,NaN,NaN,NaN,2.1337683967778405E-3,NaN,NaN,NaN,1.1967886542E-3,NaN,NaN
189801,4.88,0.1817,0.31330000000000002,NaN,NaN,NaN,NaN,NaN,NaN,2.1632856160991145E-3,NaN,NaN,NaN,2.0065062407999996E-3,NaN,NaN
189802,4.87,0.18329999999999999,0.31669999999999998,NaN,NaN,NaN,NaN,NaN,NaN,2.0378374339837012E-3,NaN,NaN,NaN,2.8627302331999996E-3,NaN,NaN
189803,4.6500000000000004,0.185,0.32,NaN,NaN,NaN,NaN,NaN,NaN,1.9419064711895622E-3,NaN,NaN,NaN,1.09767556163E-2,NaN,NaN
189804,4.57,0.1867,0.32329999999999998,NaN,NaN,NaN,NaN,NaN,NaN,3.0709401102282791E-3,NaN,NaN,NaN,4.3488034651900003E-3,NaN,NaN
189805,4.87,0.1883,0.32669999999999999,NaN,NaN,NaN,NaN,NaN,NaN,3.8826636415633035E-3,NaN,NaN,NaN,4.6970237525099986E-3,NaN,NaN
189806,5.0599999999999996,0.19,0.33,NaN,NaN,NaN,NaN,NaN,NaN,3.0709401102282791E-3,NaN,NaN,NaN,1.2237441496299997E-3,NaN,NaN
189807,5.08,0.19170000000000001,0.33329999999999999,NaN,NaN,NaN,NaN,NaN,NaN,2.0304581291533835E-3,NaN,NaN,NaN,8.5202889831000007E-4,NaN,NaN
189808,5.27,0.1933,0.3367,NaN,NaN,NaN,NaN,NaN,NaN,2.3403889320267562E-3,NaN,NaN,NaN,1.3010349424900001E-3,NaN,NaN
189809,5.26,0.19500000000000001,0.34,NaN,NaN,NaN,NaN,NaN,NaN,2.3256303223661194E-3,NaN,NaN,NaN,1.4933782417000001E-3,NaN,NaN
189810,5.15,0.19670000000000001,0.34329999999999999,NaN,NaN,NaN,NaN,NaN,NaN,2.6724576493910844E-3,NaN,NaN,NaN,1.0858962639800002E-3,NaN,NaN
189811,5.32,0.1983,0.34670000000000001,NaN,NaN,NaN,NaN,NaN,NaN,2.1559063112687959E-3,NaN,NaN,NaN,7.4602384709999991E-4,NaN,NaN
189812,5.65,0.2,0.35,NaN,NaN,NaN,NaN,NaN,NaN,2.0747339581352934E-3,NaN,NaN,NaN,8.3048220603999996E-4,NaN,NaN
189901,6.08,0.20080000000000001,0.36080000000000001,NaN,NaN,NaN,NaN,NaN,NaN,1.8754927277166962E-3,NaN,NaN,NaN,1.7113599129200002E-3,NaN,NaN
189902,6.31,0.20169999999999999,0.37169999999999997,NaN,NaN,NaN,NaN,NaN,NaN,1.779561764922557E-3,NaN,NaN,NaN,8.9452591392999989E-4,NaN,NaN
189903,6.4,0.20250000000000001,0.38250000000000001,NaN,NaN,NaN,NaN,NaN,NaN,1.8902513373773332E-3,NaN,NaN,NaN,1.29131018011E-3,NaN,NaN
189904,6.48,0.20330000000000001,0.39329999999999998,NaN,NaN,NaN,NaN,NaN,NaN,2.487975028633124E-3,NaN,NaN,NaN,1.2558573274300002E-3,NaN,NaN
189905,6.21,0.20419999999999999,0.4042,NaN,NaN,NaN,NaN,NaN,NaN,2.3625268465177116E-3,NaN,NaN,NaN,5.0315494948699998E-3,NaN,NaN
189906,6.07,0.20499999999999999,0.41499999999999998,NaN,NaN,NaN,NaN,NaN,NaN,2.2961131030448455E-3,NaN,NaN,NaN,1.5474261674999999E-3,NaN,NaN
189907,6.28,0.20580000000000001,0.42580000000000001,NaN,NaN,NaN,NaN,NaN,NaN,2.082113262965612E-3,NaN,NaN,NaN,8.6712366107000031E-4,NaN,NaN
189908,6.44,0.20669999999999999,0.43669999999999998,NaN,NaN,NaN,NaN,NaN,NaN,2.3403889320267562E-3,NaN,NaN,NaN,5.065934002900001E-4,NaN,NaN
189909,6.37,0.20749999999999999,0.44750000000000001,NaN,NaN,NaN,NaN,NaN,NaN,2.8495609653187261E-3,NaN,NaN,NaN,1.9000421185799998E-3,NaN,NaN
189910,6.34,0.20830000000000001,0.45829999999999999,NaN,NaN,NaN,NaN,NaN,NaN,3.2849399503075125E-3,NaN,NaN,NaN,1.2869480558600002E-3,NaN,NaN
189911,6.46,0.2092,0.46920000000000001,NaN,NaN,NaN,NaN,NaN,NaN,3.4694225710654725E-3,NaN,NaN,NaN,9.1893481556000001E-4,NaN,NaN
189912,6.02,0.21,0.48,NaN,NaN,NaN,NaN,NaN,NaN,3.6391465821627956E-3,NaN,NaN,NaN,9.8848708534999986E-3,NaN,NaN
190001,6.1,0.2175,0.48,NaN,NaN,NaN,NaN,NaN,NaN,3.9785946043574419E-3,NaN,NaN,NaN,2.4324623746399998E-3,NaN,NaN
190002,6.21,0.22500000000000001,0.48,NaN,NaN,NaN,NaN,NaN,NaN,3.2775606454771939E-3,NaN,NaN,NaN,8.3804069584000006E-4,NaN,NaN
190003,6.26,0.23250000000000001,0.48,NaN,NaN,NaN,NaN,NaN,NaN,2.8864574894703183E-3,NaN,NaN,NaN,1.2217033085299999E-3,NaN,NaN
190004,6.34,0.24,0.48,NaN,NaN,NaN,NaN,NaN,NaN,3.2406641213256018E-3,NaN,NaN,NaN,1.4254608784100005E-3,NaN,NaN
190005,6.04,0.2475,0.48,NaN,NaN,NaN,NaN,NaN,NaN,2.7757679170155422E-3,NaN,NaN,NaN,1.6912917175700003E-3,NaN,NaN
190006,5.86,0.255,0.48,NaN,NaN,NaN,NaN,NaN,NaN,2.3699061513480298E-3,NaN,NaN,NaN,1.5714950633200001E-3,NaN,NaN
190007,5.86,0.26250000000000001,0.48,NaN,NaN,NaN,NaN,NaN,NaN,2.355147541687393E-3,NaN,NaN,NaN,1.2871560902099999E-3,NaN,NaN
190008,5.94,0.27,0.48,NaN,NaN,NaN,NaN,NaN,NaN,2.6134232107485372E-3,NaN,NaN,NaN,3.0482126537000005E-4,NaN,NaN
190009,5.8,0.27750000000000002,0.48,NaN,NaN,NaN,NaN,NaN,NaN,2.7314920880336319E-3,NaN,NaN,NaN,1.44585376423E-3,NaN,NaN
190010,6.01,0.28499999999999998,0.48,NaN,NaN,NaN,NaN,NaN,NaN,2.8421816604884075E-3,NaN,NaN,NaN,1.2551926920699996E-3,NaN,NaN
190011,6.48,0.29249999999999998,0.48,NaN,NaN,NaN,NaN,NaN,NaN,3.366112303441015E-3,NaN,NaN,NaN,2.4582298407699993E-3,NaN,NaN
190012,6.87,0.3,0.48,NaN,NaN,NaN,NaN,NaN,NaN,2.8864574894703183E-3,NaN,NaN,NaN,1.2284067080299999E-3,NaN,NaN
190101,7.07,0.30170000000000002,0.48170000000000002,NaN,NaN,NaN,NaN,NaN,NaN,3.1447331585314625E-3,NaN,NaN,NaN,2.5292516632300002E-3,NaN,NaN
190102,7.25,0.30330000000000001,0.48330000000000001,NaN,NaN,NaN,NaN,NaN,NaN,2.6134232107485372E-3,NaN,NaN,NaN,9.4355734881000001E-4,NaN,NaN
190103,7.51,0.30499999999999999,0.48499999999999999,NaN,NaN,NaN,NaN,NaN,NaN,2.3625268465177116E-3,NaN,NaN,NaN,4.4761178193000002E-4,NaN,NaN
190104,8.14,0.30669999999999997,0.48670000000000002,NaN,NaN,NaN,NaN,NaN,NaN,2.4068026754996219E-3,NaN,NaN,NaN,1.80414523207E-3,NaN,NaN
190105,7.73,0.30830000000000002,0.48830000000000001,NaN,NaN,NaN,NaN,NaN,NaN,2.5691473817666269E-3,NaN,NaN,NaN,1.5129325125949999E-2,NaN,NaN
190106,8.5,0.31,0.49,NaN,NaN,NaN,NaN,NaN,NaN,2.5691473817666269E-3,NaN,NaN,NaN,1.1166339779400002E-3,NaN,NaN
190107,7.93,0.31169999999999998,0.49170000000000003,NaN,NaN,NaN,NaN,NaN,NaN,2.5470094672756715E-3,NaN,NaN,NaN,4.9890225959699983E-3,NaN,NaN
190108,8.0399999999999991,0.31330000000000002,0.49330000000000002,NaN,NaN,NaN,NaN,NaN,NaN,2.8126644411671344E-3,NaN,NaN,NaN,1.3683811936899999E-3,NaN,NaN
190109,8,0.315,0.495,NaN,NaN,NaN,NaN,NaN,NaN,2.9602505377735022E-3,NaN,NaN,NaN,5.9129992514199998E-3,NaN,NaN
190110,7.91,0.31669999999999998,0.49669999999999997,NaN,NaN,NaN,NaN,NaN,NaN,3.2849399503075125E-3,NaN,NaN,NaN,9.9983705020000014E-4,NaN,NaN
190111,8.08,0.31830000000000003,0.49830000000000002,NaN,NaN,NaN,NaN,NaN,NaN,3.0709401102282791E-3,NaN,NaN,NaN,8.2189612632999997E-4,NaN,NaN
190112,7.95,0.32,0.5,NaN,NaN,NaN,NaN,NaN,NaN,3.1225952440405071E-3,NaN,NaN,NaN,1.2303252240400003E-3,NaN,NaN
190201,8.1199999999999992,0.32079999999999997,0.51080000000000003,NaN,NaN,NaN,NaN,NaN,NaN,3.2849399503075125E-3,NaN,NaN,NaN,8.4182236003000005E-4,NaN,NaN
190202,8.19,0.32169999999999999,0.52170000000000005,NaN,NaN,NaN,NaN,NaN,NaN,2.9602505377735022E-3,NaN,NaN,NaN,5.0690323225E-4,NaN,NaN
190203,8.1999999999999993,0.32250000000000001,0.53249999999999997,NaN,NaN,NaN,NaN,NaN,NaN,2.5912852962575819E-3,NaN,NaN,NaN,3.5371375002999999E-4,NaN,NaN
190204,8.48,0.32329999999999998,0.54330000000000001,NaN,NaN,NaN,NaN,NaN,NaN,2.8421816604884075E-3,NaN,NaN,NaN,6.2107308081999998E-4,NaN,NaN
190205,8.4600000000000009,0.32419999999999999,0.55420000000000003,NaN,NaN,NaN,NaN,NaN,NaN,2.9454919281128658E-3,NaN,NaN,NaN,1.2370248515099999E-3,NaN,NaN
190206,8.41,0.32500000000000001,0.56499999999999995,NaN,NaN,NaN,NaN,NaN,NaN,2.982388452264458E-3,NaN,NaN,NaN,2.6097644546999998E-4,NaN,NaN
190207,8.6,0.32579999999999998,0.57579999999999998,NaN,NaN,NaN,NaN,NaN,NaN,2.9159747087915923E-3,NaN,NaN,NaN,3.6932292529999998E-4,NaN,NaN
190208,8.83,0.32669999999999999,0.5867,NaN,NaN,NaN,NaN,NaN,NaN,3.0488021957373237E-3,NaN,NaN,NaN,3.3637332765999994E-4,NaN,NaN
190209,8.85,0.32750000000000001,0.59750000000000003,NaN,NaN,NaN,NaN,NaN,NaN,3.2111469020043278E-3,NaN,NaN,NaN,3.3788785419899998E-3,NaN,NaN
190210,8.57,0.32829999999999998,0.60829999999999995,NaN,NaN,NaN,NaN,NaN,NaN,3.7793533739388461E-3,NaN,NaN,NaN,1.6801434301400003E-3,NaN,NaN
190211,8.24,0.32919999999999999,0.61919999999999997,NaN,NaN,NaN,NaN,NaN,NaN,4.0228704333393536E-3,NaN,NaN,NaN,2.1199081092500003E-3,NaN,NaN
190212,8.0500000000000007,0.33,0.63,NaN,NaN,NaN,NaN,NaN,NaN,3.8826636415633035E-3,NaN,NaN,NaN,1.6868876587499998E-3,NaN,NaN
190301,8.4600000000000009,0.33169999999999999,0.62170000000000003,NaN,NaN,NaN,NaN,NaN,NaN,4.0671462623212635E-3,NaN,NaN,NaN,6.7602789216000012E-4,NaN,NaN
190302,8.41,0.33329999999999999,0.61329999999999996,NaN,NaN,NaN,NaN,NaN,NaN,3.4177674372532435E-3,NaN,NaN,NaN,4.7244619847999991E-4,NaN,NaN
190303,8.08,0.33500000000000002,0.60499999999999998,NaN,NaN,NaN,NaN,NaN,NaN,3.2111469020043278E-3,NaN,NaN,NaN,1.7076352862499997E-3,NaN,NaN
190304,7.75,0.3367,0.59670000000000001,NaN,NaN,NaN,NaN,NaN,NaN,3.7793533739388461E-3,NaN,NaN,NaN,1.6186946951000001E-3,NaN,NaN
190305,7.6,0.33829999999999999,0.58830000000000005,NaN,NaN,NaN,NaN,NaN,NaN,3.491560485556427E-3,NaN,NaN,NaN,1.3952706652299999E-3,NaN,NaN
190306,7.18,0.34,0.57999999999999996,NaN,NaN,NaN,NaN,NaN,NaN,3.1447331585314625E-3,NaN,NaN,NaN,2.5605328882199988E-3,NaN,NaN
190307,6.85,0.3417,0.57169999999999999,NaN,NaN,NaN,NaN,NaN,NaN,3.3882502179319704E-3,NaN,NaN,NaN,2.5974588564100002E-3,NaN,NaN
190308,6.63,0.34329999999999999,0.56330000000000002,NaN,NaN,NaN,NaN,NaN,NaN,3.6539051918234328E-3,NaN,NaN,NaN,4.6120563661600006E-3,NaN,NaN
190309,6.47,0.34499999999999997,0.55500000000000005,NaN,NaN,NaN,NaN,NaN,NaN,4.0228704333393536E-3,NaN,NaN,NaN,2.9431976935199999E-3,NaN,NaN
190310,6.26,0.34670000000000001,0.54669999999999996,NaN,NaN,NaN,NaN,NaN,NaN,4.0671462623212635E-3,NaN,NaN,NaN,3.6398171592E-3,NaN,NaN
190311,6.28,0.3483,0.5383,NaN,NaN,NaN,NaN,NaN,NaN,3.9490773850361692E-3,NaN,NaN,NaN,1.2781230513499999E-3,NaN,NaN
190312,6.57,0.35,0.53,NaN,NaN,NaN,NaN,NaN,NaN,4.0450083478303081E-3,NaN,NaN,NaN,1.24432114833E-3,NaN,NaN
190401,6.68,0.34670000000000001,0.52669999999999995,NaN,NaN,NaN,NaN,NaN,NaN,3.9564566898664865E-3,NaN,NaN,NaN,1.7781549866799997E-3,NaN,NaN
190402,6.5,0.34329999999999999,0.52329999999999999,NaN,NaN,NaN,NaN,NaN,NaN,3.2406641213256018E-3,NaN,NaN,NaN,7.1103726430999997E-4,NaN,NaN
190403,6.48,0.34,0.52,NaN,NaN,NaN,NaN,NaN,NaN,3.1668710730224179E-3,NaN,NaN,NaN,1.4626396627299995E-3,NaN,NaN
190404,6.64,0.3367,0.51670000000000005,NaN,NaN,NaN,NaN,NaN,NaN,3.0930780247192336E-3,NaN,NaN,NaN,4.3687836406000006E-4,NaN,NaN
190405,6.5,0.33329999999999999,0.51329999999999998,NaN,NaN,NaN,NaN,NaN,NaN,2.6355611252394922E-3,NaN,NaN,NaN,3.4317244150000007E-4,NaN,NaN
190406,6.51,0.33,0.51,NaN,NaN,NaN,NaN,NaN,NaN,2.5322508576150348E-3,NaN,NaN,NaN,2.3818810262E-4,NaN,NaN
190407,6.78,0.32669999999999999,0.50670000000000004,NaN,NaN,NaN,NaN,NaN,NaN,2.3034924078751641E-3,NaN,NaN,NaN,9.0555547535000008E-4,NaN,NaN
190408,7.01,0.32329999999999998,0.50329999999999997,NaN,NaN,NaN,NaN,NaN,NaN,2.244457969232617E-3,NaN,NaN,NaN,4.8822878966999996E-4,NaN,NaN
190409,7.32,0.32,0.5,NaN,NaN,NaN,NaN,NaN,NaN,2.5027336382937612E-3,NaN,NaN,NaN,8.8124632826999986E-4,NaN,NaN
190410,7.75,0.31669999999999998,0.49669999999999997,NaN,NaN,NaN,NaN,NaN,NaN,2.8200437459974521E-3,NaN,NaN,NaN,1.2976369234699999E-3,NaN,NaN
190411,8.17,0.31330000000000002,0.49330000000000002,NaN,NaN,NaN,NaN,NaN,NaN,2.8864574894703183E-3,NaN,NaN,NaN,7.7774110330999986E-4,NaN,NaN
190412,8.25,0.31,0.49,NaN,NaN,NaN,NaN,NaN,NaN,2.6872162590517211E-3,NaN,NaN,NaN,3.3483606058600005E-3,NaN,NaN
190501,8.43,0.31169999999999998,0.505,NaN,NaN,NaN,NaN,NaN,NaN,2.7979058315064976E-3,NaN,NaN,NaN,8.1676579183000001E-4,NaN,NaN
190502,8.8000000000000007,0.31330000000000002,0.52,NaN,NaN,NaN,NaN,NaN,NaN,2.5691473817666269E-3,NaN,NaN,NaN,5.4843491451999986E-4,NaN,NaN
190503,9.0500000000000007,0.315,0.53500000000000003,NaN,NaN,NaN,NaN,NaN,NaN,2.465837114142169E-3,NaN,NaN,NaN,1.07032300451E-3,NaN,NaN
190504,8.94,0.31669999999999998,0.55000000000000004,NaN,NaN,NaN,NaN,NaN,NaN,2.5396301624453534E-3,NaN,NaN,NaN,2.4071228727599999E-3,NaN,NaN
190505,8.5,0.31830000000000003,0.56499999999999995,NaN,NaN,NaN,NaN,NaN,NaN,2.5691473817666269E-3,NaN,NaN,NaN,3.2256777976300004E-3,NaN,NaN
190506,8.6,0.32,0.57999999999999996,NaN,NaN,NaN,NaN,NaN,NaN,2.5765266865969455E-3,NaN,NaN,NaN,1.3950785247699995E-3,NaN,NaN
190507,8.8699999999999992,0.32169999999999999,0.59499999999999997,NaN,NaN,NaN,NaN,NaN,NaN,2.4068026754996219E-3,NaN,NaN,NaN,1.0987717737000002E-3,NaN,NaN
190508,9.1999999999999993,0.32329999999999998,0.61,NaN,NaN,NaN,NaN,NaN,NaN,2.679836954221403E-3,NaN,NaN,NaN,8.7564102492000001E-4,NaN,NaN
190509,9.23,0.32500000000000001,0.625,NaN,NaN,NaN,NaN,NaN,NaN,2.7388713928639505E-3,NaN,NaN,NaN,1.3945243478600004E-3,NaN,NaN
190510,9.36,0.32669999999999999,0.64,NaN,NaN,NaN,NaN,NaN,NaN,3.1225952440405071E-3,NaN,NaN,NaN,6.9282600498999985E-4,NaN,NaN
190511,9.31,0.32829999999999998,0.65500000000000003,NaN,NaN,NaN,NaN,NaN,NaN,3.2923192551378307E-3,NaN,NaN,NaN,1.2021160887099999E-3,NaN,NaN
190512,9.5399999999999991,0.33,0.67,NaN,NaN,NaN,NaN,NaN,NaN,3.7572154594478907E-3,NaN,NaN,NaN,9.0972326071000001E-4,NaN,NaN
190601,9.8699999999999992,0.33579999999999999,0.67749999999999999,NaN,NaN,NaN,NaN,NaN,NaN,3.9269394705452139E-3,NaN,NaN,NaN,1.39491907386E-3,NaN,NaN
190602,9.8000000000000007,0.3417,0.68500000000000005,NaN,NaN,NaN,NaN,NaN,NaN,3.366112303441015E-3,NaN,NaN,NaN,1.3124867663800001E-3,NaN,NaN
190603,9.56,0.34749999999999998,0.6925,NaN,NaN,NaN,NaN,NaN,NaN,3.3513536937803783E-3,NaN,NaN,NaN,1.1252854718799999E-3,NaN,NaN
190604,9.43,0.3533,0.7,NaN,NaN,NaN,NaN,NaN,NaN,3.5358363145383378E-3,NaN,NaN,NaN,2.4018046092300002E-3,NaN,NaN
190605,9.18,0.35920000000000002,0.70750000000000002,NaN,NaN,NaN,NaN,NaN,NaN,3.6539051918234328E-3,NaN,NaN,NaN,2.1175439256200007E-3,NaN,NaN
190606,9.3000000000000007,0.36499999999999999,0.71499999999999997,NaN,NaN,NaN,NaN,NaN,NaN,3.5653535338596122E-3,NaN,NaN,NaN,1.6463420975200002E-3,NaN,NaN
190607,9.06,0.37080000000000002,0.72250000000000003,NaN,NaN,NaN,NaN,NaN,NaN,3.5136984000473824E-3,NaN,NaN,NaN,1.2790847500599998E-3,NaN,NaN
190608,9.73,0.37669999999999998,0.73,NaN,NaN,NaN,NaN,NaN,NaN,3.6686638014840696E-3,NaN,NaN,NaN,1.48739183618E-3,NaN,NaN
190609,10.029999999999999,0.38250000000000001,0.73750000000000004,NaN,NaN,NaN,NaN,NaN,NaN,4.0376290429999899E-3,NaN,NaN,NaN,8.3143211583999992E-4,NaN,NaN
190610,9.73,0.38829999999999998,0.745,NaN,NaN,NaN,NaN,NaN,NaN,4.4803873328190941E-3,NaN,NaN,NaN,1.2371143456499998E-3,NaN,NaN
190611,9.93,0.39419999999999999,0.75249999999999995,NaN,NaN,NaN,NaN,NaN,NaN,4.2885254072308155E-3,NaN,NaN,NaN,6.8766359879000015E-4,NaN,NaN
190612,9.84,0.4,0.76,NaN,NaN,NaN,NaN,NaN,NaN,4.2516288830792238E-3,NaN,NaN,NaN,1.57085530257E-3,NaN,NaN
190701,9.56,0.40329999999999999,0.75170000000000003,NaN,NaN,NaN,NaN,NaN,NaN,4.2516288830792238E-3,NaN,NaN,NaN,1.30455478506E-3,NaN,NaN
190702,9.26,0.40670000000000001,0.74329999999999996,NaN,NaN,NaN,NaN,NaN,NaN,4.1778358347760395E-3,NaN,NaN,NaN,1.4456296762899996E-3,NaN,NaN
190703,8.35,0.41,0.73499999999999999,NaN,NaN,NaN,NaN,NaN,NaN,4.0228704333393536E-3,NaN,NaN,NaN,1.8452098115000003E-2,NaN,NaN
190704,8.39,0.4133,0.72670000000000001,NaN,NaN,NaN,NaN,NaN,NaN,4.199973749266994E-3,NaN,NaN,NaN,2.2732673236800002E-3,NaN,NaN
190705,8.1,0.41670000000000001,0.71830000000000005,NaN,NaN,NaN,NaN,NaN,NaN,4.0228704333393536E-3,NaN,NaN,NaN,1.9956659861200001E-3,NaN,NaN
190706,7.84,0.42,0.71,NaN,NaN,NaN,NaN,NaN,NaN,3.6760431063143878E-3,NaN,NaN,NaN,1.4013008057699998E-3,NaN,NaN
190707,8.14,0.42330000000000001,0.70169999999999999,NaN,NaN,NaN,NaN,NaN,NaN,3.6539051918234328E-3,NaN,NaN,NaN,1.3252396581000003E-3,NaN,NaN
190708,7.53,0.42670000000000002,0.69330000000000003,NaN,NaN,NaN,NaN,NaN,NaN,3.8826636415633035E-3,NaN,NaN,NaN,4.1996424439099999E-3,NaN,NaN
190709,7.45,0.43,0.68500000000000005,NaN,NaN,NaN,NaN,NaN,NaN,4.2516288830792238E-3,NaN,NaN,NaN,1.8824117186000001E-3,NaN,NaN
190710,6.64,0.43330000000000002,0.67669999999999997,NaN,NaN,NaN,NaN,NaN,NaN,4.6648699535770536E-3,NaN,NaN,NaN,5.5534256085599991E-3,NaN,NaN
190711,6.25,0.43669999999999998,0.66830000000000001,NaN,NaN,NaN,NaN,NaN,NaN,4.8788697936562875E-3,NaN,NaN,NaN,5.1308748826499996E-3,NaN,NaN
190712,6.57,0.44,0.66,NaN,NaN,NaN,NaN,NaN,NaN,4.9895593661110644E-3,NaN,NaN,NaN,3.01494627011E-3,NaN,NaN
190801,6.85,0.43669999999999998,0.65329999999999999,NaN,NaN,NaN,NaN,NaN,NaN,5.4175590462695322E-3,NaN,NaN,NaN,2.3219900749000002E-3,NaN,NaN
190802,6.6,0.43330000000000002,0.64670000000000005,NaN,NaN,NaN,NaN,NaN,NaN,4.4139735893462279E-3,NaN,NaN,NaN,1.8728863379599997E-3,NaN,NaN
190803,6.87,0.43,0.64,NaN,NaN,NaN,NaN,NaN,NaN,3.3734916082713328E-3,NaN,NaN,NaN,2.3091473530199996E-3,NaN,NaN
190804,7.24,0.42670000000000002,0.63329999999999997,NaN,NaN,NaN,NaN,NaN,NaN,3.8310085077510742E-3,NaN,NaN,NaN,9.9140978761000018E-4,NaN,NaN
190805,7.63,0.42330000000000001,0.62670000000000003,NaN,NaN,NaN,NaN,NaN,NaN,2.930733318452229E-3,NaN,NaN,NaN,1.98640804568E-3,NaN,NaN
190806,7.64,0.42,0.62,NaN,NaN,NaN,NaN,NaN,NaN,2.5470094672756715E-3,NaN,NaN,NaN,1.9133323029200003E-3,NaN,NaN
190807,7.92,0.41670000000000001,0.61329999999999996,NaN,NaN,NaN,NaN,NaN,NaN,2.3256303223661194E-3,NaN,NaN,NaN,1.6310209658399999E-3,NaN,NaN
190808,8.26,0.4133,0.60670000000000002,NaN,NaN,NaN,NaN,NaN,NaN,2.4068026754996219E-3,NaN,NaN,NaN,1.2737565139599998E-3,NaN,NaN
190809,8.17,0.41,0.6,NaN,NaN,NaN,NaN,NaN,NaN,2.2961131030448455E-3,NaN,NaN,NaN,2.1491418521799996E-3,NaN,NaN
190810,8.27,0.40670000000000001,0.59330000000000005,NaN,NaN,NaN,NaN,NaN,NaN,2.5396301624453534E-3,NaN,NaN,NaN,9.5545087525999994E-4,NaN,NaN
190811,8.83,0.40329999999999999,0.5867,NaN,NaN,NaN,NaN,NaN,NaN,2.6355611252394922E-3,NaN,NaN,NaN,1.45357553072E-3,NaN,NaN
190812,9.0299999999999994,0.4,0.57999999999999996,NaN,NaN,NaN,NaN,NaN,NaN,2.6134232107485372E-3,NaN,NaN,NaN,1.1939897339899998E-3,NaN,NaN
190901,9.06,0.40329999999999999,0.59499999999999997,NaN,NaN,NaN,NaN,NaN,NaN,2.4805957238028063E-3,NaN,NaN,NaN,8.7930693527000006E-4,NaN,NaN
190902,8.8000000000000007,0.40670000000000001,0.61,NaN,NaN,NaN,NaN,NaN,NaN,2.384664761008667E-3,NaN,NaN,NaN,1.7954094610400002E-3,NaN,NaN
190903,8.92,0.41,0.625,NaN,NaN,NaN,NaN,NaN,NaN,2.244457969232617E-3,NaN,NaN,NaN,7.2734341634E-4,NaN,NaN
190904,9.32,0.4133,0.64,NaN,NaN,NaN,NaN,NaN,NaN,2.222320054741662E-3,NaN,NaN,NaN,6.5625333542000002E-4,NaN,NaN
190905,9.6300000000000008,0.41670000000000001,0.65500000000000003,NaN,NaN,NaN,NaN,NaN,NaN,2.222320054741662E-3,NaN,NaN,NaN,3.2134505346999992E-4,NaN,NaN
190906,9.8000000000000007,0.42,0.67,NaN,NaN,NaN,NaN,NaN,NaN,2.1780442257597512E-3,NaN,NaN,NaN,8.6994964267000008E-4,NaN,NaN
190907,9.94,0.42330000000000001,0.68500000000000005,NaN,NaN,NaN,NaN,NaN,NaN,2.0378374339837012E-3,NaN,NaN,NaN,2.7885204611999997E-4,NaN,NaN
190908,10.18,0.42670000000000002,0.7,NaN,NaN,NaN,NaN,NaN,NaN,2.1337683967778405E-3,NaN,NaN,NaN,1.3988725755399998E-3,NaN,NaN
190909,10.19,0.43,0.71499999999999997,NaN,NaN,NaN,NaN,NaN,NaN,2.6208025155788559E-3,NaN,NaN,NaN,1.24981632417E-3,NaN,NaN
190910,10.23,0.43330000000000002,0.73,NaN,NaN,NaN,NaN,NaN,NaN,2.7241127832033129E-3,NaN,NaN,NaN,9.552185255200001E-4,NaN,NaN
190911,10.18,0.43669999999999998,0.745,NaN,NaN,NaN,NaN,NaN,NaN,3.3513536937803783E-3,NaN,NaN,NaN,5.2556645606000008E-4,NaN,NaN
190912,10.3,0.44,0.76,NaN,NaN,NaN,NaN,NaN,NaN,3.366112303441015E-3,NaN,NaN,NaN,3.7692189109999995E-4,NaN,NaN
191001,10.08,0.4425,0.75749999999999995,NaN,NaN,NaN,NaN,NaN,NaN,3.4103881324229258E-3,NaN,NaN,NaN,2.2565499667800007E-3,NaN,NaN
191002,9.7200000000000006,0.44500000000000001,0.755,NaN,NaN,NaN,NaN,NaN,NaN,3.1447331585314625E-3,NaN,NaN,NaN,1.8189784394000001E-3,NaN,NaN
191003,9.9600000000000009,0.44750000000000001,0.75249999999999995,NaN,NaN,NaN,NaN,NaN,NaN,2.9159747087915923E-3,NaN,NaN,NaN,8.3322122823999991E-4,NaN,NaN
191004,9.7200000000000006,0.45,0.75,NaN,NaN,NaN,NaN,NaN,NaN,2.9602505377735022E-3,NaN,NaN,NaN,1.69382390065E-3,NaN,NaN
191005,9.56,0.45250000000000001,0.74750000000000005,NaN,NaN,NaN,NaN,NaN,NaN,3.1447331585314625E-3,NaN,NaN,NaN,1.3647700125099999E-3,NaN,NaN
191006,9.1,0.45500000000000002,0.745,NaN,NaN,NaN,NaN,NaN,NaN,3.1447331585314625E-3,NaN,NaN,NaN,2.7949308463900003E-3,NaN,NaN
191007,8.64,0.45750000000000002,0.74250000000000005,NaN,NaN,NaN,NaN,NaN,NaN,3.2701813406468753E-3,NaN,NaN,NaN,3.2866343625399994E-3,NaN,NaN
191008,8.85,0.46,0.74,NaN,NaN,NaN,NaN,NaN,NaN,3.6096293628415221E-3,NaN,NaN,NaN,1.5867082842400005E-3,NaN,NaN
191009,8.91,0.46250000000000002,0.73750000000000004,NaN,NaN,NaN,NaN,NaN,NaN,3.6465258869931142E-3,NaN,NaN,NaN,6.8692967763999985E-4,NaN,NaN
191010,9.32,0.46500000000000002,0.73499999999999999,NaN,NaN,NaN,NaN,NaN,NaN,3.7203189352962985E-3,NaN,NaN,NaN,7.4137317041999987E-4,NaN,NaN
191011,9.31,0.46750000000000003,0.73250000000000004,NaN,NaN,NaN,NaN,NaN,NaN,3.7424568497872531E-3,NaN,NaN,NaN,1.1607905155E-3,NaN,NaN
191012,9.0500000000000007,0.47,0.73,NaN,NaN,NaN,NaN,NaN,NaN,3.6981810208053432E-3,NaN,NaN,NaN,6.8306464606000025E-4,NaN,NaN
191101,9.27,0.47,0.71830000000000005,NaN,NaN,NaN,NaN,NaN,NaN,3.0783194150585968E-3,NaN,NaN,NaN,5.6673546968999996E-4,NaN,NaN
191102,9.43,0.47,0.70669999999999999,NaN,NaN,NaN,NaN,NaN,NaN,2.5839059914272637E-3,NaN,NaN,NaN,6.2254795035999989E-4,NaN,NaN
191103,9.32,0.47,0.69499999999999995,NaN,NaN,NaN,NaN,NaN,NaN,2.6355611252394922E-3,NaN,NaN,NaN,6.3897585390000004E-4,NaN,NaN
191104,9.2799999999999994,0.47,0.68330000000000002,NaN,NaN,NaN,NaN,NaN,NaN,2.517492247954398E-3,NaN,NaN,NaN,2.8183558369999998E-4,NaN,NaN
191105,9.48,0.47,0.67169999999999996,NaN,NaN,NaN,NaN,NaN,NaN,2.3330096271964376E-3,NaN,NaN,NaN,6.3220533712999996E-4,NaN,NaN
191106,9.67,0.47,0.66,NaN,NaN,NaN,NaN,NaN,NaN,2.3108717127054827E-3,NaN,NaN,NaN,2.9245623851000002E-4,NaN,NaN
191107,9.6300000000000008,0.47,0.64829999999999999,NaN,NaN,NaN,NaN,NaN,NaN,2.355147541687393E-3,NaN,NaN,NaN,3.1949161184999995E-4,NaN,NaN
191108,9.17,0.47,0.63670000000000004,NaN,NaN,NaN,NaN,NaN,NaN,2.4289405899905769E-3,NaN,NaN,NaN,1.3782882459300002E-3,NaN,NaN
191109,8.67,0.47,0.625,NaN,NaN,NaN,NaN,NaN,NaN,2.7314920880336319E-3,NaN,NaN,NaN,1.0469041749899999E-3,NaN,NaN
191110,8.7200000000000006,0.47,0.61329999999999996,NaN,NaN,NaN,NaN,NaN,NaN,2.982388452264458E-3,NaN,NaN,NaN,5.2626183977999997E-4,NaN,NaN
191111,9.07,0.47,0.60170000000000001,NaN,NaN,NaN,NaN,NaN,NaN,2.8569402701490451E-3,NaN,NaN,NaN,1.0578679229900001E-3,NaN,NaN
191112,9.11,0.47,0.59,NaN,NaN,NaN,NaN,NaN,NaN,2.5470094672756715E-3,NaN,NaN,NaN,4.2000353838000004E-4,NaN,NaN
191201,9.1199999999999992,0.4708,0.59919999999999995,NaN,NaN,NaN,NaN,NaN,NaN,3.0488021957373237E-3,NaN,NaN,NaN,4.8237880149000001E-4,NaN,NaN
191202,9.0399999999999991,0.47170000000000001,0.60829999999999995,NaN,NaN,NaN,NaN,NaN,NaN,2.517492247954398E-3,NaN,NaN,NaN,1.6108618663000001E-4,NaN,NaN
191203,9.3000000000000007,0.47249999999999998,0.61750000000000005,NaN,NaN,NaN,NaN,NaN,NaN,2.4068026754996219E-3,NaN,NaN,NaN,4.1378410728000004E-4,NaN,NaN
191204,9.59,0.4733,0.62670000000000003,NaN,NaN,NaN,NaN,NaN,NaN,2.7314920880336319E-3,NaN,NaN,NaN,5.2669082424000005E-4,NaN,NaN
191205,9.58,0.47420000000000001,0.63580000000000003,NaN,NaN,NaN,NaN,NaN,NaN,2.6945955638820397E-3,NaN,NaN,NaN,7.5402081895999996E-4,NaN,NaN
191206,9.58,0.47499999999999998,0.64500000000000002,NaN,NaN,NaN,NaN,NaN,NaN,2.7314920880336319E-3,NaN,NaN,NaN,4.4159244834000004E-4,NaN,NaN
191207,9.59,0.4758,0.6542,NaN,NaN,NaN,NaN,NaN,NaN,2.5912852962575819E-3,NaN,NaN,NaN,5.5004931781999986E-4,NaN,NaN
191208,9.81,0.47670000000000001,0.6633,NaN,NaN,NaN,NaN,NaN,NaN,2.9750091474341385E-3,NaN,NaN,NaN,3.3223570667999995E-4,NaN,NaN
191209,9.86,0.47749999999999998,0.67249999999999999,NaN,NaN,NaN,NaN,NaN,NaN,3.3292157792894229E-3,NaN,NaN,NaN,4.2973458492999997E-4,NaN,NaN
191210,9.84,0.4783,0.68169999999999997,NaN,NaN,NaN,NaN,NaN,NaN,3.7424568497872531E-3,NaN,NaN,NaN,7.1441127413999985E-4,NaN,NaN
191211,9.73,0.47920000000000001,0.69079999999999997,NaN,NaN,NaN,NaN,NaN,NaN,4.0154911285090345E-3,NaN,NaN,NaN,7.4583069573999996E-4,NaN,NaN
191212,9.3800000000000008,0.48,0.7,NaN,NaN,NaN,NaN,NaN,NaN,3.8605257270723481E-3,NaN,NaN,NaN,9.0248072967000009E-4,NaN,NaN
191301,9.3000000000000007,0.48,0.69420000000000004,NaN,NaN,NaN,NaN,NaN,NaN,4.0671462623212635E-3,NaN,NaN,NaN,1.20075390792E-3,NaN,NaN
191302,8.9700000000000006,0.48,0.68830000000000002,NaN,NaN,NaN,NaN,NaN,NaN,3.1890089875133724E-3,0,NaN,NaN,7.5332561744999998E-4,NaN,NaN
191303,8.8000000000000007,0.48,0.6825,NaN,NaN,NaN,NaN,NaN,NaN,3.2554227309862386E-3,0,NaN,NaN,7.5659296029999994E-4,NaN,NaN
191304,8.7899999999999991,0.48,0.67669999999999997,NaN,NaN,NaN,NaN,NaN,NaN,3.8900429463936213E-3,0,NaN,NaN,7.2407459204000004E-4,NaN,NaN
191305,8.5500000000000007,0.48,0.67079999999999995,NaN,NaN,NaN,NaN,NaN,NaN,3.7129396304659795E-3,-1.0204081632653184E-2,NaN,NaN,5.8190118396000024E-4,NaN,NaN
191306,8.1199999999999992,0.48,0.66500000000000004,NaN,NaN,NaN,NaN,NaN,NaN,3.5874914483505667E-3,1.0309278350515649E-2,NaN,NaN,2.6204890636999999E-3,NaN,NaN
191307,8.23,0.48,0.65920000000000001,NaN,NaN,NaN,NaN,NaN,NaN,3.9785946043574419E-3,1.0204081632652962E-2,NaN,NaN,5.5587762968999999E-4,NaN,NaN
191308,8.4499999999999993,0.48,0.65329999999999999,NaN,NaN,NaN,NaN,NaN,NaN,4.096663481642537E-3,0,NaN,NaN,5.5585410332000007E-4,NaN,NaN
191309,8.5299999999999994,0.48,0.64749999999999996,NaN,NaN,NaN,NaN,NaN,NaN,4.0671462623212635E-3,1.0101010101010166E-2,NaN,NaN,6.7673025646E-4,NaN,NaN
191310,8.26,0.48,0.64170000000000005,NaN,NaN,NaN,NaN,NaN,NaN,3.9269394705452139E-3,0,NaN,NaN,1.0866135525999998E-3,NaN,NaN
191311,8.0500000000000007,0.48,0.63580000000000003,NaN,NaN,NaN,NaN,NaN,NaN,3.8162498980904378E-3,1.0000000000000009E-2,NaN,NaN,4.5064284555000004E-4,NaN,NaN
191312,8.0399999999999991,0.48,0.63,NaN,NaN,NaN,NaN,NaN,NaN,3.7424568497872531E-3,-9.9009900990099098E-3,NaN,NaN,7.1248769310000007E-4,NaN,NaN
191401,8.3699999999999992,0.47499999999999998,0.62080000000000002,NaN,NaN,NaN,NaN,NaN,NaN,3.8383878125813936E-3,0,NaN,NaN,7.3060859863999998E-4,NaN,NaN
191402,8.48,0.47,0.61170000000000002,NaN,NaN,NaN,NaN,NaN,NaN,2.982388452264458E-3,-1.0000000000000009E-2,NaN,NaN,4.0463250620999995E-4,NaN,NaN
191403,8.32,0.46500000000000002,0.60250000000000004,NaN,NaN,NaN,NaN,NaN,NaN,2.4805957238028063E-3,0,NaN,NaN,6.6930246784000023E-4,NaN,NaN
191404,8.1199999999999992,0.46,0.59330000000000005,NaN,NaN,NaN,NaN,NaN,NaN,2.4732164189724872E-3,-1.0101010101010055E-2,NaN,NaN,8.4835642289000002E-4,NaN,NaN
191405,8.17,0.45500000000000002,0.58420000000000005,NaN,NaN,NaN,NaN,NaN,NaN,2.3994233706693038E-3,1.0204081632652962E-2,NaN,NaN,5.4256692559000012E-4,NaN,NaN
191406,8.1300000000000008,0.45,0.57499999999999996,NaN,NaN,NaN,NaN,NaN,NaN,2.5027336382937612E-3,0,NaN,NaN,6.4196878181999994E-4,NaN,NaN
191407,7.68,0.44500000000000001,0.56579999999999997,NaN,NaN,NaN,NaN,NaN,NaN,2.487975028633124E-3,1.0101010101010166E-2,NaN,NaN,5.1771146398299998E-3,NaN,NaN
191408,7.68,0.44,0.55669999999999997,NaN,NaN,NaN,NaN,NaN,NaN,2.9159747087915923E-3,2.0000000000000018E-2,NaN,NaN,0,NaN,NaN
191409,7.68,0.435,0.54749999999999999,NaN,NaN,NaN,NaN,NaN,NaN,4.3180426265520891E-3,0,NaN,NaN,0,NaN,NaN
191410,7.68,0.43,0.5383,NaN,NaN,NaN,NaN,NaN,NaN,4.5836976004435519E-3,-9.8039215686274161E-3,NaN,NaN,0,NaN,NaN
191411,7.68,0.42499999999999999,0.5292,NaN,NaN,NaN,NaN,NaN,NaN,4.3918356748552734E-3,9.9009900990099098E-3,NaN,NaN,0,NaN,NaN
191412,7.35,0.42,0.52,NaN,NaN,NaN,NaN,NaN,NaN,3.6981810208053432E-3,-9.8039215686274161E-3,NaN,NaN,2.5860082099700005E-3,NaN,NaN
191501,7.48,0.42080000000000001,0.55000000000000004,NaN,NaN,NaN,NaN,NaN,NaN,2.8495609653187261E-3,0,NaN,NaN,1.4435327534400003E-3,NaN,NaN
191502,7.38,0.42170000000000002,0.57999999999999996,NaN,NaN,NaN,NaN,NaN,NaN,2.4805957238028063E-3,-9.9009900990099098E-3,NaN,NaN,7.9921051702000001E-4,NaN,NaN
191503,7.57,0.42249999999999999,0.61,NaN,NaN,NaN,NaN,NaN,NaN,2.4068026754996219E-3,-1.0000000000000009E-2,NaN,NaN,8.2115444620999998E-4,NaN,NaN
191504,8.14,0.42330000000000001,0.64,NaN,NaN,NaN,NaN,NaN,NaN,2.1337683967778405E-3,1.0101010101010166E-2,NaN,NaN,1.69509751867E-3,NaN,NaN
191505,7.95,0.42420000000000002,0.67,NaN,NaN,NaN,NaN,NaN,NaN,2.3403889320267562E-3,1.0000000000000009E-2,NaN,NaN,4.9285808851200008E-3,NaN,NaN
191506,8.0399999999999991,0.42499999999999999,0.7,NaN,NaN,NaN,NaN,NaN,NaN,2.384664761008667E-3,0,NaN,NaN,1.6801798852999999E-3,NaN,NaN
191507,8.01,0.42580000000000001,0.73,NaN,NaN,NaN,NaN,NaN,NaN,2.3330096271964376E-3,0,NaN,NaN,1.2536606773699999E-3,NaN,NaN
191508,8.35,0.42670000000000002,0.76,NaN,NaN,NaN,NaN,NaN,NaN,2.0378374339837012E-3,0,NaN,NaN,1.8115193545599998E-3,NaN,NaN
191509,8.66,0.42749999999999999,0.79,NaN,NaN,NaN,NaN,NaN,NaN,2.244457969232617E-3,0,NaN,NaN,9.3751702704000014E-4,NaN,NaN
191510,9.14,0.42830000000000001,0.82,NaN,NaN,NaN,NaN,NaN,NaN,2.0599753484746566E-3,9.9009900990099098E-3,NaN,NaN,1.5525521062500003E-3,NaN,NaN
191511,9.4600000000000009,0.42920000000000003,0.85,NaN,NaN,NaN,NaN,NaN,NaN,2.0156995194927463E-3,9.8039215686276382E-3,NaN,NaN,9.9120993851000002E-4,NaN,NaN
191512,9.48,0.43,0.88,NaN,NaN,NaN,NaN,NaN,NaN,1.8459755083954233E-3,0,NaN,NaN,1.1907279973099999E-3,NaN,NaN
191601,9.33,0.44080000000000003,0.93420000000000003,NaN,NaN,NaN,NaN,NaN,NaN,1.9197685566986068E-3,9.7087378640776656E-3,NaN,NaN,1.3879740504000003E-3,NaN,NaN
191602,9.1999999999999993,0.45169999999999999,0.98829999999999996,NaN,NaN,NaN,NaN,NaN,NaN,1.9419064711895622E-3,0,NaN,NaN,1.1241608055400001E-3,NaN,NaN
191603,9.17,0.46250000000000002,1.042,NaN,NaN,NaN,NaN,NaN,NaN,1.9419064711895622E-3,9.6153846153845812E-3,NaN,NaN,7.9426765842999995E-4,NaN,NaN
191604,9.07,0.4733,1.097,NaN,NaN,NaN,NaN,NaN,NaN,1.9419064711895622E-3,9.52380952380949E-3,NaN,NaN,1.8675936308400001E-3,NaN,NaN
191605,9.27,0.48420000000000002,1.151,NaN,NaN,NaN,NaN,NaN,NaN,1.9419064711895622E-3,9.4339622641508303E-3,NaN,NaN,1.0190602045199999E-3,NaN,NaN
191606,9.36,0.495,1.2050000000000001,NaN,NaN,NaN,NaN,NaN,NaN,1.9419064711895622E-3,9.3457943925234765E-3,NaN,NaN,1.1107019991199998E-3,NaN,NaN
191607,9.23,0.50580000000000003,1.2589999999999999,NaN,NaN,NaN,NaN,NaN,NaN,2.3108717127054827E-3,0,NaN,NaN,5.3263115258999998E-4,NaN,NaN
191608,9.3000000000000007,0.51670000000000005,1.3129999999999999,NaN,NaN,NaN,NaN,NaN,NaN,2.5691473817666269E-3,9.2592592592593004E-3,NaN,NaN,1.0064438507100002E-3,NaN,NaN
191609,9.68,0.52749999999999997,1.3680000000000001,NaN,NaN,NaN,NaN,NaN,NaN,2.384664761008667E-3,1.8348623853210899E-2,NaN,NaN,7.6330049978999993E-4,NaN,NaN
191610,9.98,0.5383,1.4219999999999999,NaN,NaN,NaN,NaN,NaN,NaN,2.1337683967778405E-3,1.8018018018018056E-2,NaN,NaN,1.6309215576700003E-3,NaN,NaN
191611,10.210000000000001,0.54920000000000002,1.476,NaN,NaN,NaN,NaN,NaN,NaN,2.1337683967778405E-3,1.7699115044247815E-2,NaN,NaN,8.1321613391000013E-4,NaN,NaN
191612,9.8000000000000007,0.56000000000000005,1.53,NaN,NaN,NaN,NaN,NaN,NaN,2.2149407499113434E-3,8.6956521739129933E-3,NaN,NaN,5.7822027507400007E-3,NaN,NaN
191701,9.57,0.57079999999999997,1.5089999999999999,NaN,NaN,NaN,NaN,NaN,NaN,2.5248715527847166E-3,8.6206896551723755E-3,NaN,NaN,1.5012328714900005E-3,NaN,NaN
191702,9.0299999999999994,0.58169999999999999,1.488,NaN,NaN,NaN,NaN,NaN,NaN,2.2592165788932537E-3,2.5641025641025772E-2,NaN,NaN,4.5159173367699994E-3,NaN,NaN
191703,9.31,0.59250000000000003,1.468,NaN,NaN,NaN,NaN,NaN,NaN,2.6576990397304476E-3,0,NaN,NaN,1.4594274297400002E-3,NaN,NaN
191704,9.17,0.60329999999999995,1.4470000000000001,NaN,NaN,NaN,NaN,NaN,NaN,2.679836954221403E-3,5.0000000000000044E-2,NaN,NaN,1.5206150436500004E-3,NaN,NaN
191705,8.86,0.61419999999999997,1.4259999999999999,NaN,NaN,NaN,NaN,NaN,NaN,2.7979058315064976E-3,1.5873015873016039E-2,NaN,NaN,1.9228125011499998E-3,NaN,NaN
191706,9.0399999999999991,0.625,1.405,NaN,NaN,NaN,NaN,NaN,NaN,3.2037675971740096E-3,1.5625E-2,NaN,NaN,8.4274693971000004E-4,NaN,NaN
191707,8.7899999999999991,0.63580000000000003,1.3839999999999999,NaN,NaN,NaN,NaN,NaN,NaN,3.3292157792894229E-3,-1.538461538461533E-2,NaN,NaN,9.443729501599999E-4,NaN,NaN
191708,8.5299999999999994,0.64670000000000005,1.363,NaN,NaN,NaN,NaN,NaN,NaN,3.0930780247192336E-3,1.5625E-2,NaN,NaN,1.3655697113700001E-3,NaN,NaN
191709,8.1199999999999992,0.65749999999999997,1.343,NaN,NaN,NaN,NaN,NaN,NaN,3.1742503778527365E-3,2.3076923076923217E-2,NaN,NaN,2.9344195462700003E-3,NaN,NaN
191710,7.68,0.66830000000000001,1.3220000000000001,NaN,NaN,NaN,NaN,NaN,NaN,3.4620432662351539E-3,1.5037593984962294E-2,NaN,NaN,4.1310602443800004E-3,NaN,NaN
191711,7.04,0.67920000000000003,1.3009999999999999,NaN,NaN,NaN,NaN,NaN,NaN,3.6096293628415221E-3,0,NaN,NaN,5.5457055413300005E-3,NaN,NaN
191712,6.8,0.69,1.28,NaN,NaN,NaN,NaN,NaN,NaN,3.6539051918234328E-3,1.4814814814814836E-2,NaN,NaN,8.8776874760099992E-3,NaN,NaN
191801,7.21,0.68,1.256,NaN,NaN,NaN,NaN,NaN,NaN,3.6981810208053432E-3,2.1897810218978186E-2,NaN,NaN,2.2854525413400001E-3,NaN,NaN
191802,7.43,0.67,1.232,NaN,NaN,NaN,NaN,NaN,NaN,3.7498361546175717E-3,7.1428571428571175E-3,NaN,NaN,1.05697225419E-3,NaN,NaN
191803,7.28,0.66,1.208,NaN,NaN,NaN,NaN,NaN,NaN,3.8310085077510742E-3,-7.0921985815602939E-3,NaN,NaN,1.3539408360600002E-3,NaN,NaN
191804,7.21,0.65,1.1830000000000001,NaN,NaN,NaN,NaN,NaN,NaN,3.9785946043574419E-3,1.4285714285714235E-2,NaN,NaN,1.1309040160100003E-3,NaN,NaN
191805,7.44,0.64,1.159,NaN,NaN,NaN,NaN,NaN,NaN,4.0007325188483982E-3,2.1126760563380254E-2,NaN,NaN,1.4640576146E-3,NaN,NaN
191806,7.45,0.63,1.135,NaN,NaN,NaN,NaN,NaN,NaN,3.9785946043574419E-3,1.379310344827589E-2,NaN,NaN,5.5249107898000017E-4,NaN,NaN
191807,7.51,0.62,1.111,NaN,NaN,NaN,NaN,NaN,NaN,3.9785946043574419E-3,2.7210884353741527E-2,NaN,NaN,7.4010486681000019E-4,NaN,NaN
191808,7.58,0.61,1.087,NaN,NaN,NaN,NaN,NaN,NaN,3.9785946043574419E-3,1.9867549668874274E-2,NaN,NaN,4.0993225191000003E-4,NaN,NaN
191809,7.54,0.6,1.0629999999999999,NaN,NaN,NaN,NaN,NaN,NaN,4.0228704333393536E-3,1.9480519480519431E-2,NaN,NaN,9.0238526510000013E-4,NaN,NaN
191810,7.86,0.59,1.038,NaN,NaN,NaN,NaN,NaN,NaN,4.0671462623212635E-3,1.9108280254777066E-2,NaN,NaN,1.9907847605399997E-3,NaN,NaN
191811,8.06,0.57999999999999996,1.014,NaN,NaN,NaN,NaN,NaN,NaN,4.0671462623212635E-3,1.8750000000000044E-2,NaN,NaN,2.3849318812099998E-3,NaN,NaN
191812,7.9,0.56999999999999995,0.99,NaN,NaN,NaN,NaN,NaN,NaN,4.0450083478303081E-3,1.2269938650306678E-2,NaN,NaN,1.0893005967099998E-3,NaN,NaN
191901,7.85,0.56669999999999998,0.98499999999999999,NaN,NaN,5.3499999999999999E-2,7.1199999999999999E-2,4.6300000000000001E-2,NaN,3.9269394705452139E-3,0,NaN,NaN,7.6581854937999997E-4,NaN,NaN
191902,7.88,0.56330000000000002,0.98,NaN,NaN,5.3499999999999999E-2,7.2000000000000008E-2,4.7E-2,NaN,3.5136984000473824E-3,-1.8181818181818188E-2,NaN,NaN,6.462952216999999E-4,NaN,NaN
191903,8.1199999999999992,0.56000000000000005,0.97499999999999998,NaN,NaN,5.3899999999999997E-2,7.1500000000000008E-2,4.7300000000000002E-2,NaN,3.4620432662351539E-3,1.2345679012345734E-2,NaN,NaN,1.1589943437799999E-3,NaN,NaN
191904,8.39,0.55669999999999997,0.97,NaN,NaN,5.4400000000000004E-2,7.2300000000000003E-2,4.7199999999999999E-2,NaN,3.6096293628415221E-3,1.8292682926829285E-2,NaN,NaN,5.3619467760999994E-4,NaN,NaN
191905,8.9700000000000006,0.55330000000000001,0.96499999999999997,NaN,NaN,5.3899999999999997E-2,7.0900000000000005E-2,4.6699999999999998E-2,NaN,3.6096293628415221E-3,1.1976047904191489E-2,NaN,NaN,1.1894273215099999E-3,NaN,NaN
191906,9.2100000000000009,0.55000000000000004,0.96,NaN,NaN,5.4000000000000006E-2,7.0400000000000004E-2,4.6900000000000004E-2,NaN,3.6096293628415221E-3,0,NaN,NaN,3.0374267129799999E-3,NaN,NaN
191907,9.51,0.54669999999999996,0.95499999999999996,NaN,NaN,5.4400000000000004E-2,7.0599999999999996E-2,4.7199999999999999E-2,NaN,3.7203189352962985E-3,2.9585798816567976E-2,NaN,NaN,1.4470144219700001E-3,NaN,NaN
191908,8.8699999999999992,0.54330000000000001,0.95,NaN,NaN,5.5599999999999997E-2,7.1300000000000002E-2,4.7800000000000002E-2,NaN,3.6465258869931142E-3,1.7241379310344973E-2,NaN,NaN,6.0892955767700005E-3,NaN,NaN
191909,9.01,0.54,0.94499999999999995,NaN,NaN,5.5999999999999994E-2,7.2700000000000001E-2,4.7300000000000002E-2,NaN,3.6096293628415221E-3,5.6497175141243527E-3,NaN,NaN,1.2335901182100003E-3,NaN,NaN
191910,9.4700000000000006,0.53669999999999995,0.94,NaN,NaN,5.5399999999999998E-2,7.3399999999999993E-2,4.7100000000000003E-2,NaN,3.6096293628415221E-3,1.6853932584269593E-2,NaN,NaN,2.0168627634799996E-3,NaN,NaN
191911,9.19,0.5333,0.93500000000000005,NaN,NaN,5.6600000000000004E-2,7.5399999999999995E-2,4.8099999999999997E-2,NaN,3.6096293628415221E-3,2.2099447513812098E-2,NaN,NaN,3.9199974425800001E-3,NaN,NaN
191912,8.92,0.53,0.93,NaN,NaN,5.7300000000000004E-2,7.7699999999999991E-2,4.9000000000000002E-2,NaN,3.6981810208053432E-3,2.1621621621621623E-2,NaN,NaN,2.499875151549999E-3,NaN,NaN
192001,8.83,0.52829999999999999,0.91920000000000002,NaN,4.4999999999999998E-2,5.7500000000000002E-2,7.7800000000000008E-2,4.9299999999999997E-2,NaN,3.9785946043574419E-3,2.1164021164021385E-2,NaN,NaN,1.3557095427400004E-3,NaN,NaN
192002,8.1,0.52669999999999995,0.9083,NaN,4.4999999999999998E-2,5.8600000000000006E-2,7.9399999999999998E-2,5.0499999999999996E-2,NaN,3.7499999999999999E-3,1.0362694300518172E-2,NaN,NaN,6.1171899629499987E-3,NaN,NaN
192003,8.67,0.52500000000000002,0.89749999999999996,NaN,4.7500000000000001E-2,5.9200000000000003E-2,7.9699999999999993E-2,5.0900000000000001E-2,NaN,3.7499999999999999E-3,1.025641025641022E-2,NaN,NaN,3.1867118786600003E-3,NaN,NaN
192004,8.6,0.52329999999999999,0.88670000000000004,NaN,5.2499999999999998E-2,6.0400000000000002E-2,8.1699999999999995E-2,5.28E-2,NaN,3.9583333333333337E-3,3.0456852791878264E-2,NaN,NaN,3.6396926837399999E-3,NaN,NaN
192005,8.06,0.52170000000000005,0.87580000000000002,NaN,5.5E-2,6.25E-2,8.3900000000000002E-2,5.5800000000000002E-2,NaN,4.3750000000000004E-3,1.4778325123152802E-2,NaN,NaN,2.8508208120000002E-3,NaN,NaN
192006,7.92,0.52,0.86499999999999999,NaN,5.7500000000000002E-2,6.3799999999999996E-2,8.3900000000000002E-2,5.5399999999999998E-2,NaN,4.5833333333333334E-3,1.4563106796116276E-2,NaN,NaN,9.2127443058000018E-4,NaN,NaN
192007,7.91,0.51829999999999998,0.85419999999999996,NaN,5.8099999999999999E-2,6.3399999999999998E-2,8.5199999999999998E-2,5.57E-2,NaN,4.7916666666666663E-3,-4.7846889952152249E-3,NaN,NaN,1.41921214957E-3,NaN,NaN
192008,7.6,0.51670000000000005,0.84330000000000005,NaN,5.8299999999999998E-2,6.3E-2,8.3900000000000002E-2,5.67E-2,NaN,4.841666666666666E-3,-2.4038461538461564E-2,NaN,NaN,1.5549462706999997E-3,NaN,NaN
192009,7.87,0.51500000000000001,0.83250000000000002,NaN,5.8099999999999999E-2,6.2199999999999998E-2,8.14E-2,5.4299999999999994E-2,NaN,4.8583333333333334E-3,-1.4778325123152691E-2,NaN,NaN,1.305639083E-3,NaN,NaN
192010,7.88,0.51329999999999998,0.82169999999999999,NaN,5.7500000000000002E-2,6.0499999999999998E-2,7.9899999999999999E-2,5.0799999999999998E-2,NaN,4.841666666666666E-3,-5.0000000000001155E-3,NaN,NaN,9.4099228340000017E-4,NaN,NaN
192011,7.48,0.51170000000000004,0.81079999999999997,NaN,5.7500000000000002E-2,6.08E-2,8.2100000000000006E-2,5.21E-2,NaN,4.7916666666666663E-3,-5.0251256281406143E-3,NaN,NaN,4.7878720997800005E-3,NaN,NaN
192012,6.81,0.51,0.8,NaN,5.8799999999999998E-2,6.2600000000000003E-2,8.5600000000000009E-2,5.4000000000000006E-2,NaN,4.7916666666666663E-3,-2.0202020202020332E-2,NaN,NaN,5.3277384232600002E-3,NaN,NaN
192101,7.11,0.50580000000000003,0.75749999999999995,NaN,5.67E-2,6.1399999999999996E-2,8.5000000000000006E-2,5.2300000000000006E-2,NaN,4.8999999999999998E-3,-2.0618556701030855E-2,NaN,NaN,1.0438529815199999E-3,NaN,NaN
192102,7.06,0.50170000000000003,0.71499999999999997,NaN,5.2999999999999999E-2,6.08E-2,8.4199999999999997E-2,5.28E-2,NaN,4.725E-3,-3.1578947368421151E-2,NaN,NaN,7.3093358423000001E-4,NaN,NaN
192103,6.88,0.4975,0.67249999999999999,0.63621964097148898,5.3800000000000001E-2,6.08E-2,8.5500000000000007E-2,5.2699999999999997E-2,NaN,4.4166666666666668E-3,-5.4347826086955653E-3,NaN,NaN,2.3077059795999998E-3,NaN,NaN
192104,6.91,0.49330000000000002,0.63,0.61346569937635242,5.2000000000000005E-2,6.0599999999999994E-2,8.5299999999999987E-2,5.2400000000000002E-2,NaN,4.4833333333333331E-3,-1.0928961748633892E-2,NaN,NaN,1.6562445596099999E-3,NaN,NaN
192105,7.12,0.48920000000000002,0.58750000000000002,0.6563180827886711,5.16E-2,6.1100000000000002E-2,8.5199999999999998E-2,5.2499999999999998E-2,NaN,4.3333333333333331E-3,-2.209944751381232E-2,NaN,NaN,1.3194209059699997E-3,NaN,NaN
192106,6.55,0.48499999999999999,0.54500000000000004,0.70416362308254199,4.99E-2,6.1799999999999994E-2,8.5600000000000009E-2,5.2699999999999997E-2,NaN,4.3E-3,-5.6497175141241307E-3,NaN,NaN,3.8638263686399999E-3,NaN,NaN
192107,6.53,0.48080000000000001,0.50249999999999995,0.70498756764662862,4.5999999999999999E-2,6.1200000000000004E-2,8.48E-2,5.2600000000000001E-2,NaN,4.1583333333333333E-3,5.6818181818181213E-3,NaN,NaN,1.7604921116199999E-3,NaN,NaN
192108,6.45,0.47670000000000001,0.46,0.71822381165251081,4.7500000000000001E-2,5.9900000000000002E-2,8.5099999999999995E-2,5.2199999999999996E-2,NaN,3.8333333333333331E-3,0,NaN,NaN,2.0311152161300002E-3,NaN,NaN
192109,6.61,0.47249999999999998,0.41749999999999998,0.67810917276308391,4.7500000000000001E-2,5.9299999999999999E-2,8.3400000000000002E-2,5.1200000000000002E-2,NaN,3.9583333333333337E-3,-1.1299435028248594E-2,NaN,NaN,1.77822036746E-3,NaN,NaN
192110,6.7,0.46829999999999999,0.375,0.65838000273186736,4.2099999999999999E-2,5.8400000000000001E-2,8.3400000000000002E-2,4.8300000000000003E-2,NaN,3.9583333333333337E-3,0,NaN,NaN,1.0289690774000001E-3,NaN,NaN
192111,7.06,0.4642,0.33250000000000002,0.62354463130659776,4.0300000000000002E-2,5.5999999999999994E-2,7.8799999999999995E-2,4.6399999999999997E-2,NaN,3.5083333333333334E-3,-5.7142857142857828E-3,NaN,NaN,9.8770304283000011E-4,NaN,NaN
192112,7.31,0.46,0.28999999999999998,0.59653465346534662,3.9E-2,5.5E-2,7.6100000000000001E-2,4.4699999999999997E-2,NaN,3.3583333333333334E-3,-5.7471264367814356E-3,NaN,NaN,5.1063616037000002E-4,NaN,NaN
192201,7.3,0.4642,0.32329999999999998,0.59286592865928667,3.9E-2,5.3399999999999996E-2,7.6999999999999999E-2,4.4500000000000005E-2,NaN,3.2499999999999999E-3,-2.3121387283237094E-2,NaN,NaN,1.05651813604E-3,NaN,NaN
192202,7.46,0.46829999999999999,0.35670000000000002,0.56400655277322731,3.8100000000000002E-2,5.2900000000000003E-2,7.5499999999999998E-2,4.4999999999999998E-2,NaN,3.2499999999999999E-3,0,NaN,NaN,6.1956715043000007E-4,NaN,NaN
192203,7.74,0.47249999999999998,0.39,0.52105558674901742,3.5499999999999997E-2,5.2300000000000006E-2,7.4499999999999997E-2,4.41E-2,NaN,3.1749999999999999E-3,-1.1834319526627168E-2,NaN,NaN,6.9250022043999978E-4,NaN,NaN
192204,8.2100000000000009,0.47670000000000001,0.42330000000000001,0.50473186119873814,3.2099999999999997E-2,5.1500000000000004E-2,7.1399999999999991E-2,4.2800000000000005E-2,NaN,2.9583333333333332E-3,0,NaN,NaN,1.0940970262200002E-3,NaN,NaN
192205,8.5299999999999994,0.48080000000000001,0.45669999999999999,0.48520338805814078,3.2500000000000001E-2,5.1299999999999998E-2,6.8900000000000003E-2,4.2599999999999999E-2,NaN,2.6749999999999999E-3,0,NaN,NaN,8.0328278327999989E-4,NaN,NaN
192206,8.4499999999999993,0.48499999999999999,0.49,0.49930054880017211,3.2500000000000001E-2,5.0799999999999998E-2,6.9699999999999998E-2,4.24E-2,NaN,2.7083333333333334E-3,0,NaN,NaN,1.7435654377699998E-3,NaN,NaN
192207,8.51,0.48920000000000002,0.52329999999999999,0.47810407006697581,3.2000000000000001E-2,0.05,6.8900000000000003E-2,4.1399999999999999E-2,NaN,2.7083333333333334E-3,5.9880239520959666E-3,NaN,NaN,1.4760808515500001E-3,NaN,NaN
192208,8.83,0.49330000000000002,0.55669999999999997,0.46040881127207778,3.1300000000000001E-2,4.9599999999999998E-2,6.8499999999999991E-2,4.1200000000000001E-2,NaN,2.666666666666667E-3,-1.1904761904761862E-2,NaN,NaN,9.8828558641000019E-4,NaN,NaN
192209,9.06,0.4975,0.59,0.47775947281713338,3.3399999999999999E-2,4.9299999999999997E-2,6.7500000000000004E-2,4.1900000000000007E-2,NaN,2.6083333333333332E-3,0,NaN,NaN,1.3522608735899997E-3,NaN,NaN
192210,9.26,0.50170000000000003,0.62329999999999997,0.48278014774737277,3.7100000000000001E-2,4.9699999999999994E-2,6.7799999999999999E-2,4.2999999999999997E-2,NaN,2.7833333333333334E-3,6.0240963855420215E-3,NaN,NaN,1.6963631812099999E-3,NaN,NaN
192211,8.8000000000000007,0.50580000000000003,0.65669999999999995,0.49022715266772315,3.6600000000000001E-2,5.0900000000000001E-2,6.9800000000000001E-2,4.3299999999999998E-2,NaN,3.0916666666666666E-3,5.9880239520959666E-3,NaN,NaN,2.4352112243200001E-3,NaN,NaN
192212,8.7799999999999994,0.51,0.69,0.47264948558622794,3.6499999999999998E-2,5.0799999999999998E-2,7.0199999999999999E-2,4.3200000000000002E-2,NaN,3.0500000000000002E-3,5.9523809523809312E-3,NaN,NaN,7.5536871869000006E-4,NaN,NaN
192301,8.9,0.51170000000000004,0.71419999999999995,0.47623935132915934,3.6600000000000001E-2,5.04E-2,6.9800000000000001E-2,4.3200000000000002E-2,NaN,3.0416666666666665E-3,-5.9171597633135287E-3,NaN,NaN,5.8040563496000004E-4,NaN,NaN
192302,9.2799999999999994,0.51329999999999998,0.73829999999999996,0.44658325312800767,3.6499999999999998E-2,5.0700000000000002E-2,6.9699999999999998E-2,4.3299999999999998E-2,NaN,3.0500000000000002E-3,0,NaN,NaN,4.7552358667000006E-4,NaN,NaN
192303,9.43,0.51500000000000001,0.76249999999999996,0.50209205020920511,4.1200000000000001E-2,5.1299999999999998E-2,7.0900000000000005E-2,4.3799999999999999E-2,NaN,3.0416666666666665E-3,0,NaN,NaN,5.6100018298000005E-4,NaN,NaN
192304,9.1,0.51670000000000005,0.78669999999999995,0.52449684895303927,4.1299999999999996E-2,5.2199999999999996E-2,7.17E-2,4.3899999999999995E-2,NaN,3.4333333333333334E-3,5.9523809523809312E-3,NaN,NaN,9.7780511854000008E-4,NaN,NaN
192305,8.67,0.51829999999999998,0.81079999999999997,0.52906797908335901,3.95E-2,5.16E-2,7.17E-2,4.3700000000000003E-2,NaN,3.4416666666666667E-3,0,NaN,NaN,2.7567960542399998E-3,NaN,NaN
192306,8.34,0.52,0.83499999999999996,0.58371040723981893,3.8399999999999997E-2,5.1500000000000004E-2,7.2099999999999997E-2,4.3400000000000001E-2,NaN,3.2916666666666667E-3,5.9171597633136397E-3,NaN,NaN,2.9689465217400002E-3,NaN,NaN
192307,8.06,0.52170000000000005,0.85919999999999996,0.59371763893683127,3.9100000000000003E-2,5.1399999999999994E-2,7.3399999999999993E-2,4.3400000000000001E-2,NaN,3.1999999999999997E-3,1.1764705882352899E-2,NaN,NaN,2.3723736195600002E-3,NaN,NaN
192308,8.1,0.52329999999999999,0.88329999999999997,0.55210785362722026,3.8599999999999995E-2,5.0799999999999998E-2,7.3800000000000004E-2,4.3499999999999997E-2,NaN,3.2583333333333336E-3,-5.8139534883719923E-3,NaN,NaN,9.7088194388999995E-4,NaN,NaN
192309,8.15,0.52500000000000002,0.90749999999999997,0.58656360122769124,4.0099999999999997E-2,5.1200000000000002E-2,7.3800000000000004E-2,4.36E-2,NaN,3.2166666666666667E-3,5.8479532163742132E-3,NaN,NaN,1.2206400717099998E-3,NaN,NaN
192310,8.0299999999999994,0.52669999999999995,0.93169999999999997,0.58285327007793974,4.2199999999999994E-2,5.1100000000000007E-2,7.46E-2,4.4000000000000004E-2,NaN,3.3416666666666664E-3,5.8139534883721034E-3,NaN,NaN,1.6334344666799998E-3,NaN,NaN
192311,8.27,0.52829999999999999,0.95579999999999998,0.55880441845354123,3.9399999999999998E-2,5.0900000000000001E-2,7.400000000000001E-2,4.3700000000000003E-2,NaN,3.5166666666666666E-3,0,NaN,NaN,5.9843407457000003E-4,NaN,NaN
192312,8.5500000000000007,0.53,0.98,0.54020100502512569,3.8800000000000001E-2,5.0900000000000001E-2,7.3800000000000004E-2,4.3499999999999997E-2,NaN,3.2833333333333334E-3,0,NaN,NaN,5.8066523716000004E-4,NaN,NaN
192401,8.83,0.53169999999999995,0.9758,0.51261672958474069,3.7599999999999995E-2,5.0900000000000001E-2,7.2400000000000006E-2,4.2999999999999997E-2,NaN,3.2333333333333333E-3,0,NaN,NaN,7.4751237284999966E-4,NaN,NaN
192402,8.8699999999999992,0.5333,0.97170000000000001,0.53075498868545568,3.5400000000000001E-2,5.0900000000000001E-2,7.1399999999999991E-2,4.2800000000000005E-2,NaN,3.133333333333333E-3,-5.7803468208093012E-3,NaN,NaN,1.5194860133600004E-3,NaN,NaN
192403,8.6999999999999993,0.53500000000000003,0.96750000000000003,0.59455972476077834,3.5699999999999996E-2,5.0999999999999997E-2,7.0800000000000002E-2,4.2800000000000005E-2,NaN,2.9499999999999999E-3,-5.8139534883719923E-3,NaN,NaN,7.7592935423000001E-4,NaN,NaN
192404,8.5,0.53669999999999995,0.96330000000000005,0.61017323182169259,3.3799999999999997E-2,5.0799999999999998E-2,7.0300000000000001E-2,4.2300000000000004E-2,NaN,2.9749999999999998E-3,-5.8479532163743242E-3,NaN,NaN,1.0947744839600001E-3,NaN,NaN
192405,8.4700000000000006,0.5383,0.95920000000000005,0.61512791991101212,2.29E-2,5.04E-2,6.9699999999999998E-2,4.1500000000000002E-2,NaN,2.8166666666666665E-3,0,NaN,NaN,7.3526957293000008E-4,NaN,NaN
192406,8.6300000000000008,0.54,0.95499999999999996,0.57383003009235234,2.4399999999999998E-2,4.99E-2,6.8199999999999997E-2,3.9800000000000002E-2,NaN,1.9083333333333333E-3,0,NaN,NaN,7.6467558605999983E-4,NaN,NaN
192407,9.0299999999999994,0.54169999999999996,0.95079999999999998,0.54141374583904445,1.9199999999999998E-2,4.9500000000000002E-2,6.6699999999999995E-2,3.9399999999999998E-2,NaN,2.0333333333333332E-3,5.8823529411764497E-3,NaN,NaN,3.7728219667000005E-4,NaN,NaN
192408,9.34,0.54330000000000001,0.94669999999999999,0.53101594008066066,1.9E-2,4.9500000000000002E-2,6.6900000000000001E-2,3.9100000000000003E-2,NaN,1.5999999999999999E-3,-5.8479532163743242E-3,NaN,NaN,6.9372376726999974E-4,NaN,NaN
192409,9.25,0.54500000000000004,0.9425,0.53606048856145794,2.1400000000000002E-2,4.9500000000000002E-2,6.7299999999999999E-2,3.9199999999999999E-2,NaN,1.5833333333333333E-3,5.8823529411764497E-3,NaN,NaN,8.6997191963999999E-4,NaN,NaN
192410,9.1300000000000008,0.54669999999999996,0.93830000000000002,0.5314241783586392,2.41E-2,4.9200000000000001E-2,6.6199999999999995E-2,3.8699999999999998E-2,NaN,1.7833333333333334E-3,5.8479532163742132E-3,NaN,NaN,1.1261583661200004E-3,NaN,NaN
192411,9.64,0.54830000000000001,0.93420000000000003,0.49774977497749773,2.58E-2,4.9400000000000006E-2,6.54E-2,3.9E-2,NaN,2.0083333333333333E-3,0,NaN,NaN,9.5105455263999985E-4,NaN,NaN
192412,10.16,0.55000000000000004,0.93,0.45888308024230351,2.5699999999999997E-2,4.9500000000000002E-2,6.4600000000000005E-2,3.9599999999999996E-2,NaN,2.15E-3,5.8139534883721034E-3,NaN,NaN,1.0657234655300002E-3,NaN,NaN
192501,10.58,0.55420000000000003,0.95669999999999999,0.44780953923394606,2.6099999999999998E-2,4.9500000000000002E-2,6.4399999999999999E-2,3.9599999999999996E-2,NaN,2.1416666666666667E-3,0,NaN,NaN,1.05416168761E-3,NaN,NaN
192502,10.67,0.55830000000000002,0.98329999999999995,0.4523887434554974,2.6200000000000001E-2,4.9500000000000002E-2,6.3600000000000004E-2,3.95E-2,NaN,2.1749999999999999E-3,-5.7803468208093012E-3,NaN,NaN,1.0555413168E-3,NaN,NaN
192503,10.39,0.5625,1.01,0.5224839400428265,2.7799999999999998E-2,4.9100000000000005E-2,6.3600000000000004E-2,3.9599999999999996E-2,NaN,2.1833333333333336E-3,5.8139534883721034E-3,NaN,NaN,2.9532946682600003E-3,NaN,NaN
192504,10.28,0.56669999999999998,1.0369999999999999,0.50829097575202065,2.7799999999999998E-2,4.87E-2,6.4100000000000004E-2,3.9300000000000002E-2,NaN,2.3166666666666665E-3,-5.7803468208093012E-3,NaN,NaN,7.4620610274999993E-4,NaN,NaN
192505,10.61,0.57079999999999997,1.0629999999999999,0.46941131204309355,2.7300000000000001E-2,4.8300000000000003E-2,6.3E-2,3.8699999999999998E-2,NaN,2.3166666666666665E-3,5.8139534883721034E-3,NaN,NaN,5.2032271649999999E-4,NaN,NaN
192506,10.8,0.57499999999999996,1.0900000000000001,0.46561331196091904,2.86E-2,4.8300000000000003E-2,6.1799999999999994E-2,3.7900000000000003E-2,NaN,2.2750000000000001E-3,1.156069364161838E-2,NaN,NaN,8.4160705679999989E-4,NaN,NaN
192507,11.1,0.57920000000000005,1.117,0.45587026380689039,3.0600000000000002E-2,4.87E-2,6.2E-2,3.7900000000000003E-2,NaN,2.3833333333333332E-3,1.1428571428571344E-2,NaN,NaN,3.7748983606999997E-4,NaN,NaN
192508,11.25,0.58330000000000004,1.143,0.43207253152004532,3.0099999999999998E-2,4.9000000000000002E-2,6.2400000000000004E-2,3.85E-2,NaN,2.5500000000000002E-3,0,NaN,NaN,5.4390252816999989E-4,NaN,NaN
192509,11.51,0.58750000000000002,1.17,0.42520563223198099,3.1699999999999999E-2,4.87E-2,6.2E-2,3.85E-2,NaN,2.5083333333333333E-3,0,NaN,NaN,1.4562890103700001E-3,NaN,NaN
192510,11.89,0.5917,1.1970000000000001,0.39190491487311274,3.5299999999999998E-2,4.8499999999999995E-2,6.1699999999999998E-2,3.8199999999999998E-2,NaN,2.6416666666666667E-3,0,NaN,NaN,7.4753073375000026E-4,NaN,NaN
192511,12.26,0.5958,1.2230000000000001,0.40375959756420438,3.6499999999999998E-2,4.8399999999999999E-2,6.1699999999999998E-2,3.7900000000000003E-2,NaN,2.9416666666666666E-3,1.6949152542372836E-2,NaN,NaN,2.7194779908399996E-3,NaN,NaN
192512,12.46,0.6,1.25,0.38937827141580494,3.5099999999999999E-2,4.8499999999999995E-2,6.1500000000000006E-2,3.7999999999999999E-2,NaN,3.0416666666666665E-3,-5.5555555555556468E-3,NaN,NaN,5.1268190524000011E-4,NaN,NaN
192601,12.74,0.60750000000000004,1.2490000000000001,0.38767079758500161,3.49E-2,4.82E-2,6.0899999999999996E-2,3.7400000000000003E-2,NaN,2.9249999999999996E-3,0,1.38E-2,7.1999999999999998E-3,8.5742829499999983E-4,-1.7830000000000001E-3,-3.98E-3
192602,12.18,0.61499999999999999,1.248,0.39436255495215927,3.1800000000000002E-2,4.7699999999999992E-2,6.0199999999999997E-2,3.7199999999999997E-2,NaN,2.9083333333333335E-3,0,6.3E-3,4.4999999999999997E-3,1.0985957190000003E-3,-3.3295999999999999E-2,-3.7876E-2
192603,11.46,0.62250000000000005,1.248,0.49409084436850348,3.1400000000000004E-2,4.7899999999999998E-2,6.0499999999999998E-2,3.7100000000000001E-2,NaN,2.65E-3,-5.5865921787707773E-3,4.1000000000000003E-3,8.3999999999999995E-3,6.0155996070000006E-3,-5.7708000000000002E-2,-6.2007E-2
192604,11.72,0.63,1.2470000000000001,0.48291698559599194,3.0800000000000001E-2,4.7400000000000005E-2,5.9800000000000006E-2,3.6799999999999999E-2,NaN,2.6166666666666669E-3,5.6179775280897903E-3,7.6E-3,9.7000000000000003E-3,1.4659152269999999E-3,3.8522000000000001E-2,3.4855999999999998E-2
192605,11.81,0.63749999999999996,1.246,0.48385972251272397,3.1699999999999999E-2,4.7100000000000003E-2,5.8600000000000006E-2,3.6900000000000002E-2,NaN,2.5666666666666667E-3,-5.5865921787707773E-3,1.4E-3,4.4000000000000003E-3,6.9035714999999957E-4,1.3623E-2,9.0699999999999999E-3
192606,12.32,0.64500000000000002,1.2450000000000001,0.45347621536853117,2.9300000000000003E-2,4.7199999999999999E-2,5.7999999999999996E-2,3.6799999999999999E-2,NaN,2.6416666666666667E-3,-5.6179775280900124E-3,3.8E-3,4.0000000000000002E-4,6.0168919099999997E-4,5.6426999999999998E-2,5.0195999999999998E-2
192607,12.88,0.65249999999999997,1.244,0.43326257959795234,3.1099999999999999E-2,4.7100000000000003E-2,5.79E-2,3.6999999999999998E-2,NaN,2.2000000000000001E-3,-1.1299435028248594E-2,4.0000000000000002E-4,5.7000000000000002E-3,6.4288841499999996E-4,4.0403000000000001E-2,3.8168000000000001E-2
192608,13.1,0.66,1.2430000000000001,0.42705064303735163,3.27E-2,4.7199999999999999E-2,5.8099999999999999E-2,3.73E-2,NaN,2.5000000000000001E-3,-5.7142857142857828E-3,0,4.4000000000000003E-3,1.2086279980000002E-3,2.9822000000000001E-2,2.5746999999999999E-2
192609,13.4,0.66749999999999998,1.242,0.43871294013528039,3.4200000000000001E-2,4.7199999999999999E-2,5.79E-2,3.7199999999999997E-2,NaN,2.3E-3,5.7471264367816577E-3,3.8E-3,5.7000000000000002E-3,7.4076936600000012E-4,1.342E-2,9.1219999999999999E-3
192610,12.98,0.67500000000000004,1.242,0.46033430618201121,3.5799999999999998E-2,4.7100000000000003E-2,5.8099999999999999E-2,3.6700000000000003E-2,NaN,3.2000000000000002E-3,5.7142857142857828E-3,1.0200000000000001E-2,9.7000000000000003E-3,2.1611478579999996E-3,-3.0172000000000001E-2,-3.2433999999999998E-2
192611,13.27,0.6825,1.2410000000000001,0.44330884701373363,3.3500000000000002E-2,4.6799999999999994E-2,5.7699999999999994E-2,3.5799999999999998E-2,NaN,3.0999999999999999E-3,5.6818181818181213E-3,1.6E-2,5.7000000000000002E-3,5.3858853900000002E-4,2.6936999999999999E-2,1.9366999999999999E-2
192612,13.49,0.69,1.24,0.44147582697201027,3.0699999999999998E-2,4.6799999999999994E-2,5.6799999999999996E-2,3.5400000000000001E-2,5.0876177315979106E-2,2.8000000000000004E-3,0,7.7999999999999996E-3,5.5999999999999999E-3,4.6461780899999998E-4,2.6047000000000001E-2,2.0320999999999999E-2
192701,13.21,0.69669999999999999,1.2290000000000001,0.44370564541909091,3.2300000000000002E-2,4.6600000000000003E-2,5.6100000000000004E-2,3.5099999999999999E-2,5.0823784690053213E-2,2.5000000000000001E-3,-1.1299435028248594E-2,7.4999999999999997E-3,5.5999999999999999E-3,4.6989469600000004E-4,-2.9099999999999998E-3,-5.5789999999999998E-3
192702,13.84,0.70330000000000004,1.218,0.42850086441096569,3.2899999999999999E-2,4.6699999999999998E-2,5.5899999999999998E-2,3.4700000000000002E-2,5.1667642656708319E-2,2.5999999999999999E-3,-5.7142857142857828E-3,8.8000000000000005E-3,6.8999999999999999E-3,2.8733434600000006E-4,4.5522E-2,4.0565999999999998E-2
192703,13.93,0.71,1.208,0.46976511744127936,3.2000000000000001E-2,4.6199999999999998E-2,5.5399999999999998E-2,3.3099999999999997E-2,4.6356575992793039E-2,3.0000000000000001E-3,-5.7471264367814356E-3,2.53E-2,8.3000000000000001E-3,9.2419275299999971E-4,7.3239999999999998E-3,2.6099999999999999E-3
192704,14.17,0.7167,1.1970000000000001,0.45675413022351802,3.39E-2,4.58E-2,5.4800000000000001E-2,3.3300000000000003E-2,5.0514024277940668E-2,2.5000000000000001E-3,0,-5.0000000000000001E-4,5.4999999999999997E-3,6.0258857099999993E-4,1.3021E-2,1.0907E-2
192705,14.91,0.72330000000000005,1.1859999999999999,0.43478260869565216,3.3300000000000003E-2,4.5700000000000005E-2,5.5E-2,3.27E-2,5.5275389796401543E-2,3.0000000000000001E-3,5.7803468208090791E-3,1.09E-2,-1.1000000000000001E-3,3.9173375600000014E-4,6.2352999999999999E-2,5.7096000000000001E-2
192706,14.77,0.73,1.175,0.45238524935330571,3.0699999999999998E-2,4.58E-2,5.5500000000000001E-2,3.3399999999999999E-2,5.8821916174431284E-2,2.5999999999999999E-3,1.1494252873563315E-2,-6.8999999999999999E-3,4.3E-3,8.2457695099999993E-4,-2.0369999999999999E-2,-2.5704999999999999E-2
192707,15.73,0.73670000000000002,1.1639999999999999,0.4145534729878721,2.9600000000000001E-2,4.5999999999999999E-2,5.5500000000000001E-2,3.3300000000000003E-2,5.9749925307144625E-2,3.0000000000000001E-3,-1.7045454545454586E-2,5.0000000000000001E-3,2.9999999999999997E-4,4.2577976300000003E-4,8.4449999999999997E-2,8.1686999999999996E-2
192708,16.43,0.74329999999999996,1.153,0.39622740924179362,2.7000000000000003E-2,4.5599999999999995E-2,5.4800000000000001E-2,3.2899999999999999E-2,5.4521771691877635E-2,2.8000000000000004E-3,-5.7803468208093012E-3,7.6E-3,8.3000000000000001E-3,1.2764138519999997E-3,3.3320000000000002E-2,2.8624E-2
192709,17.14,0.75,1.143,0.38058606204767448,2.6800000000000001E-2,4.5400000000000003E-2,5.4199999999999998E-2,3.3000000000000002E-2,9.4612977089917533E-2,2.0999999999999999E-3,5.8139534883721034E-3,1.8E-3,1.49E-2,1.1233494790000001E-3,5.3016000000000001E-2,4.9095E-2
192710,16.23,0.75670000000000004,1.1319999999999999,0.41380069333626812,3.0800000000000001E-2,4.5100000000000001E-2,5.3800000000000001E-2,3.2500000000000001E-2,9.4366735446562364E-2,2.5000000000000001E-3,5.7803468208090791E-3,9.9000000000000008E-3,5.4999999999999997E-3,1.559337454E-3,-4.6803999999999998E-2,-4.8959999999999997E-2
192711,17.329999999999998,0.76329999999999998,1.121,0.37939559053529087,3.04E-2,4.4900000000000002E-2,5.3499999999999999E-2,3.2000000000000001E-2,8.2267185879292284E-2,2.0999999999999999E-3,-5.7471264367814356E-3,9.7000000000000003E-3,6.7999999999999996E-3,9.2965913799999999E-4,7.0545999999999998E-2,6.4269999999999994E-2
192712,17.66,0.77,1.1100000000000001,0.37468858993522675,3.1699999999999999E-2,4.4600000000000001E-2,5.3200000000000004E-2,3.1600000000000003E-2,7.6471109272024315E-2,2.2000000000000001E-3,0,7.1999999999999998E-3,6.7999999999999996E-3,6.042040580000001E-4,1.9295E-2,1.4402999999999999E-2
192801,17.57,0.77669999999999995,1.133,0.37866962082682915,3.3099999999999997E-2,4.4600000000000001E-2,5.3499999999999999E-2,3.2099999999999997E-2,6.2601454328978859E-2,2.5000000000000001E-3,0,-3.5999999999999999E-3,2.7000000000000001E-3,8.6052592000000023E-4,-7.182E-3,-9.1999999999999998E-3
192802,17.260000000000002,0.7833,1.155,0.38607659924016841,3.3300000000000003E-2,4.4600000000000001E-2,5.33E-2,3.1800000000000002E-2,5.5172633874065062E-2,3.3E-3,-1.1560693641618491E-2,6.1000000000000004E-3,6.7999999999999996E-3,6.9112393100000005E-4,-1.2548999999999999E-2,-1.6678999999999999E-2
192803,19.13,0.79,1.177,0.36325483795756591,3.27E-2,4.4600000000000001E-2,5.3200000000000004E-2,3.1699999999999999E-2,5.4363937199364554E-2,2.8999999999999998E-3,0,4.4999999999999997E-3,4.1000000000000003E-3,1.3810076760000004E-3,0.105752,0.10165200000000001
192804,19.75,0.79669999999999996,1.2,0.3680952605963238,3.6200000000000003E-2,4.4600000000000001E-2,5.33E-2,3.1899999999999998E-2,4.9372063803082109E-2,2.2000000000000001E-3,0,-4.0000000000000002E-4,1.4E-3,1.4879602859999995E-3,3.4724999999999999E-2,3.2715000000000001E-2
192805,20,0.80330000000000001,1.222,0.35439697920931718,3.9E-2,4.4900000000000002E-2,5.4199999999999998E-2,3.27E-2,4.7187375826481387E-2,3.2000000000000002E-3,5.8479532163742132E-3,-7.7000000000000002E-3,-7.7999999999999996E-3,1.8988587559999998E-3,1.2324999999999999E-2,7.4219999999999998E-3
192806,19.190000000000001,0.81,1.2450000000000001,0.37029994771117558,3.9199999999999999E-2,4.5700000000000005E-2,5.5500000000000001E-2,3.2599999999999997E-2,5.0298788851964801E-2,3.0999999999999999E-3,-5.8139534883719923E-3,4.1000000000000003E-3,-2.3999999999999998E-3,3.645476632E-3,-3.4329999999999999E-2,-3.8725000000000002E-2
192807,19.43,0.81669999999999998,1.268,0.36064814814814816,4.1200000000000001E-2,4.6100000000000002E-2,5.5800000000000002E-2,3.44E-2,5.9380329787970559E-2,3.2000000000000002E-3,0,-2.1700000000000001E-2,-1E-3,1.6749798640000003E-3,1.0116999999999999E-2,8.2780000000000006E-3
192808,20.87,0.82330000000000003,1.29,0.32402978245497277,4.36E-2,4.6399999999999997E-2,5.6100000000000004E-2,3.4099999999999998E-2,5.7398906290053092E-2,3.2000000000000002E-3,0,7.6E-3,8.3000000000000001E-3,1.229316929E-3,7.0230000000000001E-2,6.5514000000000003E-2
192809,21.37,0.83,1.3120000000000001,0.32816581009352097,4.5700000000000005E-2,4.6100000000000002E-2,5.5899999999999998E-2,3.4599999999999999E-2,2.7980056919657832E-2,2.7000000000000001E-3,1.1695906432748426E-2,-4.1000000000000003E-3,3.0000000000000001E-3,6.5046424100000002E-4,2.2408999999999998E-2,1.9937E-2
192810,21.68,0.8367,1.335,0.3089308375634518,4.7E-2,4.6100000000000002E-2,5.5800000000000002E-2,3.3599999999999998E-2,3.4019371640182691E-2,4.0999999999999995E-3,-5.7803468208093012E-3,1.5800000000000002E-2,8.3000000000000001E-3,6.7884546199999997E-4,1.3839000000000001E-2,1.2055E-2
192811,24.28,0.84330000000000005,1.357,0.26552593905515032,4.2599999999999999E-2,4.58E-2,5.5500000000000001E-2,3.3799999999999997E-2,3.8372009574330145E-2,3.8E-3,0,2.9999999999999997E-4,-3.5999999999999999E-3,1.5232956979999998E-3,0.122975,0.116704
192812,24.35,0.85,1.38,0.25966666666666671,4.2599999999999999E-2,4.6100000000000002E-2,5.5999999999999994E-2,3.4000000000000002E-2,6.3068738326882354E-2,5.9999999999999995E-4,-5.8139534883719923E-3,4.0000000000000002E-4,8.3999999999999995E-3,4.0774699539999999E-3,6.2319999999999997E-3,2.8879999999999999E-3
192901,25.74,0.86,1.399,0.24534660325659036,4.6600000000000003E-2,4.6199999999999998E-2,5.6299999999999996E-2,3.49E-2,7.8448656408289602E-2,3.4000000000000002E-3,0,-8.9999999999999993E-3,4.3E-3,1.7008226370000003E-3,5.5473000000000001E-2,5.3892000000000002E-2
192902,25.59,0.87,1.4179999999999999,0.24542389968810055,4.3899999999999995E-2,4.6600000000000003E-2,5.6600000000000004E-2,3.6299999999999999E-2,7.1783137288878598E-2,3.5999999999999999E-3,0,-1.5699999999999999E-2,3.0000000000000001E-3,2.6701165459999997E-3,-4.8739999999999999E-3,-8.0750000000000006E-3
192903,25.53,0.88,1.4379999999999999,0.27230046948356806,4.5999999999999999E-2,4.7E-2,5.79E-2,3.7699999999999997E-2,7.9804566396667997E-2,3.4000000000000002E-3,-5.8479532163743242E-3,-1.44E-2,-8.6999999999999994E-3,3.6114071320000008E-3,1.54E-4,-3.2130000000000001E-3
192904,25.94,0.89,1.4570000000000001,0.26339691189827424,4.8000000000000001E-2,4.6900000000000004E-2,5.7999999999999996E-2,3.5799999999999998E-2,9.9322632882306611E-2,3.5999999999999999E-3,-5.8823529411765607E-3,2.75E-2,1.9E-3,2.3043614829999998E-3,1.9559E-2,1.8234E-2
192905,24.83,0.9,1.476,0.28277462089371569,5.0900000000000001E-2,4.7E-2,5.7999999999999996E-2,3.73E-2,0.11798666814996976,4.4000000000000003E-3,5.9171597633136397E-3,-1.6199999999999999E-2,4.4999999999999997E-3,4.7598083629999998E-3,-4.1280999999999998E-2,-4.6101000000000003E-2
192906,27.62,0.91,1.4950000000000001,0.25358058193879091,4.8000000000000001E-2,4.7699999999999992E-2,5.9400000000000001E-2,3.6700000000000003E-2,0.11619736035933806,5.1999999999999998E-3,5.8823529411764497E-3,1.0999999999999999E-2,-4.5999999999999999E-3,1.3403801390000001E-3,0.112294,0.109584
192907,28.88,0.92,1.514,0.24187517975266032,4.5499999999999999E-2,4.7699999999999992E-2,5.9500000000000004E-2,3.6900000000000002E-2,0.11068793963786124,3.3E-3,1.1695906432748426E-2,0,2E-3,1.2818127249999999E-3,5.0014000000000003E-2,4.8186E-2
192908,31.71,0.93,1.5329999999999999,0.22112376094444297,4.7E-2,4.7899999999999998E-2,6.0400000000000002E-2,3.7499999999999999E-2,0.11527731496068437,4.0000000000000001E-3,0,-3.3999999999999998E-3,2E-3,3.3821020270000004E-3,9.4870999999999997E-2,9.0732999999999994E-2
192909,30.16,0.94,1.552,0.2448682486533702,4.58E-2,4.8000000000000001E-2,6.1200000000000004E-2,3.7499999999999999E-2,0.12139011770112267,3.4999999999999996E-3,0,2.7000000000000001E-3,3.3999999999999998E-3,3.392282425E-3,-5.0941E-2,-5.3046000000000003E-2
192910,24.15,0.95,1.5720000000000001,0.30748418704983366,4.3700000000000003E-2,4.7699999999999992E-2,6.1100000000000002E-2,3.4700000000000002E-2,0.1596118359731106,4.5999999999999999E-3,0,3.8199999999999998E-2,7.3000000000000001E-3,5.3507542711999999E-2,-0.18615000000000001,-0.188115
192911,20.92,0.96,1.591,0.35195647625026155,3.4700000000000002E-2,4.7599999999999996E-2,6.0299999999999999E-2,3.3099999999999997E-2,0.1770397921351953,3.7000000000000002E-3,0,2.3599999999999999E-2,-1.8E-3,3.6448745870999992E-2,-0.125359,-0.13037399999999999
192912,21.45,0.97,1.61,0.3384578235672891,3.0299999999999997E-2,4.6699999999999998E-2,5.9500000000000004E-2,3.4000000000000002E-2,0.16352217212029735,3.7000000000000002E-3,-5.7803468208093012E-3,-8.8999999999999999E-3,1.9199999999999998E-2,1.0214629578000003E-2,2.7753E-2,2.3571000000000002E-2
193001,22.79,0.9708,1.5569999999999999,0.31481620124279402,3.39E-2,4.6600000000000003E-2,5.9200000000000003E-2,3.4700000000000002E-2,0.15331419886537531,1.4000000000000002E-3,-5.8139534883719923E-3,-5.7000000000000002E-3,5.8999999999999999E-3,1.4331607769999997E-3,5.9631999999999998E-2,5.7031999999999999E-2
193002,23.28,0.97170000000000001,1.5029999999999999,0.31020618936962852,3.3599999999999998E-2,4.6900000000000004E-2,5.8899999999999994E-2,3.39E-2,0.15925562859833145,3.0000000000000001E-3,-5.8479532163743242E-3,1.29E-2,7.1999999999999998E-3,1.7247059009999999E-3,2.6041000000000002E-2,2.1516E-2
193003,25.14,0.97250000000000003,1.45,0.31911918909472209,2.9500000000000002E-2,4.6199999999999998E-2,5.7300000000000004E-2,3.3500000000000002E-2,0.14549617662007686,3.4999999999999996E-3,-5.8823529411765607E-3,8.3000000000000001E-3,1.38E-2,1.5040436309999997E-3,7.2347999999999996E-2,6.9350999999999996E-2
193004,24.9,0.97330000000000005,1.397,0.32697059771514519,0.03,4.5999999999999999E-2,5.7000000000000002E-2,3.3799999999999997E-2,0.12968089208120492,2.0999999999999999E-3,5.9171597633136397E-3,-1.6000000000000001E-3,8.3999999999999995E-3,1.933861666E-3,-1.3938000000000001E-2,-1.5866999999999999E-2
193005,24.49,0.97419999999999995,1.343,0.33191551241502165,2.41E-2,4.5999999999999999E-2,5.7200000000000001E-2,3.2899999999999999E-2,0.12492680707446609,2.5999999999999999E-3,-5.8823529411765607E-3,1.3899999999999999E-2,5.7000000000000002E-3,4.6934394350000002E-3,-1.1148E-2,-1.5304E-2
193006,20.46,0.97499999999999998,1.29,0.40337545285853138,1.89E-2,4.5700000000000005E-2,5.7800000000000004E-2,3.2800000000000003E-2,0.13100104494235637,2.7000000000000001E-3,-5.9171597633135287E-3,5.1000000000000004E-3,1.0999999999999999E-2,1.4447861585000003E-2,-0.15571499999999999,-0.15918199999999999
193007,21.21,0.9758,1.2370000000000001,0.39018761485533565,1.83E-2,4.5199999999999997E-2,5.7699999999999994E-2,3.27E-2,0.14055083330216656,2E-3,-1.1904761904761862E-2,3.3999999999999998E-3,5.5999999999999999E-3,4.920445838E-3,3.8712999999999997E-2,3.6394999999999997E-2
193008,21.37,0.97670000000000001,1.1830000000000001,0.37975210049080776,1.5300000000000001E-2,4.4699999999999997E-2,5.7300000000000004E-2,3.2800000000000003E-2,0.12149495403343429,8.9999999999999998E-4,-6.0240963855422436E-3,1.2999999999999999E-3,1.3599999999999999E-2,4.0499264930000008E-3,1.1266E-2,6.6909999999999999E-3
193009,18.59,0.97750000000000004,1.1299999999999999,0.44558321132259637,1.77E-2,4.4199999999999996E-2,5.6500000000000002E-2,3.2399999999999998E-2,0.12720037621036412,2.2000000000000001E-3,6.0606060606060996E-3,7.4000000000000003E-3,1.0800000000000001E-2,3.7384062569999999E-3,-0.12354900000000001,-0.127635
193010,16.940000000000001,0.97829999999999995,1.077,0.49795473138805563,1.7399999999999999E-2,4.4199999999999996E-2,5.9400000000000001E-2,3.2399999999999998E-2,0.12949135796762298,8.9999999999999998E-4,-6.0240963855422436E-3,3.5000000000000001E-3,5.4000000000000003E-3,1.2876666363000002E-2,-8.3680000000000004E-2,-8.6393999999999999E-2
193011,16.57,0.97919999999999996,1.0229999999999999,0.5046708307998452,1.3999999999999999E-2,4.4699999999999997E-2,6.25E-2,3.2199999999999999E-2,0.13775286750338017,1.2999999999999999E-3,-6.0606060606060996E-3,4.1999999999999997E-3,-1.1999999999999999E-3,7.1600721269999999E-3,-1.9736E-2,-2.4112999999999999E-2
193012,15.34,0.98,0.97,0.55474541256531773,1.4800000000000001E-2,4.5199999999999997E-2,6.7099999999999993E-2,3.3000000000000002E-2,0.113885891124179,1.4000000000000002E-3,-1.8292682926829062E-2,-7.0000000000000001E-3,-8.9999999999999993E-3,8.166329261999998E-3,-7.1479000000000001E-2,-7.7706999999999998E-2
193101,16.09,0.9667,0.94,0.53915200188968937,1.24E-2,4.4199999999999996E-2,6.4100000000000004E-2,3.4299999999999997E-2,8.9722128867865278E-2,1.5E-3,-1.2422360248447228E-2,-1.21E-2,2.0299999999999999E-2,5.2243116139999999E-3,5.9526999999999997E-2,5.6729000000000002E-2
193102,17.93,0.95330000000000004,0.91,0.47966796259325417,1.06E-2,4.4299999999999999E-2,6.3799999999999996E-2,3.3799999999999997E-2,8.2543575022987301E-2,4.0000000000000002E-4,-1.2578616352201366E-2,8.5000000000000006E-3,6.7999999999999996E-3,2.8846262890000001E-3,0.110943,0.105279
193103,16.690000000000001,0.94,0.88,0.52912508702715244,1.38E-2,4.3899999999999995E-2,6.4399999999999999E-2,3.32E-2,7.398015422463762E-2,1.2999999999999999E-3,-6.3694267515923553E-3,1.04E-2,9.4000000000000004E-3,4.1687518369999997E-3,-6.8939E-2,-7.3451000000000002E-2
193104,15.09,0.92669999999999997,0.85,0.60321449831338059,1.49E-2,4.4000000000000004E-2,6.7199999999999996E-2,3.27E-2,7.778101276284391E-2,8.0000000000000004E-4,-6.4102564102563875E-3,8.6E-3,6.7000000000000002E-3,6.7092657430000008E-3,-9.2954999999999996E-2,-9.5460000000000003E-2
193105,13.02,0.9133,0.82,0.7099486221391873,8.8000000000000005E-3,4.3700000000000003E-2,7.1500000000000008E-2,3.1699999999999999E-2,7.1381538302023304E-2,8.9999999999999998E-4,-1.2903225806451535E-2,1.4500000000000001E-2,1.34E-2,6.9106954130000002E-3,-0.13767399999999999,-0.14302000000000001
193106,14.83,0.9,0.79,0.60727127447063523,5.5000000000000005E-3,4.36E-2,7.3599999999999999E-2,3.1899999999999998E-2,6.3758597401853384E-2,8.0000000000000004E-4,-1.3071895424836666E-2,4.0000000000000002E-4,5.1999999999999998E-3,2.3332949589999995E-2,0.14649200000000001,0.139763
193107,13.73,0.88670000000000004,0.76,0.6736095723465545,4.0999999999999995E-3,4.36E-2,7.0800000000000002E-2,3.2500000000000001E-2,3.4007377586476539E-2,5.9999999999999995E-4,0,-4.1999999999999997E-3,5.1999999999999998E-3,7.0392563519999993E-3,-7.5465000000000004E-2,-7.8570000000000001E-2
193108,13.86,0.87329999999999997,0.73,0.65418549601893694,4.1999999999999997E-3,4.4000000000000004E-2,7.4700000000000003E-2,3.2599999999999997E-2,2.0158279783492435E-2,2.9999999999999997E-4,0,1.1999999999999999E-3,1.1999999999999999E-3,4.5420398380000013E-3,7.7790000000000003E-3,2.3040000000000001E-3
193109,9.7100000000000009,0.86,0.7,0.94400165614325637,4.5000000000000005E-3,4.5499999999999999E-2,8.0700000000000008E-2,3.5299999999999998E-2,3.0371887473170892E-2,2.9999999999999997E-4,-6.6225165562913135E-3,-2.81E-2,-1.4E-3,2.3458994588999995E-2,-0.28746100000000002,-0.29152400000000001
193110,10.53,0.84670000000000001,0.67,0.87717610849283456,1.7000000000000001E-2,4.99E-2,9.0399999999999994E-2,3.85E-2,1.1271186406309268E-2,1E-3,-6.6666666666665986E-3,-3.3000000000000002E-2,-3.6299999999999999E-2,4.2501955459999997E-2,7.6738000000000001E-2,7.2833999999999996E-2
193111,9.5,0.83330000000000004,0.64,0.97155640779801855,1.77E-2,4.9400000000000006E-2,8.929999999999999E-2,3.85E-2,3.3982261969003852E-3,1.7000000000000001E-3,-1.34228187919464E-2,2.7000000000000001E-3,-1.89E-2,1.1434543961999999E-2,-0.100909,-0.10939599999999999
193112,8.1199999999999992,0.82,0.61,1.1707317073170731,2.41E-2,5.3200000000000004E-2,0.1042,4.07E-2,-1.2921001328220827E-2,1.1999999999999999E-3,-6.8027210884353817E-3,-2.1999999999999999E-2,-2.86E-2,2.1195349347000007E-2,-0.13755700000000001,-0.14547099999999999
193201,7.89,0.79330000000000001,0.59330000000000005,1.1913781841933377,2.4799999999999999E-2,5.2000000000000005E-2,9.1300000000000006E-2,3.9E-2,-1.1577435228515986E-2,2.3E-3,-2.0547945205479423E-2,3.3999999999999998E-3,-5.1999999999999998E-3,1.7376784498999997E-2,-1.8803E-2,-2.1066999999999999E-2
193202,8.2899999999999991,0.76670000000000005,0.57669999999999999,1.1198428290766209,2.4199999999999999E-2,5.2300000000000006E-2,8.8699999999999987E-2,3.6700000000000003E-2,-1.5727669163847255E-2,2.3E-3,-1.3986013986014068E-2,4.1300000000000003E-2,-2.3800000000000002E-2,2.6715250608000007E-2,5.3580999999999997E-2,4.5233000000000002E-2
193203,7.31,0.74,0.56000000000000005,1.1858624454148472,2.2499999999999999E-2,4.9800000000000004E-2,8.8300000000000003E-2,3.6999999999999998E-2,-8.4155116908290386E-3,1.6000000000000001E-3,-7.0921985815602939E-3,-1.8E-3,3.56E-2,1.3408922083000001E-2,-0.118907,-0.125245
193204,5.83,0.71330000000000005,0.54330000000000001,1.5537278741283749,1.11E-2,5.1699999999999996E-2,0.10460000000000001,3.3599999999999998E-2,-1.5474679195340704E-2,1.1000000000000001E-3,-7.1428571428571175E-3,6.0400000000000002E-2,-1.7600000000000001E-2,1.9851412741E-2,-0.20529500000000001,-0.20763699999999999
193205,4.47,0.68669999999999998,0.52669999999999995,1.942333482342423,3.0999999999999999E-3,5.3600000000000002E-2,0.11,3.49E-2,-3.4050804997089991E-2,5.9999999999999995E-4,-1.4388489208633115E-2,-1.8800000000000001E-2,1.0699999999999999E-2,2.3183792311999997E-2,-0.232123,-0.240123
193206,4.43,0.66,0.51,2.0284780578898225,3.4000000000000002E-3,5.4100000000000002E-2,0.11,3.4700000000000002E-2,-4.0688371256073441E-2,2.0000000000000001E-4,-7.2992700729926918E-3,6.4999999999999997E-3,-8.9999999999999998E-4,3.4302583221999992E-2,2.7680000000000001E-3,-6.5069999999999998E-3
193207,6.1,0.63329999999999997,0.49330000000000002,1.6125440712562629,2.2000000000000001E-3,5.2600000000000001E-2,0.1079,3.2000000000000001E-2,-2.9176136077137798E-2,2.9999999999999997E-4,0,4.8099999999999997E-2,4.3E-3,2.0110578496999997E-2,0.39183800000000002,0.39000600000000002
193208,8.39,0.60670000000000002,0.47670000000000001,1.1878075451066157,1.4000000000000002E-3,4.9100000000000005E-2,8.2200000000000009E-2,3.2099999999999997E-2,-1.5063687528009469E-2,2.9999999999999997E-4,-7.3529411764705621E-3,2.9999999999999997E-4,4.36E-2,4.0019305911999994E-2,0.40197899999999998,0.39416400000000001
193209,8.08,0.57999999999999996,0.46,1.2143655673560649,2.9999999999999997E-4,4.7E-2,7.6100000000000001E-2,3.1899999999999998E-2,7.043779974883293E-4,2.9999999999999997E-4,-7.4074074074074181E-3,5.7000000000000002E-3,3.0099999999999998E-2,4.3298566157E-2,-2.9526E-2,-3.4118000000000002E-2
193210,6.96,0.55330000000000001,0.44330000000000003,1.4038772213247175,1E-4,4.6399999999999997E-2,7.8700000000000006E-2,3.2199999999999999E-2,-2.8741334037648814E-3,2.0000000000000001E-4,-7.4626865671642006E-3,-1.6999999999999999E-3,7.4000000000000003E-3,3.5644758487999993E-2,-0.142069,-0.143263
193211,6.55,0.52669999999999995,0.42670000000000002,1.5421472937000889,1E-4,4.6300000000000001E-2,8.2400000000000001E-2,3.2199999999999999E-2,-3.3221508053897062E-3,2.0000000000000001E-4,-7.5187969924812581E-3,3.2000000000000002E-3,7.3000000000000001E-3,2.3316603119999998E-2,-5.2227999999999997E-2,-5.8701999999999997E-2
193212,6.89,0.5,0.41,1.44208430136077,4.0000000000000002E-4,4.5899999999999996E-2,8.4199999999999997E-2,3.15E-2,-5.0324799021247649E-3,1E-4,-7.575757575757569E-3,1.3100000000000001E-2,1.3899999999999999E-2,1.0223098855E-2,6.1568999999999999E-2,5.3748999999999998E-2
193301,6.94,0.495,0.41249999999999998,1.426929392446634,7.000000000000001E-4,4.4400000000000002E-2,8.0100000000000005E-2,3.0800000000000001E-2,-6.4907127099130659E-3,1E-4,-1.5267175572518998E-2,1.4800000000000001E-2,5.4699999999999999E-2,5.9166089369999978E-3,1.3938000000000001E-2,1.2574999999999999E-2
193302,5.66,0.49,0.41499999999999998,1.6909904650710257,1E-4,4.4800000000000006E-2,8.3699999999999997E-2,3.2500000000000001E-2,-5.817823359429538E-3,-2.9999999999999997E-4,-1.5503875968992276E-2,-2.58E-2,-5.2299999999999999E-2,1.5666928171999998E-2,-0.179558,-0.18603500000000001
193303,5.85,0.48499999999999999,0.41749999999999998,1.4765342960288808,1.34E-2,4.6799999999999994E-2,8.9099999999999999E-2,3.2099999999999997E-2,-2.1883809986205545E-2,4.0000000000000002E-4,-7.8740157480314821E-3,9.7000000000000003E-3,4.7000000000000002E-3,3.7454110987999986E-2,3.8627000000000002E-2,3.2580999999999999E-2
193304,8.32,0.48,0.42,1.119015047879617,4.5000000000000005E-3,4.7800000000000002E-2,9.1199999999999989E-2,3.2500000000000001E-2,-6.3692975124299564E-3,1E-3,0,-3.2000000000000002E-3,-9.4999999999999998E-3,2.9151225522000002E-2,0.41431200000000001,0.41229100000000002
193305,9.64,0.47499999999999998,0.42249999999999999,0.92838497332879355,2.8999999999999998E-3,4.6300000000000001E-2,7.7399999999999997E-2,3.0800000000000001E-2,-3.0016427242042939E-3,4.0000000000000002E-4,0,3.0300000000000001E-2,5.8799999999999998E-2,1.196383281E-2,0.174816,0.17016700000000001
193306,10.91,0.47,0.42499999999999999,0.83350315875280212,7.000000000000001E-4,4.4600000000000001E-2,7.0699999999999999E-2,3.0599999999999999E-2,7.6091739122444407E-4,2.0000000000000001E-4,7.9365079365079083E-3,5.0000000000000001E-3,1.9E-2,1.9819362465999999E-2,0.13749800000000001,0.133994
193307,9.9499999999999993,0.46500000000000002,0.42749999999999999,0.90117880356946123,1.9E-3,4.36E-2,6.6199999999999995E-2,3.09E-2,2.7134841169206472E-3,2.0000000000000001E-4,3.1496062992125928E-2,-1.6999999999999999E-3,1.61E-2,3.2868097437999996E-2,-8.4736000000000006E-2,-8.5471000000000005E-2
193308,11.09,0.46,0.43,0.79875012205839269,1E-4,4.2999999999999997E-2,6.7699999999999996E-2,3.0800000000000001E-2,2.1472240403020404E-3,2.9999999999999997E-4,7.6335877862594437E-3,4.4000000000000003E-3,9.2999999999999992E-3,1.1878964091000001E-2,0.12327200000000001,0.119807
193309,9.83,0.45500000000000002,0.4325,0.86799660441426152,4.0000000000000002E-4,4.36E-2,7.2700000000000001E-2,3.0800000000000001E-2,-4.5849011213420338E-4,2.0000000000000001E-4,0,2.3E-3,-1.4E-3,1.4249909073999999E-2,-0.118045,-0.121112
193310,8.9600000000000009,0.45,0.435,0.92785843920145195,8.9999999999999998E-4,4.3400000000000001E-2,7.4900000000000008E-2,3.15E-2,3.4629660224480404E-3,1E-4,0,-9.1000000000000004E-3,4.0000000000000001E-3,2.7675770355000004E-2,-9.0622999999999995E-2,-9.1588000000000003E-2
193311,9.8800000000000008,0.44500000000000001,0.4375,0.83350315875280212,2.2000000000000001E-3,4.5400000000000003E-2,7.980000000000001E-2,3.27E-2,5.9234774190594711E-3,2.0000000000000001E-4,0,-1.49E-2,-2.4799999999999999E-2,9.5815761109999988E-3,0.108553,0.10206999999999999
193312,10.1,0.44,0.44,0.82902604641735067,2.8999999999999998E-3,4.4999999999999998E-2,7.7499999999999999E-2,3.3599999999999998E-2,6.1958281068512245E-3,2.0000000000000001E-4,0,-1.1299999999999999E-2,2.5700000000000001E-2,5.5905698609999997E-3,2.6693999999999999E-2,2.443E-2
193401,11.17,0.44080000000000003,0.44419999999999998,0.7629173661630293,7.1999999999999998E-3,4.3499999999999997E-2,7.0099999999999996E-2,3.2099999999999997E-2,3.5583230844539156E-3,5.0000000000000001E-4,0,2.5700000000000001E-2,2.5700000000000001E-2,6.6389099220000008E-3,0.115033,0.113644
193402,10.76,0.44169999999999998,0.44829999999999998,0.79064372704426833,6.1999999999999998E-3,4.2000000000000003E-2,6.2699999999999992E-2,3.1699999999999999E-2,5.5949443372544927E-3,2.0000000000000001E-4,7.5757575757577911E-3,8.0999999999999996E-3,1.46E-2,5.5672846670000008E-3,-3.2840000000000001E-2,-3.7272E-2
193403,10.75,0.4425,0.45250000000000001,0.80251221214235868,2.3999999999999998E-3,4.1299999999999996E-2,6.2600000000000003E-2,3.0700000000000002E-2,9.6063280589430457E-3,2.0000000000000001E-4,0,1.9699999999999999E-2,1.8700000000000001E-2,6.3725246209999989E-3,5.3550000000000004E-3,2.464E-3
193404,10.46,0.44330000000000003,0.45669999999999999,0.80107473380435867,1.5E-3,4.07E-2,6.0100000000000001E-2,0.03,7.8287967282378041E-3,1E-4,0,1.26E-2,1.04E-2,1.899187354E-3,-2.5489999999999999E-2,-2.6943999999999999E-2
193405,9.61,0.44419999999999998,0.46079999999999999,0.8563829787234043,1.6000000000000001E-3,4.0099999999999997E-2,6.0499999999999998E-2,2.92E-2,7.652303605651496E-3,1E-4,0,1.3100000000000001E-2,8.9999999999999993E-3,7.3632004120000004E-3,-7.8496999999999997E-2,-8.2254999999999995E-2
193406,9.81,0.44500000000000001,0.46500000000000002,0.84073107049608353,1.5E-3,3.9300000000000002E-2,6.0599999999999994E-2,2.8899999999999999E-2,5.9827799657326325E-3,1E-4,7.5187969924812581E-3,6.7000000000000002E-3,1.5800000000000002E-2,6.8946449659999971E-3,2.4080000000000001E-2,2.1101999999999999E-2
193407,8.68,0.44579999999999997,0.46920000000000001,0.91425326519023287,1.5E-3,3.8900000000000004E-2,6.13E-2,2.8799999999999999E-2,2.9078413041202233E-3,1E-4,0,4.0000000000000001E-3,4.7000000000000002E-3,1.1531330891000001E-2,-0.11984599999999999,-0.121723
193408,9.15,0.44669999999999999,0.4733,0.8668964031875942,1.9E-3,3.9300000000000002E-2,6.4899999999999999E-2,2.9899999999999999E-2,1.9956903496031797E-2,1E-4,0,-1.18E-2,4.7000000000000002E-3,6.5014471640000007E-3,5.8650000000000001E-2,5.1629000000000001E-2
193409,9.1,0.44750000000000001,0.47749999999999998,0.87036436371499626,2.0999999999999999E-3,3.9599999999999996E-2,6.5700000000000008E-2,3.1E-2,1.9439017156694893E-2,1E-4,1.4925373134328401E-2,-1.46E-2,-6.1000000000000004E-3,4.8308185990000004E-3,-2.1599999999999999E-4,-3.127E-3
193410,8.81,0.44829999999999998,0.48170000000000002,0.86225364181662378,2.7000000000000001E-3,3.9E-2,6.4000000000000001E-2,0.03,2.3897271419255191E-2,1E-4,-7.3529411764705621E-3,1.8200000000000001E-2,1.0200000000000001E-2,4.3581610460000017E-3,-3.2662999999999998E-2,-3.3731999999999998E-2
193411,9.5399999999999991,0.44919999999999999,0.48580000000000001,0.78200893724499709,2.5000000000000001E-3,3.8599999999999995E-2,6.3700000000000007E-2,2.9899999999999999E-2,2.0711038517711416E-2,1E-4,0,3.7000000000000002E-3,1.29E-2,2.0253052059999999E-3,8.6058999999999997E-2,8.0682000000000004E-2
193412,9.5,0.45,0.49,0.77374086889657823,2.3E-3,3.8100000000000002E-2,6.2300000000000001E-2,2.93E-2,2.0812715667576712E-2,1E-4,-7.4074074074074181E-3,1.12E-2,1.01E-2,2.6089455829999999E-3,-6.8099999999999996E-4,-4.4149999999999997E-3
193501,9.1,0.45,0.56999999999999995,0.79162159504376051,2E-3,3.7699999999999997E-2,5.9800000000000006E-2,2.81E-2,2.0997429284396182E-2,1E-4,1.4925373134328401E-2,1.8200000000000001E-2,2.1100000000000001E-2,2.2136038419999994E-3,-4.2368000000000003E-2,-4.3755000000000002E-2
193502,8.74,0.45,0.65,0.78628638405938667,1.9E-3,3.6900000000000002E-2,5.9500000000000004E-2,2.75E-2,1.4708641484959453E-2,2.0000000000000001E-4,7.3529411764705621E-3,9.1999999999999998E-3,1.41E-2,3.2799819490000001E-3,-3.6839999999999998E-2,-4.2659999999999997E-2
193503,8.4700000000000006,0.45,0.73,0.80075411788053186,1.5E-3,3.6699999999999997E-2,6.2E-2,2.7400000000000001E-2,1.2045955908095339E-2,1E-4,0,4.1000000000000003E-3,4.3E-3,3.9728616799999993E-3,-3.1454000000000003E-2,-3.5324000000000001E-2
193504,9.2799999999999994,0.44666699999999998,0.75666699999999998,0.73732297852900863,1.5E-3,3.6600000000000001E-2,6.13E-2,2.69E-2,1.909368788956825E-2,1E-4,7.2992700729928028E-3,7.9000000000000008E-3,1.12E-2,3.1621684950000001E-3,9.6492999999999995E-2,9.5347000000000001E-2
193505,9.58,0.44333299999999998,0.78333299999999995,0.72939262472885036,1.5E-3,3.6499999999999998E-2,5.9400000000000001E-2,2.76E-2,1.9298040691548567E-2,1E-4,0,-5.7000000000000002E-3,4.1999999999999997E-3,2.8776616859999995E-3,3.8135000000000002E-2,3.3058999999999998E-2
193506,10.23,0.44,0.81,0.68181818181818188,1.5E-3,3.61E-2,5.7699999999999994E-2,2.7E-2,1.9343976633014789E-2,1E-4,-7.2463768115943461E-3,9.1999999999999998E-3,1.12E-2,2.8104575410000002E-3,7.0532999999999998E-2,6.7124000000000003E-2
193507,11.08,0.44,0.79333299999999995,0.63930919749663317,1.5E-3,3.56E-2,5.67E-2,2.6800000000000001E-2,1.7409774693289512E-2,1E-4,0,4.5999999999999999E-3,1.11E-2,1.680048419E-3,8.3814E-2,8.2471000000000003E-2
193508,11.32,0.44,0.776667,0.63368669022379276,1.6000000000000001E-3,3.6000000000000004E-2,5.5800000000000002E-2,2.81E-2,4.9816150974882588E-3,1E-4,0,-1.3299999999999999E-2,-4.1999999999999997E-3,3.7749858980000005E-3,2.6568999999999999E-2,2.2105E-2
193509,11.59,0.44,0.76,0.61173438447543971,2E-3,3.5900000000000001E-2,5.5300000000000002E-2,2.8199999999999999E-2,8.0266210879264485E-3,1E-4,0,8.9999999999999998E-4,0,2.4288237580000001E-3,2.5526E-2,2.2175E-2
193510,12.46,0.45,0.76,0.57750107342206958,2E-3,3.5200000000000002E-2,5.5399999999999998E-2,2.7900000000000001E-2,2.9507270761566888E-3,1E-4,0,6.1000000000000004E-3,4.1999999999999997E-3,3.2591933199999997E-3,7.1803000000000006E-2,7.0634000000000002E-2
193511,12.95,0.46,0.76,0.56695236757060563,1.6000000000000001E-3,3.4700000000000002E-2,5.4299999999999994E-2,2.8000000000000001E-2,2.2194292213505214E-3,2.0000000000000001E-4,7.2992700729928028E-3,1E-3,6.8999999999999999E-3,3.1496825709999999E-3,5.1943000000000003E-2,4.5620000000000001E-2
193512,13.43,0.47,0.76,0.55991119128564493,1.5E-3,3.44E-2,5.2999999999999999E-2,2.76E-2,8.6888345696463001E-3,1E-4,0,7.0000000000000001E-3,8.3000000000000001E-3,2.8973664429999993E-3,3.9886999999999999E-2,3.6743999999999999E-2
193601,14.31,0.48,0.77,0.53983544049769216,2E-3,3.3700000000000001E-2,0.05,2.8500000000000001E-2,8.9077280895851554E-3,1E-4,0,5.4999999999999997E-3,8.2000000000000007E-3,1.867159052E-3,7.1831999999999993E-2,7.0186999999999999E-2
193602,14.55,0.49,0.78,0.52907624729561398,2E-3,3.32E-2,4.8000000000000001E-2,2.81E-2,1.3760453503580338E-2,1E-4,0,8.0999999999999996E-3,5.4000000000000003E-3,2.2225935410000001E-3,2.2460999999999998E-2,1.8856999999999999E-2
193603,14.92,0.5,0.79,0.52769604707688367,2E-3,3.2899999999999999E-2,4.8600000000000004E-2,2.75E-2,1.3456037056592278E-2,2.0000000000000001E-4,-7.2463768115943461E-3,1.06E-2,8.2000000000000007E-3,5.0044798159999994E-3,2.4028999999999998E-2,2.1457E-2
193604,13.77,0.51666699999999999,0.82,0.56634859614196476,2E-3,3.2899999999999999E-2,4.9100000000000005E-2,2.7400000000000001E-2,1.9252871028399794E-2,2.0000000000000001E-4,0,3.5000000000000001E-3,2.5999999999999999E-3,5.7607721030000008E-3,-7.7588000000000004E-2,-7.8355999999999995E-2
193605,14.4,0.53333299999999995,0.85,0.5404874213836478,2E-3,3.27E-2,4.9400000000000006E-2,2.7300000000000001E-2,1.8627594287330487E-2,2.0000000000000001E-4,0,4.0000000000000001E-3,4.0000000000000001E-3,2.9079379030000001E-3,5.3106E-2,4.6970999999999999E-2
193606,14.84,0.55000000000000004,0.88,0.52317838797640936,2E-3,3.2400000000000005E-2,4.9000000000000002E-2,2.7300000000000001E-2,2.0813450096393838E-2,2.9999999999999997E-4,7.2992700729928028E-3,2.0999999999999999E-3,8.2000000000000007E-3,1.5684950820000002E-3,3.2542000000000001E-2,2.9509000000000001E-2
193607,15.85,0.56999999999999995,0.9,0.50042460269319422,1.5E-3,3.2300000000000002E-2,4.8399999999999999E-2,2.7099999999999999E-2,2.1746988222569832E-2,1E-4,7.2463768115942351E-3,6.0000000000000001E-3,1.1000000000000001E-3,1.5685530470000006E-3,7.3441999999999993E-2,7.2356000000000004E-2
193608,15.99,0.59,0.92,0.49612123398881475,2E-3,3.2099999999999997E-2,4.7400000000000005E-2,2.64E-2,1.9666034434026963E-2,2.0000000000000001E-4,7.194244604316502E-3,1.11E-2,6.7000000000000002E-3,2.6195074359999996E-3,1.4123999999999999E-2,8.9300000000000004E-3
193609,16.010000000000002,0.61,0.94,0.49159814086521275,1.6000000000000001E-3,3.1800000000000002E-2,4.6199999999999998E-2,2.6800000000000001E-2,2.1398482974673366E-2,1E-4,0,-3.0999999999999999E-3,6.7000000000000002E-3,1.1837587010000001E-3,4.8170000000000001E-3,1.6169999999999999E-3
193610,17.21,0.64666699999999999,0.96666700000000005,0.46570702794242164,1.2999999999999999E-3,3.1800000000000002E-2,4.5400000000000003E-2,2.69E-2,2.1804227023902535E-2,2.0000000000000001E-4,0,5.9999999999999995E-4,2.5000000000000001E-3,2.2244051480000003E-3,7.6281000000000002E-2,7.5272000000000006E-2
193611,17.28,0.68333299999999997,0.99333300000000002,0.45027835389149656,1.1000000000000001E-3,3.15E-2,4.5199999999999997E-2,2.5700000000000001E-2,2.2840762004661886E-2,1E-4,0,2.0500000000000001E-2,1.09E-2,2.8304003639999993E-3,1.0666E-2,-3.21E-4
193612,17.18,0.72,1.02,0.45858810450250137,1.1999999999999999E-3,3.1E-2,4.53E-2,2.5499999999999998E-2,2.5224721571867965E-2,0,0,3.8E-3,1E-3,1.498374538E-3,-3.8300000000000001E-3,-7.2890000000000003E-3
193701,17.829999999999998,0.73,1.05,0.44657356284507954,1.7000000000000001E-3,3.1E-2,4.4900000000000002E-2,2.58E-2,2.5003249582512287E-2,1E-4,7.1428571428571175E-3,-1.2999999999999999E-3,2.3999999999999998E-3,1.5725492190000001E-3,3.6648E-2,3.5915999999999997E-2
193702,18.09,0.74,1.08,0.4407757653470108,1.5E-3,3.2199999999999999E-2,4.53E-2,2.53E-2,2.5207677382825134E-2,2.0000000000000001E-4,0,8.6E-3,-4.5999999999999999E-3,1.3067888959999998E-3,1.8482999999999999E-2,1.5350000000000001E-2
193703,17.920000000000002,0.75,1.1100000000000001,0.4586663805589829,3.8E-3,3.32E-2,4.6799999999999994E-2,2.8500000000000001E-2,3.3506829277127469E-2,1E-4,7.0921985815601829E-3,-4.1099999999999998E-2,-1.14E-2,3.1144795049999996E-3,-3.5109999999999998E-3,-6.2420000000000002E-3
193704,16.43,0.78,1.1299999999999999,0.49061800654157339,5.6000000000000008E-3,3.4200000000000001E-2,4.8399999999999999E-2,2.8400000000000002E-2,2.8107264356390372E-2,2.9999999999999997E-4,7.0422535211267512E-3,3.8999999999999998E-3,6.7999999999999996E-3,5.4667794090000003E-3,-8.0645999999999995E-2,-8.1490000000000007E-2
193705,16.260000000000002,0.81,1.1499999999999999,0.48938240512849862,4.0999999999999995E-3,3.3300000000000003E-2,4.8399999999999999E-2,2.8199999999999999E-2,2.8278063102959185E-2,5.9999999999999995E-4,6.9930069930068672E-3,5.3E-3,4.0000000000000001E-3,3.5930723120000006E-3,-5.6990000000000001E-3,-1.1686E-2
193706,15.4,0.84,1.17,0.50496102055279946,3.5999999999999999E-3,3.2799999999999996E-2,4.9299999999999997E-2,2.8500000000000001E-2,3.1266166536589174E-2,2.9999999999999997E-4,0,-1.8E-3,5.3E-3,2.9841705610000003E-3,-5.3802999999999997E-2,-5.7853000000000002E-2
193707,16.98,0.81666700000000003,1.1866699999999999,0.46464866039889141,2.8000000000000004E-3,3.2500000000000001E-2,4.9100000000000005E-2,2.7699999999999999E-2,2.7224932048796318E-2,2.9999999999999997E-4,6.9444444444444198E-3,1.38E-2,3.8999999999999998E-3,2.9822171400000004E-3,9.8990999999999996E-2,9.8012000000000002E-2
193708,16.04,0.79333299999999995,1.20333,0.48193450200101462,2.8999999999999998E-3,3.2400000000000005E-2,4.9200000000000001E-2,2.86E-2,3.1064412767672439E-2,2.0000000000000001E-4,0,-1.04E-2,-1.6999999999999999E-3,2.1407943970000003E-3,-5.1182999999999999E-2,-5.6291000000000001E-2
193709,13.76,0.77,1.22,0.5531474412887365,3.0999999999999999E-3,3.2799999999999996E-2,5.16E-2,2.8400000000000002E-2,3.5846725625976468E-2,4.0000000000000002E-4,6.8965517241379448E-3,4.4999999999999997E-3,2.5000000000000001E-3,1.5821146421999999E-2,-0.13961000000000001,-0.14368300000000001
193710,12.36,0.78,1.19,0.61741767764298094,2E-3,3.27E-2,5.5199999999999999E-2,2.8299999999999999E-2,4.0958563617450344E-2,2.0000000000000001E-4,0,4.1999999999999997E-3,6.7000000000000002E-3,3.1722240730000004E-2,-0.10272199999999999,-0.103703
193711,11.11,0.79,1.1599999999999999,0.69241982507288624,8.9999999999999998E-4,3.2400000000000005E-2,5.8200000000000002E-2,2.7799999999999998E-2,4.2030807411455609E-2,2.0000000000000001E-4,-6.8493150684931781E-3,9.5999999999999992E-3,6.7000000000000002E-3,2.1973391515999998E-2,-8.4289000000000003E-2,-0.100254
193712,10.55,0.8,1.1299999999999999,0.70748862225899878,1.1000000000000001E-3,3.2099999999999997E-2,5.7300000000000004E-2,2.7300000000000001E-2,3.1775399951307855E-2,0,-6.8965517241379448E-3,8.2000000000000007E-3,6.7000000000000002E-3,6.9549625049999987E-3,-4.5828000000000001E-2,-5.3018999999999997E-2
193801,10.69,0.79333299999999995,1.07667,0.70156724378436031,1E-3,3.1699999999999999E-2,5.8899999999999994E-2,2.7099999999999999E-2,3.8801721900104877E-2,0,-1.3888888888888951E-2,5.7000000000000002E-3,3.8E-3,9.7512413039999996E-3,1.2163E-2,1.1096E-2
193802,11.34,0.78666700000000001,1.0233300000000001,0.65951866707806239,8.0000000000000004E-4,3.2000000000000001E-2,5.9699999999999996E-2,2.6800000000000001E-2,3.224778047710266E-2,0,-7.0422535211267512E-3,5.1999999999999998E-3,1E-3,7.7724907420000022E-3,6.5756999999999996E-2,6.1130999999999998E-2
193803,8.5,0.78,0.97,0.89236988377968662,8.0000000000000004E-4,3.2199999999999999E-2,6.3E-2,2.7300000000000001E-2,3.384524940287837E-2,-1E-4,0,-3.7000000000000002E-3,-8.6999999999999994E-3,1.5067942032999999E-2,-0.254106,-0.25795099999999999
193804,9.6999999999999993,0.76666699999999999,0.90333300000000005,0.79079348020777362,8.9999999999999998E-4,3.3000000000000002E-2,6.4699999999999994E-2,2.5899999999999999E-2,2.7160852326524071E-2,1E-4,7.0921985815601829E-3,2.1000000000000001E-2,1.38E-2,1.8892724741000001E-2,0.14266699999999999,0.14096600000000001
193805,9.27,0.75333300000000003,0.83666700000000005,0.8195656209392983,5.0000000000000001E-4,3.2199999999999999E-2,6.0599999999999994E-2,2.5700000000000001E-2,2.9977327213493585E-2,0,-7.0422535211267512E-3,4.4000000000000003E-3,1E-3,7.6514339589999992E-3,-3.9973000000000002E-2,-4.6036000000000001E-2
193806,11.56,0.74,0.77,0.65954586196593967,5.0000000000000001E-4,3.2599999999999997E-2,6.25E-2,2.5899999999999999E-2,1.6744545465353516E-2,0,0,4.0000000000000002E-4,9.4999999999999998E-3,1.1809308759999996E-2,0.25351899999999999,0.249304
193807,12.4,0.71333299999999999,0.72,0.62535410764872523,7.000000000000001E-4,3.2199999999999999E-2,5.6299999999999996E-2,2.5700000000000001E-2,1.7055514732613217E-2,-1E-4,0,4.3E-3,6.6E-3,6.8298755579999986E-3,7.4737999999999999E-2,7.3871999999999993E-2
193808,12.06,0.68666700000000003,0.67,0.63402024843828531,5.9999999999999995E-4,3.1800000000000002E-2,5.4900000000000004E-2,2.5899999999999999E-2,1.4308272816802973E-2,0,0,0,-1.9E-3,5.9815683840000007E-3,-2.5901E-2,-2.9465000000000002E-2
193809,12.24,0.66,0.62,0.62424885118416407,8.0000000000000004E-4,3.2099999999999997E-2,5.6500000000000002E-2,2.5899999999999999E-2,1.1896174152456805E-2,2.0000000000000001E-4,0,2.2000000000000001E-3,1.09E-2,1.7046706359000002E-2,1.6931999999999999E-2,1.3867000000000001E-2
193810,13.17,0.61,0.62666699999999997,0.58195478811045942,5.0000000000000001E-4,3.15E-2,5.3600000000000002E-2,2.5399999999999999E-2,7.9325974048763594E-3,1E-4,-7.0921985815602939E-3,8.6999999999999994E-3,8.0000000000000002E-3,4.4044303820000011E-3,7.8960000000000002E-2,7.8200000000000006E-2
193811,12.73,0.56000000000000005,0.63333300000000003,0.58937391536510475,4.0000000000000002E-4,3.1E-2,5.2300000000000006E-2,2.5700000000000001E-2,8.5352671979496732E-3,-5.9999999999999995E-4,0,-2.2000000000000001E-3,3.7000000000000002E-3,4.644167815E-3,-2.6207000000000001E-2,-3.2784000000000001E-2
193812,13.21,0.51,0.64,0.5720393884426016,2.9999999999999997E-4,3.0800000000000001E-2,5.2699999999999997E-2,2.52E-2,5.7217126501595992E-3,0,0,8.0000000000000002E-3,1.2200000000000001E-2,2.2909395440000005E-3,4.4810000000000003E-2,4.1537999999999999E-2
193901,12.3,0.51333300000000004,0.66333299999999995,0.61421814134668895,2.9999999999999997E-4,3.0099999999999998E-2,5.1200000000000002E-2,2.4899999999999999E-2,-3.6013643336836945E-3,-1E-4,0,5.8999999999999999E-3,2.2000000000000001E-3,7.2954961339999997E-3,-7.0505999999999999E-2,-7.1314000000000002E-2
193902,12.7,0.51666699999999999,0.68666700000000003,0.59945689069925312,2.9999999999999997E-4,0.03,5.0499999999999996E-2,2.4500000000000001E-2,6.1493542832309969E-4,1E-4,-7.1428571428571175E-3,8.0000000000000002E-3,6.4000000000000003E-3,3.2916439030000002E-3,3.9292000000000001E-2,3.4356999999999999E-2
193903,10.98,0.52,0.71,0.66064927184466016,2.9999999999999997E-4,2.9900000000000003E-2,4.8899999999999999E-2,2.3699999999999999E-2,-1.260685612704563E-3,-1E-4,0,1.2500000000000001E-2,2.2000000000000001E-3,8.5387031449999998E-3,-0.134821,-0.13817099999999999
193904,10.92,0.52333300000000005,0.72666699999999995,0.67845458794204705,2.9999999999999997E-4,3.0200000000000001E-2,5.1500000000000004E-2,2.29E-2,-1.8831933403465869E-3,0,-7.194244604316502E-3,1.18E-2,6.4000000000000003E-3,9.2032922910000002E-3,-6.6109999999999997E-3,-7.842E-3
193905,11.6,0.526667,0.74333300000000002,0.63033724127949042,2.9999999999999997E-4,2.9700000000000001E-2,5.0700000000000002E-2,2.1700000000000001E-2,-2.3543238437565488E-3,1E-4,0,1.7100000000000001E-2,4.8999999999999998E-3,3.5590914929999992E-3,6.9556999999999994E-2,6.3460000000000003E-2
193906,10.86,0.53,0.76,0.66676873612493304,2.9999999999999997E-4,2.92E-2,4.9100000000000005E-2,2.2100000000000002E-2,-8.6351909917090257E-5,1E-4,0,-2.7000000000000001E-3,3.5000000000000001E-3,3.2023427909999998E-3,-6.1809999999999997E-2,-6.5748000000000001E-2
193907,12.04,0.54,0.776667,0.60798548094373861,4.0000000000000002E-4,2.8900000000000002E-2,4.8399999999999999E-2,2.1299999999999999E-2,-1.5621881390211053E-3,0,0,1.1299999999999999E-2,-6.9999999999999999E-4,4.3046091790000006E-3,0.11131000000000001,0.11035499999999999
193908,11.18,0.55000000000000004,0.79333299999999995,0.64801726062048948,5.0000000000000001E-4,2.9300000000000003E-2,4.8499999999999995E-2,2.3099999999999999E-2,-3.0065252641826622E-3,-1E-4,0,-2.01E-2,-3.9199999999999999E-2,7.1372431300000009E-3,-6.7551E-2,-7.3025000000000007E-2
193909,13.02,0.56000000000000005,0.81,0.58004794885455513,1.4000000000000002E-3,3.2500000000000001E-2,0.05,2.7799999999999998E-2,-2.1095515547625964E-3,1E-4,2.1739130434782483E-2,-5.45E-2,1.5100000000000001E-2,1.5683907085E-2,0.18116699999999999,0.17757200000000001
193910,12.83,0.57999999999999996,0.84,0.57347906241769819,5.0000000000000001E-4,3.15E-2,4.8799999999999996E-2,2.47E-2,-1.8527882055730635E-3,0,-7.0921985815602939E-3,4.1000000000000002E-2,2.3699999999999999E-2,1.8467448110000002E-3,-1.6886999999999999E-2,-1.7639999999999999E-2
193911,12.2,0.6,0.87,0.59784473882902045,5.0000000000000001E-4,0.03,4.8499999999999995E-2,2.3599999999999999E-2,-1.6991367094866649E-3,0,0,1.6199999999999999E-2,7.9000000000000008E-3,1.284237624E-3,-4.0531999999999999E-2,-5.1142E-2
193912,12.49,0.62,0.9,0.58070538035869046,4.0000000000000002E-4,2.9399999999999999E-2,4.9200000000000001E-2,2.2599999999999999E-2,2.5507840509365943E-3,0,0,1.4500000000000001E-2,7.7999999999999996E-3,1.0730021270000003E-3,2.8177000000000001E-2,2.3143E-2
194001,12.05,0.62333300000000003,0.93,0.59932567260716985,1E-4,2.8799999999999999E-2,4.8600000000000004E-2,2.29E-2,7.7727051969947256E-3,0,-7.1428571428571175E-3,-1.6999999999999999E-3,4.8999999999999998E-3,1.478045612E-3,-3.5927000000000001E-2,-3.6799999999999999E-2
194002,12.13,0.62666699999999997,0.96,0.59437696192165956,2.0000000000000001E-4,2.86E-2,4.8300000000000003E-2,2.2800000000000001E-2,4.8402618780624442E-3,0,7.194244604316502E-3,2.7000000000000001E-3,2.0999999999999999E-3,4.8950583600000002E-4,1.3139E-2,6.9170000000000004E-3
194003,12.25,0.63,0.99,0.64795987528805743,2.0000000000000001E-4,2.8399999999999998E-2,4.8000000000000001E-2,2.1499999999999998E-2,5.6787088494200232E-3,0,0,1.77E-2,4.8999999999999998E-3,7.0911176599999998E-4,1.3561E-2,1.0518E-2
194004,12.19,0.63666699999999998,1.00667,0.64407464798221381,2.0000000000000001E-4,2.8199999999999999E-2,4.7400000000000005E-2,2.1999999999999999E-2,5.8486657983108396E-3,0,0,-3.5000000000000001E-3,-9.1999999999999998E-3,1.1922769959999998E-3,-4.4780000000000002E-3,-6.2310000000000004E-3
194005,9.27,0.64333300000000004,1.0233300000000001,0.82257786955773526,5.9999999999999995E-4,2.9300000000000003E-2,4.9400000000000006E-2,2.46E-2,6.6101851713249709E-3,-2.0000000000000001E-4,0,-2.9899999999999999E-2,-2.0999999999999999E-3,1.8668567641999999E-2,-0.23147999999999999,-0.23976500000000001
194006,9.98,0.65,1.04,0.78322136654104535,1E-3,2.9600000000000001E-2,5.1100000000000007E-2,2.2700000000000001E-2,6.3697906591721658E-3,0,7.1428571428571175E-3,2.58E-2,1.21E-2,9.7970173560000019E-3,8.3034999999999998E-2,7.8208E-2
194007,10.29,0.656667,1.0533300000000001,0.75788806088473115,5.0000000000000001E-4,2.8799999999999999E-2,4.8000000000000001E-2,2.24E-2,8.1091892720840733E-3,1E-4,-7.0921985815602939E-3,5.1999999999999998E-3,2.0999999999999999E-3,1.3236754139999999E-3,3.3090000000000001E-2,3.1913999999999998E-2
194008,10.56,0.66333299999999995,1.06667,0.74177529484792049,4.0000000000000002E-4,2.8500000000000001E-2,4.7599999999999996E-2,2.23E-2,9.0864625701416561E-3,-1E-4,0,2.8E-3,6.9999999999999999E-4,3.5608428109999996E-3,3.5421000000000001E-2,2.6630999999999998E-2
194009,10.66,0.67,1.08,0.7207478890229192,5.0000000000000001E-4,2.8199999999999999E-2,4.6600000000000003E-2,2.1499999999999998E-2,9.6469387897216499E-3,0,0,1.0999999999999999E-2,9.1999999999999998E-3,2.9438369340000006E-3,1.4220999999999999E-2,1.0096000000000001E-2
194010,11.08,0.67,1.07,0.71019983656489105,2.0000000000000001E-4,2.7900000000000001E-2,4.5599999999999995E-2,2.1399999999999999E-2,9.414832641145808E-3,0,0,3.0999999999999999E-3,4.8999999999999998E-3,1.4650609000000001E-3,4.1467999999999998E-2,4.018E-2
194011,10.61,0.67,1.06,0.73521495039606244,2.0000000000000001E-4,2.75E-2,4.4800000000000006E-2,1.9900000000000001E-2,1.0157652453725045E-2,0,0,2.0500000000000001E-2,6.3E-3,5.9142110490000002E-3,-2.9430999999999999E-2,-4.2997E-2
194012,10.58,0.67,1.05,0.72904751010447644,2.0000000000000001E-4,2.7099999999999999E-2,4.4500000000000005E-2,1.9400000000000001E-2,1.2589188521903201E-2,0,7.1428571428571175E-3,6.7000000000000002E-3,-2.3E-3,5.078424350000001E-4,2.9269999999999999E-3,-2.49E-3
194101,10.07,0.67333299999999996,1.0533300000000001,0.77016031579795374,2.0000000000000001E-4,2.75E-2,4.3799999999999999E-2,2.1299999999999999E-2,1.0853413978018157E-2,-1E-4,0,-2.01E-2,5.9999999999999995E-4,1.8551122819999999E-3,-4.5554999999999998E-2,-4.6847E-2
194102,9.92,0.67666700000000002,1.05667,0.78379929490858402,4.0000000000000002E-4,2.7799999999999998E-2,4.4199999999999996E-2,2.1299999999999999E-2,1.0770234176767136E-2,-1E-4,0,2E-3,5.9999999999999995E-4,2.7518139709999997E-3,-4.7289999999999997E-3,-1.257E-2
194103,9.9600000000000009,0.68,1.06,0.80426988265971322,1.1000000000000001E-3,2.7999999999999997E-2,4.3799999999999999E-2,2.06E-2,1.0060575017632082E-2,1E-4,7.0921985815601829E-3,9.5999999999999992E-3,-2.2000000000000001E-3,1.3646263550000002E-3,8.8719999999999997E-3,4.1729999999999996E-3
194104,9.31,0.68333299999999997,1.07,0.85424961052449366,1E-3,2.8199999999999999E-2,4.3299999999999998E-2,1.9599999999999999E-2,1.0481534762011597E-2,-1E-4,7.0422535211267512E-3,1.29E-2,7.7999999999999996E-3,1.767100741E-3,-6.2151999999999999E-2,-6.3463000000000006E-2
194105,9.35,0.68666700000000003,1.08,0.84917835326507785,1.1000000000000001E-3,2.81E-2,4.3200000000000002E-2,1.95E-2,9.9236032124601272E-3,0,6.9930069930068672E-3,2.7000000000000001E-3,4.8999999999999998E-3,1.5744619400000002E-3,1.3184E-2,2.14E-3
194106,9.85,0.69,1.0900000000000001,0.80152671755725191,1.1999999999999999E-3,2.7699999999999999E-2,4.3099999999999999E-2,1.9099999999999999E-2,8.9675065613701224E-3,0,2.0833333333333259E-2,6.6E-3,6.3E-3,1.1809090570000004E-3,5.8851000000000001E-2,5.2485999999999998E-2
194107,10.39,0.69333299999999998,1.1233299999999999,0.76636384812485447,1.1999999999999999E-3,2.7400000000000001E-2,4.2800000000000005E-2,1.9099999999999999E-2,9.029859909085754E-3,2.9999999999999997E-4,0,2.2000000000000001E-3,6.3E-3,1.2129738950000001E-3,5.7105999999999997E-2,5.5619000000000002E-2
194108,10.3,0.69666700000000004,1.1566700000000001,0.77454288629051238,1.2999999999999999E-3,2.7400000000000001E-2,4.2699999999999995E-2,1.9E-2,1.0725020274125155E-2,1E-4,1.3605442176870763E-2,1.8E-3,3.3999999999999998E-3,5.1317976000000011E-4,-1.1130000000000001E-3,-9.7359999999999999E-3
194109,10.199999999999999,0.7,1.19,0.77826841192240981,1E-3,2.75E-2,4.2999999999999997E-2,1.9300000000000001E-2,1.0283855188842077E-2,1E-4,1.3422818791946289E-2,-1.1999999999999999E-3,4.7999999999999996E-3,9.7544164999999996E-4,-7.3509999999999999E-3,-1.1499000000000001E-2
194110,9.5,0.70333299999999999,1.18,0.83771855372602277,8.9999999999999998E-4,2.7300000000000001E-2,4.2800000000000005E-2,1.8200000000000001E-2,1.1687208090774623E-2,0,1.3245033112582849E-2,1.4E-2,3.3999999999999998E-3,1.3100964719999998E-3,-6.4602000000000007E-2,-6.5955E-2
194111,9.1,0.70666700000000005,1.17,0.86080586080586086,2.8000000000000004E-3,2.7200000000000002E-2,4.2800000000000005E-2,1.8599999999999998E-2,1.0364624451918405E-2,0,6.5359477124182774E-3,-2.8999999999999998E-3,-9.4000000000000004E-3,1.2858980540000002E-3,-2.4916000000000001E-2,-4.2106999999999999E-2
194112,8.69,0.71,1.1599999999999999,0.88950973323720273,3.3E-3,2.7999999999999997E-2,4.3799999999999999E-2,2.0400000000000001E-2,1.0342826313128743E-2,1E-4,6.4935064935065512E-3,-1.77E-2,5.9999999999999995E-4,6.6808135070000009E-3,-3.8843000000000003E-2,-4.6205000000000003E-2
194201,8.81,0.70333299999999999,1.1200000000000001,0.90211132437619967,2.7000000000000001E-3,2.8300000000000002E-2,4.2900000000000001E-2,2.47E-2,8.9351821697707268E-3,2.0000000000000001E-4,1.2903225806451646E-2,6.8999999999999999E-3,5.9999999999999995E-4,2.2049531699999997E-3,2.2276000000000001E-2,2.0639000000000001E-2
194202,8.59,0.69666700000000004,1.08,0.9260649277538,2.5000000000000001E-3,2.8500000000000001E-2,4.2900000000000001E-2,2.47E-2,9.350152718212535E-3,1E-4,6.3694267515923553E-3,1.1000000000000001E-3,-8.0000000000000004E-4,1.260824717E-3,-1.7646999999999999E-2,-2.4642000000000001E-2
194203,8.01,0.69,1.04,1.0348638601426705,2.5000000000000001E-3,2.86E-2,4.2999999999999997E-2,2.4400000000000002E-2,1.0120461564385303E-2,1E-4,1.2658227848101111E-2,9.1999999999999998E-3,6.3E-3,3.1061137480000007E-3,-6.4068E-2,-6.9676000000000002E-2
194204,7.66,0.68,1.02,1.0802307288935502,3.2000000000000002E-3,2.8300000000000002E-2,4.2599999999999999E-2,2.46E-2,1.100481920949271E-2,1E-4,6.2500000000000888E-3,-2.8999999999999998E-3,5.9999999999999995E-4,2.4409751589999991E-3,-3.7988000000000001E-2,-4.0322999999999998E-2
194205,8.15,0.67,1,1.0210150674068201,3.7000000000000002E-3,2.8500000000000001E-2,4.2699999999999995E-2,2.4299999999999999E-2,1.0525172998939352E-2,2.9999999999999997E-4,1.2422360248447228E-2,7.4999999999999997E-3,2E-3,1.5923891839999997E-3,7.0338999999999999E-2,6.0118999999999999E-2
194206,8.3000000000000007,0.66,0.98,0.99670988968453644,3.7000000000000002E-3,2.8500000000000001E-2,4.3299999999999998E-2,2.4400000000000002E-2,1.0198305515171121E-2,2.0000000000000001E-4,0,2.9999999999999997E-4,3.3999999999999998E-3,1.2004675620000001E-3,2.3543999999999999E-2,1.6976000000000002E-2
194207,8.56,0.64666699999999999,0.96666700000000005,0.97427166099129781,3.8E-3,2.8300000000000002E-2,4.2999999999999997E-2,2.4400000000000002E-2,8.4862715701503923E-3,2.9999999999999997E-4,6.1349693251533388E-3,1.8E-3,2E-3,2.0886578279999996E-3,3.6031000000000001E-2,3.4313999999999997E-2
194208,8.6199999999999992,0.63333300000000003,0.95333299999999999,0.96868240383711091,3.8E-3,2.81E-2,4.2800000000000005E-2,2.4400000000000002E-2,7.1526482877321829E-3,2.9999999999999997E-4,6.0975609756097615E-3,3.8E-3,3.5000000000000001E-3,6.2703206399999988E-4,1.5346E-2,7.5310000000000004E-3
194209,8.85,0.62,0.94,0.9440014664100449,3.8E-3,2.7999999999999997E-2,4.2599999999999999E-2,2.4400000000000002E-2,6.2435383724597435E-3,2.9999999999999997E-4,0,2.9999999999999997E-4,2E-3,4.7252202899999995E-4,3.2448999999999999E-2,2.7671000000000001E-2
194210,9.42,0.61,0.97,0.90748898678414092,3.8E-3,2.7999999999999997E-2,4.24E-2,2.4400000000000002E-2,4.4262783950562322E-3,2.9999999999999997E-4,1.2121212121211977E-2,2.3999999999999998E-3,5.9999999999999995E-4,1.2735960749999998E-3,6.7866999999999997E-2,6.6333000000000003E-2
194211,9.2899999999999991,0.6,1,0.89956331877729256,3.8E-3,2.7900000000000001E-2,4.2500000000000003E-2,2.47E-2,5.0957059295139344E-3,2.9999999999999997E-4,5.9880239520959666E-3,-3.5000000000000001E-3,5.9999999999999995E-4,9.9205659200000008E-4,-4.3920000000000001E-3,-1.6937000000000001E-2
194212,9.77,0.59,1.03,0.86264656616415403,3.8E-3,2.81E-2,4.2800000000000005E-2,2.46E-2,1.8120042882714858E-3,2.9999999999999997E-4,5.9523809523809312E-3,4.8999999999999998E-3,4.8999999999999998E-3,7.9139051499999989E-4,5.7536999999999998E-2,5.0449000000000001E-2
194301,10.47,0.59,1.0433300000000001,0.8213061159397177,3.8E-3,2.7900000000000001E-2,4.1599999999999998E-2,2.4500000000000001E-2,2.0883053234763247E-3,2.9999999999999997E-4,0,3.3E-3,4.8999999999999998E-3,7.4486833000000007E-4,7.2433999999999998E-2,7.1062E-2
194302,11,0.59,1.05667,0.79407909952972011,3.8E-3,2.7699999999999999E-2,4.0800000000000003E-2,2.46E-2,2.5699914084540277E-3,2.9999999999999997E-4,0,-5.0000000000000001E-4,5.9999999999999995E-4,8.1959656199999983E-4,5.8502999999999999E-2,5.2676000000000001E-2
194303,11.58,0.59,1.07,0.78348099875521715,3.8E-3,2.76E-2,4.0099999999999997E-2,2.47E-2,1.8918598080365334E-3,2.9999999999999997E-4,1.7751479289940919E-2,8.9999999999999998E-4,2E-3,1.3687758709999998E-3,5.9403999999999998E-2,5.5182000000000002E-2
194304,11.59,0.59,1.08,0.7897844700324772,3.8E-3,2.76E-2,3.9599999999999996E-2,2.46E-2,1.2510458501176632E-3,2.9999999999999997E-4,1.1627906976744207E-2,4.7999999999999996E-3,4.8999999999999998E-3,2.4921938640000011E-3,3.588E-3,2.3319999999999999E-3
194305,12.11,0.59,1.0900000000000001,0.75789771922368598,3.8E-3,2.7400000000000001E-2,3.9100000000000003E-2,2.4400000000000002E-2,9.4618277020477306E-4,2.9999999999999997E-4,5.7471264367816577E-3,5.0000000000000001E-3,4.7999999999999996E-3,1.0895496249999999E-3,5.2698000000000002E-2,4.5650999999999997E-2
194306,12.35,0.59,1.1000000000000001,0.74626865671641796,3.8E-3,2.7200000000000002E-2,3.8800000000000001E-2,2.4400000000000002E-2,1.2001053485758699E-3,2.9999999999999997E-4,0,1.8E-3,4.7999999999999996E-3,1.0691580289999998E-3,2.1689E-2,1.7142000000000001E-2
194307,11.68,0.593333,1.0933299999999999,0.77959927140255014,3.8E-3,2.69E-2,3.8100000000000002E-2,2.4500000000000001E-2,1.7823643211303287E-2,2.9999999999999997E-4,-5.7142857142857828E-3,-1E-4,1.9E-3,2.433361168E-3,-5.3092E-2,-5.4238000000000001E-2
194308,11.8,0.59666699999999995,1.08667,0.78319426145513105,3.8E-3,2.69E-2,3.8100000000000002E-2,2.4500000000000001E-2,1.3954319187025058E-2,2.9999999999999997E-4,-5.7471264367814356E-3,2.0999999999999999E-3,1.9E-3,1.7066360049999999E-3,1.6232E-2,1.0751E-2
194309,12.08,0.6,1.08,0.76363117328004571,3.8E-3,2.69E-2,3.8300000000000001E-2,2.46E-2,1.369347801997471E-2,2.9999999999999997E-4,5.7803468208090791E-3,1.1000000000000001E-3,5.0000000000000001E-4,6.080398099999999E-4,2.7498000000000002E-2,2.3331000000000001E-2
194310,11.92,0.60333300000000001,1.0333300000000001,0.77373635114614225,3.8E-3,2.7000000000000003E-2,3.8199999999999998E-2,2.47E-2,1.6869539608287451E-2,2.9999999999999997E-4,0,5.0000000000000001E-4,-8.9999999999999998E-4,7.6415710499999991E-4,-1.1650000000000001E-2,-1.2500000000000001E-2
194311,11.02,0.60666699999999996,0.98666699999999996,0.82580844331249526,3.8E-3,2.7099999999999999E-2,3.8300000000000001E-2,2.4799999999999999E-2,1.908093692493357E-2,2.9999999999999997E-4,0,0,-2.3E-3,2.0016000349999999E-3,-6.7052E-2,-7.7965999999999994E-2
194312,11.67,0.61,0.94,0.78740157480314965,3.8E-3,2.7400000000000001E-2,3.8199999999999998E-2,2.4799999999999999E-2,1.4422539244569406E-2,2.9999999999999997E-4,0,1.8E-3,4.8999999999999998E-3,9.8859395299999995E-4,7.0305000000000006E-2,6.5211000000000005E-2
194401,11.85,0.61333300000000002,0.93666700000000003,0.77874818049490535,3.8E-3,2.7200000000000002E-2,3.7599999999999995E-2,2.4799999999999999E-2,1.9253231349750193E-2,2.9999999999999997E-4,0,2.0999999999999999E-3,2E-3,6.3983494099999986E-4,1.8622E-2,1.7309999999999999E-2
194402,11.82,0.61666699999999997,0.93333299999999997,0.78503301540718995,3.8E-3,2.7400000000000001E-2,3.7200000000000004E-2,2.47E-2,1.949383817598253E-2,2.9999999999999997E-4,0,3.2000000000000002E-3,3.3999999999999998E-3,6.426371500000001E-4,6.4790000000000004E-3,2.3800000000000001E-4
194403,12.02,0.62,0.93,0.81388648804379138,3.8E-3,2.7400000000000001E-2,3.7000000000000005E-2,2.47E-2,1.9145327346360961E-2,2.0000000000000001E-4,0,2.0999999999999999E-3,4.7999999999999996E-3,6.3640843199999988E-4,2.1312999999999999E-2,1.7309000000000001E-2
194404,11.87,0.62333300000000003,0.92666700000000002,0.82960135085529696,3.8E-3,2.7400000000000001E-2,3.6799999999999999E-2,2.4799999999999999E-2,2.007759339633847E-2,2.9999999999999997E-4,5.7471264367816577E-3,1.2999999999999999E-3,3.3999999999999998E-3,7.6416293199999983E-4,-1.2427000000000001E-2,-1.3433E-2
194405,12.35,0.62666699999999997,0.92333299999999996,0.79443194600674916,3.8E-3,2.7300000000000001E-2,3.6299999999999999E-2,2.47E-2,1.8397357006344695E-2,2.9999999999999997E-4,0,2.8E-3,5.0000000000000001E-4,4.1190551200000002E-4,4.8841000000000002E-2,4.0863999999999998E-2
194406,12.98,0.63,0.92,0.76155816147728805,3.8E-3,2.7300000000000001E-2,3.5900000000000001E-2,2.4799999999999999E-2,1.8201769961051797E-2,2.9999999999999997E-4,5.7142857142857828E-3,8.0000000000000004E-4,2E-3,7.175888750000001E-4,5.4573999999999998E-2,4.9768E-2
194407,12.71,0.63333300000000003,0.91333299999999995,0.77338991171035509,3.8E-3,2.7200000000000002E-2,3.5699999999999996E-2,2.47E-2,4.3229355416055295E-3,2.9999999999999997E-4,5.6818181818181213E-3,3.5999999999999999E-3,3.3999999999999998E-3,9.3967381800000012E-4,-1.9470000000000001E-2,-2.0629000000000002E-2
194408,12.82,0.63666699999999998,0.906667,0.76875977957684194,3.8E-3,2.7099999999999999E-2,3.5499999999999997E-2,2.47E-2,8.0697968830472609E-3,2.9999999999999997E-4,0,2.7000000000000001E-3,3.3999999999999998E-3,5.5998766099999992E-4,1.47E-2,8.208E-3
194409,12.78,0.64,0.9,0.77233271820107985,3.8E-3,2.7200000000000002E-2,3.56E-2,2.47E-2,8.9627545031396791E-3,2.0000000000000001E-4,0,1.4E-3,1.9E-3,1.115514909E-3,-6.9200000000000002E-4,-3.1180000000000001E-3
194410,12.78,0.64,0.91,0.77117313860642867,3.8E-3,2.7200000000000002E-2,3.5499999999999997E-2,2.47E-2,6.5103663456772551E-3,2.9999999999999997E-4,0,1.1999999999999999E-3,1.9E-3,6.7521834200000015E-4,2.4350000000000001E-3,1.0449999999999999E-3
194411,12.83,0.64,0.92,0.76698567840901366,3.8E-3,2.7200000000000002E-2,3.5299999999999998E-2,2.47E-2,5.7829453812980264E-3,2.9999999999999997E-4,0,2.3999999999999998E-3,4.7999999999999996E-3,4.24297467E-4,1.7326999999999999E-2,5.8320000000000004E-3
194412,13.28,0.64,0.93,0.74376357533074444,3.8E-3,2.7000000000000003E-2,3.49E-2,2.46E-2,1.9062446533258545E-2,2.0000000000000001E-4,5.6497175141243527E-3,4.1999999999999997E-3,1.49E-2,8.7227261999999991E-4,4.4777999999999998E-2,4.1034000000000001E-2
194501,13.47,0.64333300000000004,0.94,0.73534196655170181,3.8E-3,2.69E-2,3.4599999999999999E-2,2.4E-2,1.6453896906363299E-2,2.9999999999999997E-4,0,1.2699999999999999E-2,7.6E-3,9.2446341400000001E-4,1.1901E-2,1.0784E-2
194502,14.3,0.64666699999999999,0.95,0.70448877805486276,3.8E-3,2.6499999999999999E-2,3.4099999999999998E-2,2.3599999999999999E-2,1.4836052402432891E-2,2.0000000000000001E-4,0,7.7000000000000002E-3,4.5999999999999999E-3,6.5485191300000006E-4,6.9472000000000006E-2,6.3577999999999996E-2
194503,13.64,0.65,0.96,0.76788264312605481,3.8E-3,2.6200000000000001E-2,3.3799999999999997E-2,2.3599999999999999E-2,1.5962527841657536E-2,2.0000000000000001E-4,0,2.0999999999999999E-3,1.8E-3,1.8874417000000004E-3,-4.1685E-2,-4.4990000000000002E-2
194504,14.84,0.65,0.973333,0.71506286266924568,3.8E-3,2.6099999999999998E-2,3.3599999999999998E-2,2.2800000000000001E-2,1.5085868883980648E-2,2.9999999999999997E-4,0,1.6E-2,1.8E-3,1.3982781349999997E-3,9.0523999999999993E-2,8.9465000000000003E-2
194505,15.01,0.65,0.98666699999999996,0.70291146761734991,3.8E-3,2.6200000000000001E-2,3.32E-2,2.2599999999999999E-2,1.977321191371911E-2,2.9999999999999997E-4,5.6179775280897903E-3,5.5999999999999999E-3,-1.1000000000000001E-3,9.209598799999999E-4,2.0041E-2,1.1624000000000001E-2
194506,14.96,0.65,1,0.71884304551254785,3.8E-3,2.6099999999999998E-2,3.2899999999999999E-2,2.1700000000000001E-2,1.946631670743295E-2,2.0000000000000001E-4,1.1173184357541999E-2,1.6899999999999998E-2,3.2000000000000002E-3,8.6616476199999999E-4,2.3800000000000002E-3,1.34E-4
194507,14.66,0.65333300000000005,0.99666699999999997,0.72630157170923382,3.8E-3,2.6000000000000002E-2,3.2599999999999997E-2,2.24E-2,2.0437412429496558E-2,2.9999999999999997E-4,0,-8.6E-3,-1.1000000000000001E-3,1.8141107579999994E-3,-2.1538999999999999E-2,-2.2478999999999999E-2
194508,15.51,0.656667,0.99333300000000002,0.67875380113603767,3.8E-3,2.6099999999999998E-2,3.2599999999999997E-2,2.23E-2,1.8945102993614134E-2,2.9999999999999997E-4,0,2.5999999999999999E-3,4.0000000000000002E-4,2.0966468930000001E-3,5.9852000000000002E-2,5.4026999999999999E-2
194509,16.16,0.66,0.99,0.65682083171395256,3.8E-3,2.6200000000000001E-2,3.2400000000000005E-2,2.2100000000000002E-2,1.7606919749428875E-2,2.9999999999999997E-4,0,5.4000000000000003E-3,3.2000000000000002E-3,1.4385545599999996E-3,4.6360999999999999E-2,4.3999000000000003E-2
194510,16.649999999999999,0.66,0.98,0.63397642015005362,3.8E-3,2.6200000000000001E-2,3.2000000000000001E-2,2.1600000000000001E-2,1.858099926561271E-2,2.9999999999999997E-4,0,1.04E-2,3.2000000000000002E-3,9.8118391099999988E-4,3.0814999999999999E-2,2.9862E-2
194511,17.190000000000001,0.66,0.97,0.61788363104564914,3.8E-3,2.6200000000000001E-2,3.15E-2,2.1000000000000001E-2,1.8934033416738577E-2,2.0000000000000001E-4,0,1.2500000000000001E-2,3.2000000000000002E-3,1.448271511E-3,4.4949999999999997E-2,3.5611999999999998E-2
194512,17.36,0.66,0.96,0.61323933440464462,3.8E-3,2.6099999999999998E-2,3.1E-2,1.9900000000000001E-2,2.5525278289567403E-2,2.9999999999999997E-4,5.5248618784529135E-3,1.9400000000000001E-2,1.3299999999999999E-2,1.5383169699999999E-3,1.1133000000000001E-2,8.8050000000000003E-3
194601,18.57,0.66666700000000001,0.94,0.57800361557629354,3.8E-3,2.5399999999999999E-2,3.0099999999999998E-2,1.9900000000000001E-2,2.796949676592542E-2,2.9999999999999997E-4,0,2.5000000000000001E-3,1.2800000000000001E-2,2.6451684660000006E-3,6.9503999999999996E-2,6.8515000000000006E-2
194602,17.28,0.67333299999999996,0.92,0.62233678783734014,3.8E-3,2.4799999999999999E-2,2.9500000000000002E-2,1.9800000000000002E-2,3.1090952059235271E-2,2.9999999999999997E-4,-5.494505494505364E-3,3.2000000000000002E-3,3.3999999999999998E-3,5.9424130340000004E-3,-6.5171000000000007E-2,-6.9785E-2
194603,18.079999999999998,0.68,0.9,0.61485267588695125,3.8E-3,2.4700000000000003E-2,2.9399999999999999E-2,1.9800000000000002E-2,3.118787560107204E-2,2.9999999999999997E-4,1.1049723756906049E-2,1E-3,3.3999999999999998E-3,1.496573418E-3,4.9118000000000002E-2,4.6147000000000001E-2
194604,18.760000000000002,0.68,0.88,0.5934129709338879,3.8E-3,2.46E-2,2.9600000000000001E-2,2.07E-2,3.1306827969875266E-2,2.9999999999999997E-4,5.4644808743167239E-3,-1.35E-2,-4.3E-3,1.0777341069999995E-3,3.5748000000000002E-2,3.4707000000000002E-2
194605,19.18,0.68,0.86,0.57801017524024878,3.8E-3,2.5099999999999997E-2,3.0200000000000001E-2,2.0899999999999998E-2,3.1999919723635119E-2,2.9999999999999997E-4,5.4347826086957873E-3,-1.1999999999999999E-3,1.9E-3,1.2724951409999999E-3,2.8785000000000002E-2,2.3202E-2
194606,18.43,0.68,0.84,0.59673183542456965,3.8E-3,2.4900000000000002E-2,3.0299999999999997E-2,2.06E-2,3.3591571498343069E-2,2.9999999999999997E-4,1.08108108108107E-2,7.0000000000000001E-3,1.9E-3,1.481741162E-3,-3.5289000000000001E-2,-3.7520999999999999E-2
194607,17.96,0.68333299999999997,0.85666699999999996,0.60875173645564595,3.8E-3,2.4799999999999999E-2,3.0299999999999997E-2,2.0899999999999998E-2,3.9174987603827684E-2,2.9999999999999997E-4,5.8823529411764719E-2,-4.0000000000000001E-3,-1.1999999999999999E-3,1.7038856649999998E-3,-2.7349999999999999E-2,-2.8428999999999999E-2
194608,16.649999999999999,0.68666700000000003,0.87333300000000003,0.64855436333844285,3.8E-3,2.5099999999999997E-2,3.0299999999999997E-2,2.1700000000000001E-2,4.3267644930462569E-2,2.9999999999999997E-4,2.020202020202011E-2,-1.11E-2,-8.8000000000000005E-3,1.9801137219999996E-3,-6.8855E-2,-7.3365E-2
194609,14.96,0.69,0.89,0.71163438116227817,3.8E-3,2.58E-2,3.1E-2,2.1899999999999999E-2,4.9111944572613302E-2,2.9999999999999997E-4,9.9009900990099098E-3,-8.9999999999999998E-4,-2.5999999999999999E-3,1.6025015149999999E-2,-0.104113,-0.10661900000000001
194610,14.84,0.69666700000000004,0.94666700000000004,0.72539166420336976,3.8E-3,2.6000000000000002E-2,3.15E-2,2.1600000000000001E-2,4.8597481256166065E-2,2.9999999999999997E-4,1.9607843137255054E-2,7.4000000000000003E-3,2E-3,6.1160953800000022E-3,-5.6360000000000004E-3,-6.8170000000000001E-3
194611,14.67,0.70333299999999999,1.0033300000000001,0.72269996466014841,3.8E-3,2.5899999999999999E-2,3.1699999999999999E-2,2.1999999999999999E-2,4.8072281243770505E-2,2.9999999999999997E-4,2.4038461538461453E-2,-5.4000000000000003E-3,-2.5000000000000001E-3,3.9143489930000006E-3,-3.8010000000000001E-3,-1.1741E-2
194612,15.3,0.71,1.06,0.69243792325056441,3.8E-3,2.6099999999999998E-2,3.1699999999999999E-2,2.12E-2,3.6076060450878723E-2,2.9999999999999997E-4,9.3896713615022609E-3,1.4500000000000001E-2,1.1299999999999999E-2,2.7155077160000004E-3,4.6817999999999999E-2,4.1973000000000003E-2
194701,15.66,0.71333299999999999,1.1299999999999999,0.68000443360673912,3.8E-3,2.5699999999999997E-2,3.1300000000000001E-2,2.1399999999999999E-2,3.1538462558013403E-2,2.9999999999999997E-4,0,-5.9999999999999995E-4,5.0000000000000001E-4,2.1117214710000003E-3,2.2013000000000001E-2,2.0952999999999999E-2
194702,15.43,0.71666700000000005,1.2,0.68585802124091666,3.8E-3,2.5499999999999998E-2,3.1200000000000002E-2,2.1399999999999999E-2,3.0102657173069484E-2,2.9999999999999997E-4,0,2.0999999999999999E-3,5.0000000000000001E-4,1.3641434470000003E-3,-8.3070000000000001E-3,-1.5166000000000001E-2
194703,15.17,0.72,1.27,0.74153498871331835,3.8E-3,2.5499999999999998E-2,3.15E-2,2.1299999999999999E-2,3.1019979725566312E-2,2.9999999999999997E-4,1.8604651162790642E-2,2E-3,6.7000000000000002E-3,2.4112825730000001E-3,-1.5008000000000001E-2,-1.7731E-2
194704,14.58,0.73333300000000001,1.32667,0.77004219409282715,3.8E-3,2.53E-2,3.1600000000000003E-2,2.1700000000000001E-2,3.1345974852659754E-2,2.9999999999999997E-4,0,-3.7000000000000002E-3,2E-3,2.3073614650000003E-3,-3.9559999999999998E-2,-4.0772000000000003E-2
194705,14.45,0.74666699999999997,1.3833299999999999,0.77636632200886269,3.8E-3,2.53E-2,3.1699999999999999E-2,2.1600000000000001E-2,2.5894307027640517E-2,2.9999999999999997E-4,0,3.3E-3,2E-3,2.5450853479999994E-3,-9.8999999999999999E-4,-1.047E-2
194706,15.21,0.76,1.44,0.74111675126903553,3.8E-3,2.5499999999999998E-2,3.2099999999999997E-2,2.1600000000000001E-2,2.6472742840074899E-2,2.9999999999999997E-4,4.5662100456622667E-3,1E-3,4.0000000000000002E-4,1.958778533E-3,5.3990999999999997E-2,5.0908000000000002E-2
194707,15.76,0.77,1.4766699999999999,0.71732721912872588,6.6E-3,2.5499999999999998E-2,3.1800000000000002E-2,2.1399999999999999E-2,2.0640509696410105E-2,2.9999999999999997E-4,9.0909090909090384E-3,6.3E-3,2E-3,1.9774476030000004E-3,3.9572000000000003E-2,3.8369E-2
194708,15.32,0.78,1.5133300000000001,0.73469387755102045,7.4999999999999997E-3,2.5600000000000001E-2,3.1699999999999999E-2,2.1000000000000001E-2,2.3176791729668599E-2,2.9999999999999997E-4,1.3513513513513598E-2,8.0999999999999996E-3,-7.1000000000000004E-3,8.2439982000000005E-4,-2.3075999999999999E-2,-2.9148E-2
194709,15.11,0.79,1.55,0.740323398501324,8.0000000000000002E-3,2.6099999999999998E-2,3.2300000000000002E-2,2.1299999999999999E-2,2.4058549955382553E-2,5.9999999999999995E-4,2.2222222222222143E-2,-4.4000000000000003E-3,-1.3100000000000001E-2,1.385496857E-3,-9.9279999999999993E-3,-1.3690000000000001E-2
194710,15.43,0.80666700000000002,1.57,0.72273252296353341,8.5000000000000006E-3,2.7000000000000003E-2,3.3500000000000002E-2,2.1700000000000001E-2,2.3018572400164587E-2,5.9999999999999995E-4,0,-3.7000000000000002E-3,-9.9000000000000008E-3,8.6953756399999989E-4,2.0577999999999999E-2,1.9352999999999999E-2
194711,14.99,0.82333299999999998,1.59,0.73199264664921182,9.1999999999999998E-3,2.7699999999999999E-2,3.44E-2,2.29E-2,2.5908144516033051E-2,5.9999999999999995E-4,4.3478260869564966E-3,-1.7399999999999999E-2,-9.7999999999999997E-3,4.7596075700000006E-4,-1.7632999999999999E-2,-2.9555000000000001E-2
194712,15.3,0.84,1.61,0.7253256789578274,9.4999999999999998E-3,2.86E-2,3.5200000000000002E-2,2.4299999999999999E-2,2.5921595269506336E-2,8.0000000000000004E-4,1.298701298701288E-2,-1.9199999999999998E-2,2.3999999999999998E-3,1.1073046429999997E-3,3.0783999999999999E-2,2.5273E-2
194801,14.69,0.843333,1.64333,0.75188830395971629,9.7000000000000003E-3,2.86E-2,3.5200000000000002E-2,2.4299999999999999E-2,2.7765386729122349E-2,7.000000000000001E-4,1.2820512820512775E-2,2E-3,2.3999999999999998E-3,1.0488639839999999E-3,-3.7742999999999999E-2,-3.8905000000000002E-2
194802,14,0.84666699999999995,1.6766700000000001,0.78776978417266186,0.01,2.8500000000000001E-2,3.5299999999999998E-2,2.41E-2,2.9134401018584607E-2,7.000000000000001E-4,-8.4388185654008518E-3,4.5999999999999999E-3,3.8999999999999998E-3,1.7556377390000003E-3,-4.0231999999999997E-2,-4.7781999999999998E-2
194803,15.08,0.85,1.71,0.8414221218961625,0.01,2.8300000000000002E-2,3.5299999999999998E-2,2.41E-2,2.7187025483540288E-2,8.9999999999999998E-4,-4.2553191489361764E-3,3.3999999999999998E-3,1.15E-2,2.0820213490000002E-3,8.1439999999999999E-2,7.7021999999999993E-2
194804,15.48,0.85,1.76,0.82599301977729767,0.01,2.7799999999999998E-2,3.4700000000000002E-2,2.3900000000000001E-2,2.7453933573589013E-2,8.0000000000000004E-4,1.7094017094017255E-2,4.4999999999999997E-3,3.8E-3,5.5196923500000017E-4,3.0821000000000001E-2,2.8537E-2
194805,16.690000000000001,0.85,1.81,0.78169235608681964,0.01,2.76E-2,3.3799999999999997E-2,2.3099999999999999E-2,2.5578121484162299E-2,8.0000000000000004E-4,4.2016806722688926E-3,1.41E-2,8.0000000000000004E-4,1.4527575470000005E-3,8.4014000000000005E-2,7.7522999999999995E-2
194806,16.739999999999998,0.85,1.86,0.78697350364192964,0.01,2.76E-2,3.3399999999999999E-2,2.3800000000000002E-2,2.3893669202064764E-2,8.9999999999999998E-4,8.3682008368202165E-3,-8.3999999999999995E-3,-8.3000000000000001E-3,9.0705668800000001E-4,7.6649999999999999E-3,3.6870000000000002E-3
194807,15.85,0.85666699999999996,1.93,0.82225776209121482,0.01,2.81E-2,3.3700000000000001E-2,2.41E-2,2.2179319981707097E-2,8.0000000000000004E-4,1.2448132780082943E-2,-2.0999999999999999E-3,-5.1999999999999998E-3,2.7669911470000006E-3,-5.2296000000000002E-2,-5.3143999999999997E-2
194808,15.97,0.86333300000000002,2,0.82053822024104339,1.06E-2,2.8399999999999998E-2,3.44E-2,2.4199999999999999E-2,1.9226802697696953E-2,8.9999999999999998E-4,4.098360655737654E-3,1E-4,5.4999999999999997E-3,1.1851393339999997E-3,1.5539000000000001E-2,8.123E-3
194809,15.49,0.87,2.0699999999999998,0.8362310712282669,1.09E-2,2.8399999999999998E-2,3.4500000000000003E-2,2.4199999999999999E-2,1.9128082199314826E-2,4.0000000000000002E-4,0,1.4E-3,2.3999999999999998E-3,2.395501641E-3,-2.7015999999999998E-2,-3.1158999999999999E-2
194810,16.54,0.89,2.1433300000000002,0.79190567240280429,1.1200000000000002E-2,2.8399999999999998E-2,3.5000000000000003E-2,2.4299999999999999E-2,1.8133741019190925E-2,4.0000000000000002E-4,-4.0816326530612734E-3,6.9999999999999999E-4,2.3999999999999998E-3,8.2756330799999976E-4,7.0041000000000006E-2,6.7022999999999999E-2
194811,14.75,0.91,2.2166700000000001,0.87091121495327106,1.1399999999999999E-2,2.8399999999999998E-2,3.5299999999999998E-2,2.3900000000000001E-2,1.779153726578591E-2,4.0000000000000002E-4,-8.1967213114754189E-3,7.6E-3,8.5000000000000006E-3,6.1589031289999993E-3,-9.8332000000000003E-2,-0.109939
194812,15.2,0.93,2.29,0.84094754653130277,1.1599999999999999E-2,2.7900000000000001E-2,3.5299999999999998E-2,2.3699999999999999E-2,1.5014554123042907E-2,4.0000000000000002E-4,-4.1322314049585529E-3,5.5999999999999999E-3,1.3100000000000001E-2,9.6740501000000003E-4,3.5951999999999998E-2,2.9718999999999999E-2
194901,15.22,0.94666700000000004,2.3199999999999998,0.83240285841893702,1.1699999999999999E-2,2.7099999999999999E-2,3.4599999999999999E-2,2.3300000000000001E-2,1.3297671379348007E-2,1E-3,-4.1493775933610921E-3,8.2000000000000007E-3,3.8E-3,1.3129862260000001E-3,2.676E-3,1.377E-3
194902,14.62,0.96333299999999999,2.35,0.86155090719981509,1.1699999999999999E-2,2.7099999999999999E-2,3.4500000000000003E-2,2.3099999999999999E-2,1.7219043668335855E-2,8.9999999999999998E-4,-8.3333333333333037E-3,4.8999999999999998E-3,3.8E-3,1.4096786060000003E-3,-3.1639E-2,-4.1472000000000002E-2
194903,15.06,0.98,2.38,0.90175042348955392,1.1699999999999999E-2,2.7000000000000003E-2,3.4700000000000002E-2,2.2700000000000001E-2,1.4658966241923112E-2,1E-3,0,7.4000000000000003E-3,6.9999999999999999E-4,1.120894145E-3,3.3980999999999997E-2,2.9349E-2
194904,14.74,0.99333300000000002,2.3866700000000001,0.91749971274273234,1.1699999999999999E-2,2.7000000000000003E-2,3.4500000000000003E-2,2.2700000000000001E-2,1.5288745507972974E-2,8.9999999999999998E-4,4.2016806722688926E-3,1.1000000000000001E-3,2.3E-3,4.9927059700000001E-4,-1.8690999999999999E-2,-2.1717E-2
194905,14.19,1.00667,2.3933300000000002,0.94856260394392955,1.1699999999999999E-2,2.7099999999999999E-2,3.4500000000000003E-2,2.2700000000000001E-2,1.6901437544982224E-2,1E-3,-4.1841004184099972E-3,1.9E-3,3.8E-3,1.007660117E-3,-2.9423000000000001E-2,-3.7791999999999999E-2
194906,14.16,1.02,2.4,0.95388842432206422,1.1699999999999999E-2,2.7099999999999999E-2,3.4700000000000002E-2,2.1700000000000001E-2,1.68124176066306E-2,1E-3,4.2016806722688926E-3,1.67E-2,8.3999999999999995E-3,1.6978116739999999E-3,1.7440000000000001E-3,-3.2690000000000002E-3
194907,15.04,1.02667,2.3966699999999999,0.90779899954524779,1.0200000000000001E-2,2.6699999999999998E-2,3.4599999999999999E-2,2.1600000000000001E-2,1.9511400370179101E-2,8.9999999999999998E-4,-8.3682008368201055E-3,3.3E-3,9.9000000000000008E-3,6.4088089400000004E-4,6.2731999999999996E-2,6.1657000000000003E-2
194908,15.22,1.0333300000000001,2.3933300000000002,0.89387663718795474,1.04E-2,2.6200000000000001E-2,3.4000000000000002E-2,2.1000000000000001E-2,1.9440800826836618E-2,8.9999999999999998E-4,4.2194092827005925E-3,1.11E-2,3.7000000000000002E-3,1.073536357E-3,2.18E-2,1.1738E-2
194909,15.58,1.04,2.39,0.87502054681935237,1.0700000000000001E-2,2.6000000000000002E-2,3.3700000000000001E-2,2.12E-2,2.3343407531069463E-2,8.9999999999999998E-4,4.2016806722688926E-3,-1.1000000000000001E-3,2.0999999999999999E-3,1.5475937490000001E-3,2.7414999999999998E-2,2.4292999999999999E-2
194910,16.04,1.0733299999999999,2.3666700000000001,0.84256621293658329,1.0500000000000001E-2,2.6099999999999998E-2,3.3599999999999998E-2,2.12E-2,2.2233299623086445E-2,8.9999999999999998E-4,-8.3682008368201055E-3,1.9E-3,6.7000000000000002E-3,6.1350204500000007E-4,2.9780000000000001E-2,2.8437E-2
194911,16.059999999999999,1.10667,2.3433299999999999,0.83372487601148515,1.0800000000000001E-2,2.6000000000000002E-2,3.3500000000000002E-2,2.12E-2,2.3643159901944658E-2,8.0000000000000004E-4,4.2194092827005925E-3,2.0999999999999999E-3,2.0999999999999999E-3,9.0886154900000026E-4,2.0737999999999999E-2,4.8200000000000001E-4
194912,16.760000000000002,1.1399999999999999,2.3199999999999998,0.79642928386195877,1.1000000000000001E-2,2.58E-2,3.3099999999999997E-2,2.0899999999999998E-2,2.7175584701247667E-2,8.9999999999999998E-4,-8.4033613445377853E-3,5.1999999999999998E-3,-1.4500000000000001E-2,4.7323949399999995E-4,5.0984000000000002E-2,4.6033999999999999E-2
195001,17.05,1.1499999999999999,2.3366699999999998,0.79141681946578124,1.0700000000000001E-2,2.5699999999999997E-2,3.2400000000000005E-2,2.1499999999999998E-2,2.7102232956871506E-2,8.9999999999999998E-4,-4.2372881355933201E-3,-6.1000000000000004E-3,3.7000000000000002E-3,9.8915297499999988E-4,1.9702999999999998E-2,1.8245000000000001E-2
195002,17.22,1.1599999999999999,2.3533300000000001,0.78499803381832478,1.1200000000000002E-2,2.58E-2,3.2400000000000005E-2,2.1399999999999999E-2,2.5491644846679758E-2,8.9999999999999998E-4,0,2.0999999999999999E-3,6.9999999999999999E-4,4.2601425599999996E-4,1.9602999999999999E-2,9.9749999999999995E-3
195003,17.29,1.17,2.37,0.82552778451832076,1.1200000000000002E-2,2.58E-2,3.2400000000000005E-2,2.1499999999999998E-2,2.9291342017535797E-2,1E-3,4.2553191489362874E-3,8.0000000000000004E-4,2.2000000000000001E-3,6.2430247800000012E-4,8.1849999999999996E-3,3.542E-3
195004,18.07,1.18,2.4266700000000001,0.79649747143659855,1.15E-2,2.6000000000000002E-2,3.2300000000000002E-2,2.1399999999999999E-2,2.6397518857444346E-2,8.9999999999999998E-4,0,3.0000000000000001E-3,-8.0000000000000004E-4,7.1401073900000003E-4,4.5886999999999997E-2,4.4492999999999998E-2
195005,18.78,1.19,2.48333,0.76134634321009764,1.1599999999999999E-2,2.6099999999999998E-2,3.2500000000000001E-2,2.1299999999999999E-2,2.8572263608588323E-2,1E-3,4.237288135593209E-3,3.3E-3,-8.0000000000000004E-4,6.4126298299999995E-4,4.6901999999999999E-2,3.7589999999999998E-2
195006,17.690000000000001,1.2,2.54,0.81344746783989275,1.15E-2,2.6200000000000001E-2,3.2799999999999996E-2,2.1600000000000001E-2,3.0396658842657943E-2,1E-3,4.2194092827005925E-3,-2.5000000000000001E-3,2.3E-3,5.8557165030000006E-3,-5.4224000000000001E-2,-5.7848999999999998E-2
195007,17.84,1.24333,2.6,0.81232091690544406,1.1599999999999999E-2,2.6499999999999999E-2,3.32E-2,2.1399999999999999E-2,3.0117347359960668E-2,1E-3,1.2605042016806678E-2,5.4999999999999997E-3,6.8999999999999999E-3,3.110250034E-3,1.6981E-2,1.5875E-2
195008,18.420000000000002,1.28667,2.66,0.78434084935675741,1.2E-2,2.6099999999999998E-2,3.2300000000000002E-2,2.1399999999999999E-2,2.9550872270041703E-2,1E-3,8.2987551867219622E-3,1.4E-3,3.8E-3,1.0756051259999998E-3,4.8063000000000002E-2,3.1525999999999998E-2
195009,19.45,1.33,2.72,0.75145785474465443,1.3000000000000001E-2,2.64E-2,3.2099999999999997E-2,2.1999999999999999E-2,2.591420886679404E-2,1E-3,4.1152263374484299E-3,-7.1999999999999998E-3,-3.8999999999999998E-3,1.3183729690000002E-3,5.9465999999999998E-2,5.6509999999999998E-2
195010,19.53,1.3766700000000001,2.76,0.75596640149326699,1.3100000000000001E-2,2.6699999999999998E-2,3.2199999999999999E-2,2.2499999999999999E-2,2.7341038347213947E-2,1.1999999999999999E-3,8.19672131147553E-3,-4.7999999999999996E-3,-8.0000000000000004E-4,1.7594065179999999E-3,5.084E-3,3.4250000000000001E-3
195011,19.510000000000002,1.42333,2.8,0.74736379613356763,1.3600000000000001E-2,2.6699999999999998E-2,3.2199999999999999E-2,2.24E-2,2.5540132680544725E-2,1.1000000000000001E-3,4.0650406504063596E-3,3.5000000000000001E-3,5.4000000000000003E-3,2.4576730459999999E-3,2.2429999999999999E-2,-7.2999999999999999E-5
195012,20.41,1.47,2.84,0.72253844193356553,1.34E-2,2.6699999999999998E-2,3.2000000000000001E-2,2.24E-2,3.1358255908732945E-2,1.1000000000000001E-3,1.2145748987854255E-2,1.6000000000000001E-3,2.3E-3,2.4895409429999999E-3,5.5425000000000002E-2,5.1025000000000001E-2
195101,21.66,1.4866699999999999,2.8366699999999998,0.68359924446409193,1.34E-2,2.6600000000000002E-2,3.1699999999999999E-2,2.2100000000000002E-2,3.0045078410990005E-2,1.2999999999999999E-3,1.6000000000000014E-2,5.7999999999999996E-3,1.9E-3,1.704688583E-3,6.5104999999999996E-2,6.3309000000000004E-2
195102,21.8,1.5033300000000001,2.8333300000000001,0.67486609799642927,1.3600000000000001E-2,2.6600000000000002E-2,3.1600000000000003E-2,2.2800000000000001E-2,3.1120052439322372E-2,1E-3,1.1811023622047223E-2,-7.4000000000000003E-3,-4.4000000000000003E-3,6.5064396300000007E-4,1.4546E-2,4.1850000000000004E-3
195103,21.4,1.52,2.83,0.78139460024946683,1.3999999999999999E-2,2.7799999999999998E-2,3.2300000000000002E-2,2.41E-2,3.2686771293978858E-2,1.1000000000000001E-3,3.8910505836575737E-3,-1.5699999999999999E-2,-2.3699999999999999E-2,1.2276649489999999E-3,-1.7484E-2,-1.9706000000000001E-2
195104,22.43,1.5333300000000001,2.7933300000000001,0.74943078763554971,1.47E-2,2.87E-2,3.3500000000000002E-2,2.4799999999999999E-2,3.2092479179582203E-2,1.2999999999999999E-3,0,-6.3E-3,-8.9999999999999998E-4,8.4819813699999998E-4,4.9107999999999999E-2,4.7903000000000001E-2
195105,21.52,1.54667,2.7566700000000002,0.77788904466252751,1.55E-2,2.8900000000000002E-2,3.4000000000000002E-2,2.5399999999999999E-2,3.0675026858775437E-2,1.1999999999999999E-3,3.8759689922480689E-3,-6.8999999999999999E-3,-1.5E-3,1.4074200069999999E-3,-2.9978999999999999E-2,-4.0917000000000002E-2
195106,20.96,1.56,2.72,0.80036267721727661,1.4499999999999999E-2,2.9399999999999999E-2,3.49E-2,2.5899999999999999E-2,3.6341120871883556E-2,1.1999999999999999E-3,0,-6.1999999999999998E-3,-9.2999999999999992E-3,1.136773276E-3,-2.5847999999999999E-2,-2.8185999999999999E-2
195107,22.4,1.54667,2.65,0.75312184906538426,1.5600000000000001E-2,2.9399999999999999E-2,3.5299999999999998E-2,2.52E-2,3.2598596437350684E-2,1.2999999999999999E-3,0,1.38E-2,2.0500000000000001E-2,1.4082078629999999E-3,7.0934999999999998E-2,7.0014000000000007E-2
195108,23.28,1.5333300000000001,2.58,0.71859389454209066,1.6200000000000003E-2,2.8799999999999999E-2,3.5000000000000003E-2,2.46E-2,3.0321199558032513E-2,1.2999999999999999E-3,0,9.9000000000000008E-3,1.14E-2,5.8177953099999998E-4,5.0220000000000001E-2,3.8396E-2
195109,23.26,1.52,2.5099999999999998,0.71618232777695812,1.6299999999999999E-2,2.8399999999999998E-2,3.4599999999999999E-2,2.53E-2,2.8799505871312598E-2,1.1999999999999999E-3,7.7220077220079286E-3,-8.0000000000000002E-3,-5.7000000000000002E-3,2.5476904200000006E-4,2.8679999999999999E-3,1.1950000000000001E-3
195110,22.94,1.48333,2.4866700000000002,0.74023251381741939,1.54E-2,2.8900000000000002E-2,3.5000000000000003E-2,2.5399999999999999E-2,2.9144255170932446E-2,1.6000000000000001E-3,3.8314176245208831E-3,1E-3,-1.4500000000000001E-2,1.5110762550000002E-3,-1.3321E-2,-1.5088000000000001E-2
195111,22.88,1.4466699999999999,2.46333,0.74329237953075367,1.5600000000000001E-2,2.9600000000000001E-2,3.56E-2,2.64E-2,3.1620966490111084E-2,1.1000000000000001E-3,7.6335877862594437E-3,-1.3599999999999999E-2,-6.1000000000000004E-3,1.0239816519999998E-3,1.1388000000000001E-2,-2.5739999999999999E-3
195112,23.77,1.41,2.44,0.72131634661813315,1.7299999999999999E-2,3.0099999999999998E-2,3.61E-2,2.69E-2,3.615078779985318E-2,1.1999999999999999E-3,3.7878787878788955E-3,-6.1000000000000004E-3,5.7999999999999996E-3,4.2703636799999999E-4,4.1814999999999998E-2,3.8467000000000001E-2
195201,24.14,1.41333,2.4266700000000001,0.71742583767409207,1.5700000000000002E-2,2.98E-2,3.5900000000000001E-2,2.6800000000000001E-2,3.5150698238972593E-2,1.5E-3,0,2.8E-3,1.9900000000000001E-2,5.3842108100000008E-4,1.7767999999999999E-2,1.6303000000000002E-2
195202,23.26,1.4166700000000001,2.4133300000000002,0.74669332513072906,1.54E-2,2.9300000000000003E-2,3.5299999999999998E-2,2.69E-2,3.4871704612944115E-2,1.1999999999999999E-3,-7.547169811320753E-3,1.4E-3,-8.5000000000000006E-3,9.3160098400000006E-4,-2.5241E-2,-3.5742999999999997E-2
195203,24.37,1.42,2.4,0.75187411860758557,1.5900000000000001E-2,2.9600000000000001E-2,3.5099999999999999E-2,2.63E-2,3.2094136675370498E-2,1.1000000000000001E-3,0,1.11E-2,7.6E-3,6.3181516899999996E-4,5.2804999999999998E-2,5.0654999999999999E-2
195204,23.32,1.43,2.38,0.78639909948375575,1.5700000000000002E-2,2.9300000000000003E-2,3.5000000000000003E-2,2.5399999999999999E-2,3.323144944739824E-2,1.1999999999999999E-3,3.8022813688212143E-3,1.7100000000000001E-2,-4.0000000000000002E-4,8.0783527899999988E-4,-4.1423000000000001E-2,-4.3268000000000001E-2
195205,23.86,1.44,2.36,0.77051798889480483,1.67E-2,2.9300000000000003E-2,3.49E-2,2.5700000000000001E-2,3.2149120725290282E-2,1.2999999999999999E-3,0,-3.3E-3,3.0999999999999999E-3,5.2645261100000011E-4,3.3697999999999999E-2,2.3274E-2
195206,24.96,1.45,2.34,0.73871508787282136,1.7000000000000001E-2,2.9399999999999999E-2,3.5000000000000003E-2,2.5899999999999999E-2,2.7731270299789154E-2,1.5E-3,3.7878787878788955E-3,2.9999999999999997E-4,1.6000000000000001E-3,3.2527064899999996E-4,4.7832E-2,4.5795000000000002E-2
195207,25.4,1.45,2.34667,0.72471025897839458,1.8100000000000002E-2,2.9500000000000002E-2,3.5000000000000003E-2,2.6100000000000002E-2,2.7922824594005202E-2,1.5E-3,7.547169811320753E-3,-2E-3,1.6000000000000001E-3,3.4488178100000003E-4,1.9129E-2,1.7659000000000001E-2
195208,25.03,1.45,2.3533300000000001,0.73662012798138443,1.83E-2,2.9399999999999999E-2,3.5099999999999999E-2,2.6700000000000002E-2,2.804287868044052E-2,1.5E-3,0,-7.0000000000000001E-3,6.3E-3,2.8953667400000003E-4,-5.6740000000000002E-3,-1.5007E-2
195209,24.54,1.45,2.36,0.74867891060936398,1.7100000000000001E-2,2.9500000000000002E-2,3.5200000000000002E-2,2.7699999999999999E-2,3.103805499205994E-2,1.6000000000000001E-3,0,-1.2999999999999999E-2,-1.8E-3,4.4117257299999997E-4,-1.8085E-2,-2.0098000000000001E-2
195210,24.52,1.4366699999999999,2.3733300000000002,0.75251643576124494,1.7399999999999999E-2,3.0099999999999998E-2,3.5400000000000001E-2,2.69E-2,2.9927311762305727E-2,1.4000000000000002E-3,0,1.4800000000000001E-2,3.8999999999999998E-3,1.0262180079999997E-3,3.2000000000000003E-4,-1.2440000000000001E-3
195211,25.66,1.42333,2.3866700000000001,0.71423535218218981,1.8500000000000003E-2,2.98E-2,3.5299999999999998E-2,2.7199999999999998E-2,2.6550152449692176E-2,1E-3,0,-1.5E-3,1.0800000000000001E-2,4.5908912499999992E-4,6.1381999999999999E-2,4.8273000000000003E-2
195212,26.57,1.41,2.4,0.69407331277834883,2.0899999999999998E-2,2.9700000000000001E-2,3.5099999999999999E-2,2.7900000000000001E-2,2.6534716358030466E-2,1.6000000000000001E-3,0,-8.6E-3,-9.1000000000000004E-3,2.6771746700000003E-4,3.8214999999999999E-2,3.5725E-2
195301,26.38,1.41,2.41,0.69917520792352561,1.9599999999999999E-2,3.0200000000000001E-2,3.5099999999999999E-2,2.7900000000000001E-2,2.5934035008075059E-2,1.6000000000000001E-3,-3.7453183520598232E-3,1.1999999999999999E-3,-8.0000000000000002E-3,4.0095887699999994E-4,-6.2069999999999998E-3,-6.7949999999999998E-3
195302,25.9,1.41,2.42,0.71270271221022274,1.9699999999999999E-2,3.0699999999999998E-2,3.5299999999999998E-2,2.87E-2,2.6515491011400716E-2,1.4000000000000002E-3,-3.7593984962406291E-3,-8.6999999999999994E-3,-4.0000000000000001E-3,4.9066373500000001E-4,-7.5399999999999998E-3,-1.7804E-2
195303,25.29,1.41,2.4300000000000002,0.76249687354843321,2.0099999999999996E-2,3.1200000000000002E-2,3.5699999999999996E-2,2.9399999999999999E-2,2.4013352761139525E-2,1.8E-3,3.7735849056603765E-3,-8.8000000000000005E-3,-3.3E-3,6.8265246599999994E-4,-2.2287999999999999E-2,-2.4368000000000001E-2
195304,24.62,1.41333,2.4566699999999999,0.77670609645131938,2.1899999999999999E-2,3.2300000000000002E-2,3.6499999999999998E-2,3.0300000000000001E-2,2.6293154355143001E-2,1.6000000000000001E-3,0,-1.0500000000000001E-2,-2.4799999999999999E-2,1.271594922E-3,-2.5308000000000001E-2,-2.6832000000000002E-2
195305,24.54,1.4166700000000001,2.48333,0.783752019979433,2.1600000000000001E-2,3.3399999999999999E-2,3.78E-2,3.1399999999999997E-2,2.7225578994867577E-2,1.7000000000000001E-3,3.759398496240518E-3,-1.4800000000000001E-2,-3.0000000000000001E-3,5.9316660500000008E-4,7.4009999999999996E-3,-2.7299999999999998E-3
195306,24.14,1.42,2.5099999999999998,0.79549690598672929,2.1099999999999997E-2,3.4000000000000002E-2,3.8599999999999995E-2,3.0099999999999998E-2,2.7461899830267294E-2,1.8E-3,3.7453183520599342E-3,2.23E-2,1.09E-2,1.1056921389999996E-3,-1.4265999999999999E-2,-1.6182999999999999E-2
195307,24.75,1.42,2.5233300000000001,0.7749291887573535,2.0400000000000001E-2,3.2799999999999996E-2,3.8599999999999995E-2,3.0099999999999998E-2,2.6151870303874516E-2,1.5E-3,0,3.8999999999999998E-3,1.77E-2,5.8101459600000004E-4,2.6314000000000001E-2,2.4844000000000001E-2
195308,23.32,1.42,2.53667,0.81693591608605765,2.0400000000000001E-2,3.2400000000000005E-2,3.85E-2,3.0300000000000001E-2,2.8087024705043661E-2,1.7000000000000001E-3,3.7313432835819338E-3,-8.0000000000000004E-4,-8.5000000000000006E-3,6.8147383499999996E-4,-5.0101E-2,-6.0096999999999998E-2
195309,23.35,1.42,2.5499999999999998,0.80821087713982731,1.7899999999999999E-2,3.2899999999999999E-2,3.8800000000000001E-2,2.8400000000000002E-2,2.5876605890648562E-2,1.6000000000000001E-3,0,2.9899999999999999E-2,2.53E-2,1.1056425909999998E-3,2.1870000000000001E-3,7.2000000000000002E-5
195310,24.54,1.43,2.53667,0.77372103984627105,1.38E-2,3.1600000000000003E-2,3.8199999999999998E-2,2.81E-2,2.469523189008176E-2,1.2999999999999999E-3,3.7174721189592308E-3,7.4000000000000003E-3,2.2700000000000001E-2,5.72851756E-4,5.1046000000000001E-2,4.9806000000000003E-2
195311,24.76,1.44,2.5233300000000001,0.75843195792017626,1.44E-2,3.1099999999999999E-2,3.7499999999999999E-2,2.86E-2,2.5798001684740821E-2,8.0000000000000004E-4,-3.7037037037037646E-3,-4.8999999999999998E-3,-7.3000000000000001E-3,3.7649826299999999E-4,2.3762999999999999E-2,9.8790000000000006E-3
195312,24.81,1.45,2.5099999999999998,0.75970096119615527,1.6E-2,3.1300000000000001E-2,3.7400000000000003E-2,2.7400000000000001E-2,2.4822272294748638E-2,1.2999999999999999E-3,0,2.06E-2,1.72E-2,4.1726887199999992E-4,1.7129999999999999E-3,-1.189E-3
195401,26.08,1.4566699999999999,2.5233300000000001,0.72984712199459634,1.18E-2,3.0600000000000002E-2,3.7100000000000001E-2,2.9100000000000001E-2,2.3383339552034088E-2,1.1000000000000001E-3,0,8.8999999999999999E-3,1.24E-2,4.9822493499999986E-4,5.3485999999999999E-2,5.2586000000000001E-2
195402,26.15,1.46333,2.53667,0.72451958986894816,9.7000000000000003E-3,2.9500000000000002E-2,3.61E-2,2.7900000000000001E-2,2.2562565320400834E-2,7.000000000000001E-4,0,2.4E-2,1.9800000000000002E-2,3.4071256099999999E-4,1.2916E-2,2.343E-3
195403,26.94,1.47,2.5499999999999998,0.80491581825969494,1.03E-2,2.86E-2,3.5099999999999999E-2,2.7799999999999998E-2,2.2093476024517163E-2,8.0000000000000004E-4,0,5.7999999999999996E-3,3.8999999999999998E-3,3.5654858499999998E-4,3.0530000000000002E-2,2.8423E-2
195404,28.26,1.46333,2.5733299999999999,0.76503930103654538,9.7000000000000003E-3,2.8500000000000001E-2,3.4700000000000002E-2,2.7300000000000001E-2,2.0856233184872494E-2,8.9999999999999998E-4,-3.7174721189590088E-3,1.04E-2,-3.3999999999999998E-3,7.30701935E-4,4.8357999999999998E-2,4.7140000000000001E-2
195405,29.19,1.4566699999999999,2.59667,0.74597697639622584,7.6E-3,2.8799999999999999E-2,3.4700000000000002E-2,2.7900000000000001E-2,1.849258783997669E-2,5.0000000000000001E-4,3.7313432835819338E-3,-8.6999999999999994E-3,-4.1999999999999997E-3,4.2985320500000005E-4,4.2777000000000003E-2,3.3605999999999997E-2
195406,29.21,1.45,2.62,0.73246784397205655,6.4000000000000003E-3,2.8999999999999998E-2,3.49E-2,2.7199999999999998E-2,1.8357419031035969E-2,5.9999999999999995E-4,0,1.6299999999999999E-2,6.3E-3,9.3542851E-4,2.467E-3,5.3300000000000005E-4
195407,30.88,1.4566699999999999,2.6233300000000002,0.70217291331340537,7.1999999999999998E-3,2.8900000000000002E-2,3.5000000000000003E-2,2.6599999999999999E-2,1.7707472298425526E-2,5.0000000000000001E-4,0,1.34E-2,4.0000000000000001E-3,6.1330673600000019E-4,5.8701000000000003E-2,5.7779999999999998E-2
195408,29.83,1.46333,2.6266699999999998,0.7275163787969029,9.1999999999999998E-3,2.87E-2,3.49E-2,2.69E-2,1.7527531397013244E-2,5.0000000000000001E-4,0,-3.5999999999999999E-3,1.8E-3,1.1449665549999998E-3,-2.5894E-2,-3.4752999999999999E-2
195409,32.31,1.47,2.63,0.67774510347888817,1.01E-2,2.8900000000000002E-2,3.4700000000000002E-2,2.7099999999999999E-2,1.6884188602312594E-2,8.9999999999999998E-4,-3.7174721189590088E-3,-1E-3,4.0000000000000001E-3,6.9178946400000004E-4,8.2500000000000004E-2,8.0888000000000002E-2
195410,31.68,1.49333,2.6766700000000001,0.69375816436644522,9.7999999999999997E-3,2.87E-2,3.4599999999999999E-2,2.7099999999999999E-2,1.7579611194469463E-2,7.000000000000001E-4,0,5.9999999999999995E-4,4.0000000000000001E-3,4.9917436699999996E-4,-1.7867000000000001E-2,-1.8658999999999999E-2
195411,34.24,1.51667,2.7233299999999998,0.6316415440701193,9.300000000000001E-3,2.8900000000000002E-2,3.4500000000000003E-2,2.7400000000000001E-2,1.4153219014120507E-2,5.9999999999999995E-4,0,-2.5000000000000001E-3,2.5000000000000001E-3,1.2668257469999999E-3,9.5773999999999998E-2,8.2711999999999994E-2
195412,35.979999999999997,1.54,2.77,0.60411978535572097,1.15E-2,2.8999999999999998E-2,3.4500000000000003E-2,2.7199999999999998E-2,2.6992812470241084E-2,8.0000000000000004E-4,-3.7313432835821558E-3,6.4000000000000003E-3,1.6999999999999999E-3,8.8228098400000001E-4,5.4288000000000003E-2,5.2360999999999998E-2
195501,36.630000000000003,1.54667,2.8333300000000001,0.59755888755717546,1.2199999999999999E-2,2.9300000000000003E-2,3.4500000000000003E-2,2.86E-2,2.6412209141496137E-2,8.0000000000000004E-4,0,-2.41E-2,-9.7000000000000003E-3,2.5173979019999996E-3,1.8075999999999998E-2,1.7590999999999999E-2
195502,36.76,1.5533300000000001,2.8966699999999999,0.59314832350013358,1.1699999999999999E-2,2.9300000000000003E-2,3.4700000000000002E-2,2.92E-2,2.804465334951944E-2,8.9999999999999998E-4,0,-7.7999999999999996E-3,-6.3E-3,6.040311319999999E-4,1.3526E-2,5.4460000000000003E-3
195503,36.58,1.56,2.96,0.60776177690993416,1.2800000000000001E-2,3.0200000000000001E-2,3.4799999999999998E-2,2.8799999999999999E-2,2.7968341933268071E-2,1E-3,0,8.6999999999999994E-3,9.1999999999999998E-3,2.482548154E-3,-2.2420000000000001E-3,-3.8509999999999998E-3
195504,37.96,1.5633300000000001,3.0466700000000002,0.58498766592270646,1.5900000000000001E-2,3.0099999999999998E-2,3.49E-2,2.9000000000000001E-2,2.6509678885879365E-2,1E-3,0,1E-4,-1E-4,6.2805034200000005E-4,3.9843000000000003E-2,3.8885000000000003E-2
195505,37.909999999999997,1.56667,3.1333299999999999,0.58607541307724897,1.4499999999999999E-2,3.04E-2,3.5000000000000003E-2,2.87E-2,2.5418715307258009E-2,1.4000000000000002E-3,0,7.3000000000000001E-3,-1.8E-3,7.45073396E-4,6.4330000000000003E-3,-1.0809999999999999E-3
195506,41.03,1.57,3.22,0.55164163232752894,1.41E-2,3.0499999999999999E-2,3.5099999999999999E-2,2.93E-2,2.5363932271466653E-2,1E-3,0,-7.6E-3,2.8999999999999998E-3,6.457440699999999E-4,8.1299999999999997E-2,7.9930000000000001E-2
195507,43.52,1.58667,3.2933300000000001,0.53450681549855106,1.6E-2,3.0600000000000002E-2,3.5200000000000002E-2,0.03,2.4760441615846195E-2,1E-3,3.7453183520599342E-3,-1.0200000000000001E-2,-4.1000000000000003E-3,2.082118547E-3,5.7646000000000003E-2,5.7068000000000001E-2
195508,43.18,1.6033299999999999,3.3666700000000001,0.53184672561835189,1.9E-2,3.1099999999999999E-2,3.56E-2,3.0099999999999998E-2,2.667106263285441E-2,1.6000000000000001E-3,0,4.0000000000000002E-4,-3.8E-3,1.12040356E-3,-6.4800000000000003E-4,-8.3129999999999992E-3
195509,43.67,1.62,3.44,0.53362479105053362,2.07E-2,3.1300000000000001E-2,3.5900000000000001E-2,2.98E-2,2.5633980800136215E-2,1.6000000000000001E-3,3.7313432835819338E-3,7.3000000000000001E-3,7.6E-3,5.7110808070000001E-3,1.1285999999999999E-2,1.0116999999999999E-2
195510,42.34,1.6266700000000001,3.5,0.54740914986699496,2.23E-2,3.1E-2,3.5900000000000001E-2,2.92E-2,2.5100686602568437E-2,1.8E-3,0,1.44E-2,7.7999999999999996E-3,2.6798957789999993E-3,-3.0467999999999999E-2,-3.1E-2
195511,45.51,1.6333299999999999,3.56,0.51525058974465088,2.2400000000000003E-2,3.1E-2,3.5799999999999998E-2,2.9499999999999998E-2,2.6033702709268299E-2,1.7000000000000001E-3,0,-4.4999999999999997E-3,-3.0000000000000001E-3,1.9291618190000002E-3,8.7825E-2,7.5123999999999996E-2
195512,45.48,1.64,3.62,0.5098280098280098,2.5399999999999999E-2,3.15E-2,3.6200000000000003E-2,2.9499999999999998E-2,2.5244549861861313E-2,1.8E-3,-3.7174721189590088E-3,3.7000000000000002E-3,6.3E-3,4.7470324900000002E-4,-3.0899999999999998E-4,-1.6850000000000001E-3
195601,43.82,1.67,3.6433300000000002,0.52895441220206485,2.41E-2,3.1099999999999999E-2,3.6000000000000004E-2,2.92E-2,2.6424477060710903E-2,2.2000000000000001E-3,0,8.3000000000000001E-3,1.04E-2,1.179984062E-3,-3.5056999999999998E-2,-3.6278999999999999E-2
195602,45.34,1.7,3.6666699999999999,0.5148351080326683,2.3199999999999998E-2,3.0800000000000001E-2,3.5799999999999998E-2,2.93E-2,2.4165344268914136E-2,1.9E-3,0,-2.0000000000000001E-4,2.5999999999999999E-3,1.1001472029999999E-3,4.1397000000000003E-2,3.4458000000000003E-2
195603,48.48,1.73,3.69,0.53107719963266187,2.2499999999999999E-2,3.1E-2,3.6000000000000004E-2,3.0300000000000001E-2,2.6695068384052046E-2,1.5E-3,0,-1.49E-2,-1.46E-2,1.0088558209999999E-3,7.0328000000000002E-2,6.9225999999999996E-2
195604,48.38,1.7533300000000001,3.66,0.52662171588002793,2.6000000000000002E-2,3.2400000000000005E-2,3.6799999999999999E-2,3.1099999999999999E-2,2.6213748735125615E-2,1.9E-3,3.7313432835819338E-3,-1.1299999999999999E-2,-1.15E-2,8.1489940200000003E-4,-6.3699999999999998E-4,-1.4250000000000001E-3
195605,45.2,1.77667,3.63,0.56855977408220904,2.6099999999999998E-2,3.2799999999999996E-2,3.73E-2,2.9899999999999999E-2,2.930298262512309E-2,2.3E-3,3.7174721189592308E-3,2.2499999999999999E-2,5.1999999999999998E-3,1.8364287110000004E-3,-5.8414000000000001E-2,-6.5976000000000007E-2
195606,46.97,1.8,3.6,0.55156459271886038,2.4900000000000002E-2,3.2599999999999997E-2,3.7599999999999995E-2,2.9899999999999999E-2,2.5671522082138493E-2,2E-3,7.4074074074073071E-3,2.7000000000000001E-3,-1.8E-3,1.0370448649999998E-3,3.891E-2,3.7761999999999997E-2
195607,49.39,1.8133300000000001,3.5533299999999999,0.52490295668295328,2.3099999999999999E-2,3.2799999999999996E-2,3.7999999999999999E-2,3.1300000000000001E-2,2.4753606166895769E-2,2.2000000000000001E-3,7.3529411764705621E-3,-2.0899999999999998E-2,-9.2999999999999992E-3,4.9557634300000011E-4,5.1427E-2,5.0618999999999997E-2
195608,47.51,1.82667,3.5066700000000002,0.54139112421321012,2.6000000000000002E-2,3.4300000000000004E-2,3.9300000000000002E-2,3.2500000000000001E-2,2.3811483306661402E-2,1.7000000000000001E-3,-3.6496350364962904E-3,-1.8700000000000001E-2,-2.0799999999999999E-2,1.2354053339999999E-3,-3.2787999999999998E-2,-3.9975999999999998E-2
195609,45.35,1.84,3.46,0.57190952130457662,2.8399999999999998E-2,3.56E-2,4.07E-2,3.2399999999999998E-2,2.9361949241487922E-2,1.8E-3,3.66300366300365E-3,5.0000000000000001E-3,1.1999999999999999E-3,7.8777944800000001E-4,-4.4021999999999999E-2,-4.5127E-2
195610,45.58,1.80667,3.44333,0.56642700844013749,2.8999999999999998E-2,3.5900000000000001E-2,4.1700000000000001E-2,3.2899999999999999E-2,2.9457321664088019E-2,2.5000000000000001E-3,3.6496350364965124E-3,-5.4000000000000003E-3,-1.0500000000000001E-2,1.6420104589999996E-3,6.6189999999999999E-3,5.2979999999999998E-3
195611,45.08,1.7733300000000001,3.4266700000000001,0.57489741528829486,2.9900000000000003E-2,3.6900000000000002E-2,4.24E-2,3.3300000000000003E-2,2.7088457725728529E-2,2E-3,0,-5.7000000000000002E-3,-1.26E-2,1.7315170259999996E-3,-1.921E-3,-1.1161000000000001E-2
195612,46.67,1.74,3.41,0.54417682743708329,3.2099999999999997E-2,3.7499999999999999E-2,4.3700000000000003E-2,3.4500000000000003E-2,2.6149367267363086E-2,2.3999999999999998E-3,3.6363636363636598E-3,-1.7899999999999999E-2,-8.2000000000000007E-3,1.0202756230000001E-3,3.6283999999999997E-2,3.4442E-2
195701,44.72,1.7366699999999999,3.4066700000000001,0.56724267468069123,3.1099999999999999E-2,3.7699999999999997E-2,4.4900000000000002E-2,3.2800000000000003E-2,2.7991993943420845E-2,2.7000000000000001E-3,0,3.4599999999999999E-2,1.9699999999999999E-2,9.0194245999999998E-4,-4.0238000000000003E-2,-4.1569000000000002E-2
195702,43.26,1.73333,3.40333,0.58499418879944898,3.1E-2,3.6699999999999997E-2,4.4699999999999997E-2,3.2800000000000003E-2,3.0172846543541458E-2,2.3999999999999998E-3,3.6231884057971175E-3,2.5000000000000001E-3,9.2999999999999992E-3,1.056040188E-3,-2.4919E-2,-3.2822999999999998E-2
195703,44.11,1.73,3.4,0.59981887491838848,3.0800000000000001E-2,3.6600000000000001E-2,4.4299999999999999E-2,3.3099999999999997E-2,2.6599594699423877E-2,2.3E-3,3.6101083032491488E-3,-2.3999999999999998E-3,5.0000000000000001E-3,3.3029759600000007E-4,2.3827000000000001E-2,2.0752E-2
195704,45.74,1.73,3.4066700000000001,0.5760983898373655,3.0699999999999998E-2,3.6699999999999997E-2,4.4400000000000002E-2,3.4500000000000003E-2,2.7420593087233162E-2,2.5000000000000001E-3,3.597122302158251E-3,-2.2200000000000001E-2,-6.6E-3,3.0246006300000002E-4,4.6538000000000003E-2,4.5214999999999998E-2
195705,47.43,1.73,3.4133300000000002,0.56403857960509374,3.0600000000000002E-2,3.7400000000000003E-2,4.5199999999999997E-2,3.4799999999999998E-2,2.8848654637553393E-2,2.5999999999999999E-3,3.5842293906811484E-3,-2.3E-3,-7.4999999999999997E-3,4.8177117499999998E-4,3.8733999999999998E-2,3.3208000000000001E-2
195706,47.37,1.73,3.42,0.56587653241669811,3.2899999999999999E-2,3.9100000000000003E-2,4.6300000000000001E-2,3.61E-2,3.0527691427377521E-2,2.3999999999999998E-3,3.5714285714285587E-3,-1.7999999999999999E-2,-3.2199999999999999E-2,5.7862141099999996E-4,-7.0500000000000001E-4,-3.6319999999999998E-3
195707,47.91,1.74,3.4366699999999999,0.56005663494061197,3.1600000000000003E-2,3.9900000000000005E-2,4.7300000000000002E-2,3.6499999999999998E-2,3.2346039764605955E-2,3.0000000000000001E-3,7.1174377224199059E-3,-4.1000000000000003E-3,-1.0999999999999999E-2,5.5386766200000005E-4,9.7470000000000005E-3,8.2170000000000003E-3
195708,45.22,1.75,3.4533299999999998,0.58800454216991849,3.3700000000000001E-2,4.0999999999999995E-2,4.82E-2,3.6700000000000003E-2,3.5853989475737182E-2,2.5000000000000001E-3,0,2.0000000000000001E-4,-8.9999999999999998E-4,2.147248218E-3,-4.8998E-2,-5.4177999999999997E-2
195709,42.42,1.76,3.47,0.62415077799693186,3.5299999999999998E-2,4.1200000000000001E-2,4.9299999999999997E-2,3.6400000000000002E-2,3.4362522478884196E-2,2.5999999999999999E-3,0,7.6E-3,9.4999999999999998E-3,1.5171098810000002E-3,-5.7879E-2,-6.0609000000000003E-2
195710,41.06,1.77,3.4366699999999999,0.64574641755849804,3.5799999999999998E-2,4.0999999999999995E-2,4.99E-2,3.6900000000000002E-2,3.8409716496547536E-2,2.8999999999999998E-3,0,-5.0000000000000001E-3,2.3E-3,4.9360114039999998E-3,-3.8834E-2,-4.0549000000000002E-2
195711,41.72,1.78,3.40333,0.63307177629092848,3.3099999999999997E-2,4.0800000000000003E-2,5.0900000000000001E-2,3.4000000000000002E-2,4.0989813635519443E-2,2.8000000000000004E-3,3.5335689045936647E-3,5.33E-2,3.1099999999999999E-2,3.4900785359999998E-3,2.3702999999999998E-2,1.6483000000000001E-2
195712,39.99,1.79,3.37,0.65367577864995752,3.04E-2,3.8100000000000002E-2,5.0300000000000004E-2,3.2300000000000002E-2,3.4873146995566345E-2,2.3999999999999998E-3,0,3.0700000000000002E-2,6.8500000000000005E-2,1.2514024429999997E-3,-3.7421999999999997E-2,-4.1021000000000002E-2
195801,41.7,1.7833300000000001,3.2933300000000001,0.63286076174392258,2.4399999999999998E-2,3.6000000000000004E-2,4.8300000000000003E-2,3.3000000000000002E-2,2.9896179894453111E-2,2.8000000000000004E-3,7.0422535211267512E-3,-8.3999999999999995E-3,9.9000000000000008E-3,7.8446527300000003E-4,4.5518000000000003E-2,4.4330000000000001E-2
195802,40.840000000000003,1.77667,3.2166700000000001,0.64739043462447721,1.5300000000000001E-2,3.5900000000000001E-2,4.6600000000000003E-2,3.2500000000000001E-2,2.7751080185531674E-2,1.1999999999999999E-3,0,0.01,-8.0000000000000004E-4,7.3624771700000005E-4,-1.4109E-2,-2.0288E-2
195803,42.1,1.77,3.14,0.66859163756826934,1.3000000000000001E-2,3.6299999999999999E-2,4.6799999999999994E-2,3.2099999999999997E-2,2.8935347494565326E-2,8.9999999999999998E-4,6.9930069930068672E-3,1.0200000000000001E-2,-4.5999999999999999E-3,5.1920572900000003E-4,3.3051999999999998E-2,2.9735999999999999E-2
195804,43.44,1.75667,3.07,0.65524503136928003,1.1299999999999999E-2,3.6000000000000004E-2,4.6699999999999998E-2,3.1099999999999999E-2,2.7018276765353136E-2,8.0000000000000004E-4,3.4722222222220989E-3,1.8599999999999998E-2,1.6299999999999999E-2,7.4676158299999992E-4,3.3510999999999999E-2,3.2037999999999997E-2
195805,44.09,1.74333,3,0.64555867732872274,9.1000000000000004E-3,3.5699999999999996E-2,4.6199999999999998E-2,3.1300000000000001E-2,2.28695102644738E-2,1.1000000000000001E-3,0,1E-4,3.0999999999999999E-3,4.3311720200000007E-4,2.1312999999999999E-2,1.5502999999999999E-2
195806,45.24,1.73,2.93,0.62466016981053152,8.3000000000000001E-3,3.5699999999999996E-2,4.5499999999999999E-2,3.2399999999999998E-2,2.1436617552809206E-2,2.9999999999999997E-4,0,-1.6E-2,-3.8E-3,4.3820244600000001E-4,2.7997999999999999E-2,2.4896999999999999E-2
195807,47.19,1.73,2.9133300000000002,0.59384878427006493,9.1000000000000004E-3,3.6699999999999997E-2,4.53E-2,3.4299999999999997E-2,1.6933799247948526E-2,7.000000000000001E-4,3.4602076124568004E-3,-2.7799999999999998E-2,-1.5299999999999999E-2,6.9562459599999994E-4,4.3959999999999999E-2,4.2417999999999997E-2
195808,47.75,1.73,2.8966699999999999,0.58726382635707686,1.6899999999999998E-2,3.85E-2,4.6699999999999998E-2,3.7100000000000001E-2,1.5090629011613248E-2,4.0000000000000002E-4,-3.4482758620689724E-3,-4.3499999999999997E-2,-3.2000000000000001E-2,5.8896189300000016E-4,1.7999000000000001E-2,1.3270000000000001E-2
195809,50.06,1.73,2.88,0.56137119660207857,2.4399999999999998E-2,4.0899999999999999E-2,4.87E-2,3.7999999999999999E-2,1.398347823684889E-2,1.9E-3,0,-1.17E-2,-9.5999999999999992E-3,5.1018032900000004E-4,5.0837E-2,4.7953999999999997E-2
195810,51.33,1.7366699999999999,2.8833299999999999,0.54986929789035743,2.63E-2,4.1100000000000005E-2,4.9200000000000001E-2,3.7400000000000003E-2,1.2278913274281012E-2,1.8E-3,0,1.38E-2,1.0699999999999999E-2,7.9347504200000002E-4,2.7369999999999998E-2,2.5878000000000002E-2
195811,52.48,1.74333,2.8866700000000001,0.53582319807699197,2.6699999999999998E-2,4.0899999999999999E-2,4.87E-2,3.6799999999999999E-2,1.1534943696318972E-2,1.1000000000000001E-3,3.4602076124568004E-3,1.2E-2,1.0500000000000001E-2,1.5302102740000002E-3,2.8617E-2,2.3385E-2
195812,55.21,1.75,2.89,0.51177931979782398,2.7699999999999999E-2,4.0800000000000003E-2,4.8499999999999995E-2,3.8199999999999998E-2,2.3686831610820705E-2,2.2000000000000001E-3,-3.4482758620689724E-3,-1.8100000000000002E-2,-5.7999999999999996E-3,7.1277188500000021E-4,5.4112E-2,5.1431999999999999E-2
195901,55.42,1.75667,2.96333,0.50289581790019522,2.8199999999999999E-2,4.1200000000000001E-2,4.87E-2,4.0800000000000003E-2,2.7736266061161606E-2,2.0999999999999999E-3,3.4602076124568004E-3,-8.0000000000000002E-3,-2.8E-3,5.8486798400000017E-4,6.3309999999999998E-3,5.3949999999999996E-3
195902,55.41,1.7633300000000001,3.03667,0.49494614747307369,2.7000000000000003E-2,4.1399999999999999E-2,4.8899999999999999E-2,4.02E-2,2.7898847283532945E-2,1.9E-3,-3.4482758620689724E-3,1.17E-2,1.26E-2,8.4473345399999988E-4,6.711E-3,2.2100000000000002E-3
195903,55.44,1.77,3.11,0.51686028153097008,2.7999999999999997E-2,4.1299999999999996E-2,4.8499999999999995E-2,4.0300000000000002E-2,2.4984389586117116E-2,2.2000000000000001E-3,0,1.6999999999999999E-3,-8.3000000000000001E-3,4.9150812400000003E-4,3.3519999999999999E-3,8.2600000000000002E-4
195904,57.59,1.77667,3.2066699999999999,0.49859719438877753,2.9500000000000002E-2,4.2300000000000004E-2,4.8600000000000004E-2,4.1399999999999999E-2,2.4360569619933985E-2,2E-3,3.4602076124568004E-3,-1.17E-2,-1.72E-2,4.9255020899999994E-4,4.0053999999999999E-2,3.9093000000000003E-2
195905,58.68,1.7833300000000001,3.3033299999999999,0.48307677969524226,2.8399999999999998E-2,4.3700000000000003E-2,4.9599999999999998E-2,4.1700000000000001E-2,2.5887233859222342E-2,2.2000000000000001E-3,0,-5.0000000000000001E-4,-1.14E-2,4.2780091399999997E-4,2.3630999999999999E-2,1.9043000000000001E-2
195906,58.47,1.79,3.4,0.48321939092604099,3.2099999999999997E-2,4.4600000000000001E-2,5.04E-2,4.19E-2,2.6882074447754298E-2,2.5000000000000001E-3,3.4482758620690834E-3,1E-3,4.4000000000000003E-3,9.1507017399999999E-4,-7.2499999999999995E-4,-3.1960000000000001E-3
195907,60.51,1.79667,3.41,0.4608226647700332,3.2000000000000001E-2,4.4699999999999997E-2,5.0799999999999998E-2,4.1700000000000001E-2,2.7141372074974416E-2,2.5000000000000001E-3,3.4364261168384758E-3,6.0000000000000001E-3,8.8999999999999999E-3,4.8779601599999997E-4,3.4504E-2,3.3514000000000002E-2
195908,59.6,1.8033300000000001,3.42,0.46808446591712949,3.3799999999999997E-2,4.4299999999999999E-2,5.0900000000000001E-2,4.2299999999999997E-2,2.8146130720926168E-2,1.9E-3,0,-4.1000000000000003E-3,-6.7999999999999996E-3,1.0696993439999998E-3,-1.1076000000000001E-2,-1.5179E-2
195909,56.88,1.81,3.43,0.49233789260385008,4.0399999999999998E-2,4.5199999999999997E-2,5.1799999999999999E-2,4.2900000000000001E-2,3.0528391277140285E-2,3.0999999999999999E-3,3.4246575342467001E-3,-5.7000000000000002E-3,-8.8000000000000005E-3,1.7098447549999997E-3,-4.3181999999999998E-2,-4.5586000000000002E-2
195910,57.52,1.81667,3.4166699999999999,0.48097742035261365,4.0500000000000001E-2,4.5700000000000005E-2,5.28E-2,4.2099999999999999E-2,3.1020180544657373E-2,3.0000000000000001E-3,3.4129692832762792E-3,1.4999999999999999E-2,1.6500000000000001E-2,6.1818330999999997E-4,1.2574E-2,1.1436E-2
195911,58.28,1.8233299999999999,3.40333,0.47179829485117875,4.1500000000000002E-2,4.5599999999999995E-2,5.2600000000000001E-2,4.3200000000000002E-2,2.972238038840528E-2,2.5999999999999999E-3,0,-1.1900000000000001E-2,1.35E-2,4.9969272599999996E-4,1.8485999999999999E-2,1.3114000000000001E-2
195912,59.89,1.83,3.39,0.45778379651436646,4.4900000000000002E-2,4.58E-2,5.28E-2,4.4699999999999997E-2,2.2856304098949398E-2,3.4000000000000002E-3,0,-1.5900000000000001E-2,-9.5999999999999992E-3,3.0754351800000001E-4,2.9627000000000001E-2,2.6911000000000001E-2
196001,55.61,1.8666700000000001,3.39,0.49950210401207801,4.3499999999999997E-2,4.6100000000000002E-2,5.3399999999999996E-2,4.41E-2,2.2116167472267467E-2,3.3E-3,-3.4013605442175798E-3,1.12E-2,1.0699999999999999E-2,9.194175330000001E-4,-6.9932999999999995E-2,-7.0834999999999995E-2
196002,56.12,1.90333,3.39,0.49355678283501553,3.9599999999999996E-2,4.5599999999999995E-2,5.3399999999999996E-2,4.2900000000000001E-2,2.4037493976845861E-2,2.8999999999999998E-3,3.4129692832762792E-3,2.0400000000000001E-2,1.2800000000000001E-2,1.1502457680000002E-3,1.3922E-2,9.129E-3
196003,55.34,1.94,3.39,0.54979808300491406,3.3099999999999997E-2,4.4900000000000002E-2,5.2499999999999998E-2,4.1099999999999998E-2,2.5593410038608932E-2,3.4999999999999996E-3,0,2.8199999999999999E-2,1.9099999999999999E-2,9.6914646099999983E-4,-1.2566000000000001E-2,-1.5238E-2
196004,54.37,1.94333,3.34667,0.5634036895462855,3.2300000000000002E-2,4.4500000000000005E-2,5.2000000000000005E-2,4.2599999999999999E-2,2.5577133316052773E-2,1.9E-3,3.4013605442178019E-3,-1.7000000000000001E-2,-2.2000000000000001E-3,6.4516609900000022E-4,-1.6112999999999999E-2,-1.7097000000000001E-2
196005,55.83,1.9466699999999999,3.3033299999999999,0.54196642685851315,3.2899999999999999E-2,4.4600000000000001E-2,5.28E-2,4.1700000000000001E-2,2.4414375462769158E-2,2.7000000000000001E-3,0,1.52E-2,-2.0999999999999999E-3,4.2355850300000004E-4,3.3513000000000001E-2,2.8312E-2
196006,56.92,1.95,3.26,0.52917486185258034,2.46E-2,4.4500000000000005E-2,5.2600000000000001E-2,4.07E-2,2.4269926304970404E-2,2.3999999999999998E-3,3.3898305084745228E-3,1.7299999999999999E-2,1.41E-2,4.9894788200000007E-4,2.1801999999999998E-2,1.9133000000000001E-2
196007,55.51,1.95,3.2633299999999998,0.54967327679859901,2.3E-2,4.41E-2,5.2199999999999996E-2,3.8199999999999998E-2,2.5778486814854926E-2,1.2999999999999999E-3,0,3.6799999999999999E-2,2.5700000000000001E-2,9.7781996200000006E-4,-2.2948E-2,-2.3813000000000001E-2
196008,56.96,1.95,3.26667,0.54154219715969898,2.3E-2,4.2800000000000005E-2,5.0799999999999998E-2,3.9E-2,2.5195535096172984E-2,1.7000000000000001E-3,0,-6.7000000000000002E-3,1.17E-2,6.3696737300000014E-4,3.1467000000000002E-2,2.6197000000000002E-2
196009,53.52,1.95,3.27,0.58434171062157414,2.4799999999999999E-2,4.2500000000000003E-2,5.0099999999999999E-2,3.8699999999999998E-2,2.8312466953847915E-2,1.6000000000000001E-3,0,7.4999999999999997E-3,-6.3E-3,1.771622224E-3,-5.8713000000000001E-2,-6.0920000000000002E-2
196010,53.39,1.95,3.27,0.58412020125439379,2.3E-2,4.2999999999999997E-2,5.1100000000000007E-2,3.9100000000000003E-2,2.7823797811665645E-2,2.2000000000000001E-3,6.7567567567567988E-3,-2.8E-3,8.0000000000000004E-4,1.0487145690000002E-3,-1.0790000000000001E-3,-2.4069999999999999E-3
196011,55.54,1.95,3.27,0.56763001908844313,2.3700000000000002E-2,4.3099999999999999E-2,5.0799999999999998E-2,3.9899999999999998E-2,2.6034212963639398E-2,1.2999999999999999E-3,0,-6.6E-3,-7.0000000000000001E-3,6.6867403499999993E-4,4.6080999999999997E-2,3.9976999999999999E-2
196012,58.11,1.95,3.27,0.55042296513987887,2.2499999999999999E-2,4.3499999999999997E-2,5.0999999999999997E-2,3.7999999999999999E-2,2.2761360789441059E-2,1.6000000000000001E-3,0,2.7900000000000001E-2,1.04E-2,4.5030553899999998E-4,4.8839E-2,4.6597E-2
196101,61.78,1.9466699999999999,3.21,0.52298673248997218,2.2400000000000003E-2,4.3200000000000002E-2,5.0999999999999997E-2,4.0399999999999998E-2,2.1815336084963794E-2,1.9E-3,0,-1.0699999999999999E-2,1.4800000000000001E-2,7.4112368400000008E-4,6.4320000000000002E-2,6.3181000000000001E-2
196102,63.44,1.94333,3.15,0.51202271628806184,2.4199999999999999E-2,4.2699999999999995E-2,5.0700000000000002E-2,3.9199999999999999E-2,1.9419904253929303E-2,1.4000000000000002E-3,0,0.02,2.1000000000000001E-2,5.4745936E-4,3.2837999999999999E-2,2.8611999999999999E-2
196103,65.06,1.94,3.09,0.54667986935252644,2.3900000000000001E-2,4.2199999999999994E-2,5.0199999999999995E-2,3.9699999999999999E-2,2.2737590536724583E-2,2E-3,0,-3.7000000000000002E-3,-2.8999999999999998E-3,4.1494116799999998E-4,2.9345E-2,2.7050999999999999E-2
196104,65.31,1.94,3.07,0.54500449381915683,2.29E-2,4.2500000000000003E-2,5.0099999999999999E-2,3.9100000000000003E-2,2.3259249957812013E-2,1.7000000000000001E-3,0,1.15E-2,-1.1599999999999999E-2,1.0092086259999998E-3,4.5370000000000002E-3,3.8430000000000001E-3
196105,66.56,1.94,3.05,0.53091629348949354,2.29E-2,4.2699999999999995E-2,5.0099999999999999E-2,3.9699999999999999E-2,2.2465655357862314E-2,1.8E-3,0,-4.5999999999999999E-3,4.8999999999999998E-3,4.0434342199999998E-4,2.3553000000000001E-2,1.8924E-2
196106,64.64,1.94,3.03,0.54082110064916067,2.3300000000000001E-2,4.3299999999999998E-2,5.0300000000000004E-2,4.0399999999999998E-2,2.2482125766926812E-2,2E-3,0,-7.4999999999999997E-3,-8.0000000000000002E-3,5.4890740400000007E-4,-2.6672999999999999E-2,-2.8725000000000001E-2
196107,66.760000000000005,1.9466699999999999,3.03667,0.52440563108723082,2.2400000000000003E-2,4.41E-2,5.0900000000000001E-2,4.0399999999999998E-2,2.5179627648185678E-2,1.8E-3,6.7114093959730337E-3,3.5000000000000001E-3,4.0000000000000001E-3,6.2837373699999998E-4,3.3794999999999999E-2,3.3119000000000003E-2
196108,68.069999999999993,1.95333,3.0433300000000001,0.51379281606800564,2.3900000000000001E-2,4.4500000000000005E-2,5.1100000000000007E-2,4.1000000000000002E-2,2.5425910160150417E-2,1.4000000000000002E-3,-3.3333333333334103E-3,-3.8E-3,-1.8E-3,4.0621505100000004E-4,2.4729999999999999E-2,1.9511000000000001E-2
196109,66.73,1.96,3.05,0.52751672109639047,2.2799999999999997E-2,4.4500000000000005E-2,5.1200000000000002E-2,4.0300000000000002E-2,2.4963386856248895E-2,1.7000000000000001E-3,3.3444816053511683E-3,1.29E-2,1.44E-2,8.2249960599999994E-4,-1.8674E-2,-1.9876999999999999E-2
196110,68.62,1.98,3.09667,0.52548585066484832,2.3E-2,4.4199999999999996E-2,5.1299999999999998E-2,0.04,2.5835908945154994E-2,1.9E-3,0,7.1000000000000004E-3,1.2699999999999999E-2,2.6750879100000005E-4,2.8174999999999999E-2,2.6790999999999999E-2
196111,71.319999999999993,2,3.1433300000000002,0.51261086474501105,2.4799999999999999E-2,4.3899999999999995E-2,5.1100000000000007E-2,4.0399999999999998E-2,2.5570612919183385E-2,1.5E-3,0,-2E-3,2.8E-3,3.6039020500000009E-4,4.5226000000000002E-2,3.9323999999999998E-2
196112,71.55,2.02,3.19,0.5059222583910058,2.6000000000000002E-2,4.4199999999999996E-2,5.0999999999999997E-2,4.1500000000000002E-2,2.2324287879189435E-2,1.9E-3,0,-1.2500000000000001E-2,-2.5999999999999999E-3,3.36901535E-4,4.6959999999999997E-3,3.4650000000000002E-3
196201,68.84,2.0266700000000002,3.25,0.52842857142857136,2.7200000000000002E-2,4.4199999999999996E-2,5.0799999999999998E-2,4.19E-2,2.4721355291770126E-2,2.3999999999999998E-3,0,-1.4E-3,8.0000000000000002E-3,8.1153065100000009E-4,-3.7356E-2,-3.8691999999999997E-2
196202,69.959999999999994,2.0333299999999999,3.31,0.52242073299908198,2.7300000000000001E-2,4.4199999999999996E-2,5.0700000000000002E-2,4.1399999999999999E-2,2.8783380858435216E-2,2E-3,3.3333333333334103E-3,1.03E-2,5.1999999999999998E-3,2.6509674700000003E-4,2.0591999999999999E-2,1.6147000000000002E-2
196203,69.55,2.04,3.37,0.54572459155527264,2.7200000000000002E-2,4.3899999999999995E-2,5.04E-2,3.9800000000000002E-2,2.4075304115908091E-2,2E-3,0,2.53E-2,1.5100000000000001E-2,2.7949214700000001E-4,-3.8419999999999999E-3,-5.1370000000000001E-3
196204,65.239999999999995,2.0466700000000002,3.40333,0.57986262456224724,2.7300000000000001E-2,4.3299999999999998E-2,5.0199999999999995E-2,3.9399999999999998E-2,2.5152092394211456E-2,2.2000000000000001E-3,3.3222591362125353E-3,8.2000000000000007E-3,1.4200000000000001E-2,1.019690809E-3,-6.1742999999999999E-2,-6.2442999999999999E-2
196205,59.63,2.0533299999999999,3.4366699999999999,0.62899439154819359,2.69E-2,4.2800000000000005E-2,0.05,3.9300000000000002E-2,2.7722355150467965E-2,2.3999999999999998E-3,0,4.5999999999999999E-3,0,1.0914839126000001E-2,-7.9847000000000001E-2,-8.5499000000000006E-2
196206,54.75,2.06,3.47,0.68735746864310154,2.7300000000000001E-2,4.2800000000000005E-2,5.0199999999999995E-2,4.0099999999999997E-2,2.6455441828352792E-2,2E-3,0,-7.6E-3,-2.5999999999999999E-3,6.1611301890000005E-3,-8.0669000000000005E-2,-8.2222000000000003E-2
196207,58.23,2.0666699999999998,3.49,0.64522602980281984,2.92E-2,4.3400000000000001E-2,5.0499999999999996E-2,4.1200000000000001E-2,3.0485903945629871E-2,2.7000000000000001E-3,3.3112582781458233E-3,-1.09E-2,-1.5E-3,1.8434771641473386E-3,6.5202999999999997E-2,6.3968999999999998E-2
196208,59.12,2.0733299999999999,3.51,0.63331035162021088,2.8199999999999999E-2,4.3499999999999997E-2,5.0599999999999999E-2,4.0099999999999997E-2,2.9328751232339599E-2,2.3E-3,0,1.8700000000000001E-2,1.43E-2,8.0195193213799349E-4,2.1669000000000001E-2,1.5803000000000001E-2
196209,56.27,2.08,3.53,0.66634426059622098,2.7799999999999998E-2,4.3200000000000002E-2,5.0300000000000004E-2,3.9800000000000002E-2,3.0601614106398601E-2,2.0999999999999999E-3,3.3003300330032292E-3,6.1000000000000004E-3,8.8999999999999999E-3,1.1769980586619772E-3,-4.8815999999999998E-2,-5.0258999999999998E-2
196210,56.52,2.09667,3.57667,0.6541533140037642,2.7400000000000001E-2,4.2800000000000005E-2,4.99E-2,3.95E-2,2.8094503930836852E-2,2.5000000000000001E-3,0,8.3999999999999995E-3,6.7999999999999996E-3,3.4521081501904371E-3,8.3129999999999992E-3,6.4050000000000001E-3
196211,62.26,2.1133299999999999,3.6233300000000002,0.59417834591098107,2.8300000000000002E-2,4.2500000000000003E-2,4.9599999999999998E-2,3.9600000000000003E-2,2.4810506865534907E-2,2E-3,0,2.0999999999999999E-3,6.1999999999999998E-3,1.2747828264660001E-3,0.108268,0.10052800000000001
196212,63.1,2.13,3.67,0.5916270510657875,2.87E-2,4.24E-2,4.9200000000000001E-2,3.95E-2,1.9968070421955832E-2,2.3E-3,0,3.5000000000000001E-3,2.3E-3,5.4388226565595631E-4,1.5533999999999999E-2,1.404E-2
196301,66.2,2.1366700000000001,3.6833300000000002,0.56498498938273412,2.9100000000000001E-2,4.2099999999999999E-2,4.9100000000000005E-2,3.9800000000000002E-2,1.7136273519436432E-2,2.5000000000000001E-3,0,-1E-4,5.8999999999999999E-3,6.9976983786493936E-4,5.0367000000000002E-2,4.8957000000000001E-2
196302,64.290000000000006,2.1433300000000002,3.6966700000000001,0.58195311792922433,2.92E-2,4.1900000000000007E-2,4.8899999999999999E-2,0.04,1.3236789604667643E-2,2.3E-3,0,8.0000000000000004E-4,2.3E-3,3.921329400086703E-4,-2.4188999999999999E-2,-2.9163999999999999E-2
196303,66.569999999999993,2.15,3.71,0.58752857059133801,2.8900000000000002E-2,4.1900000000000007E-2,4.8799999999999996E-2,4.0099999999999997E-2,1.4380170987533612E-2,2.3E-3,3.2894736842106198E-3,8.9999999999999998E-4,2.5999999999999999E-3,3.599355103179676E-4,3.6581000000000002E-2,3.5156E-2
196304,69.8,2.1666699999999999,3.7533300000000001,0.55872927406994566,2.8999999999999998E-2,4.2099999999999999E-2,4.87E-2,4.0500000000000001E-2,1.5199427376822054E-2,2.5000000000000001E-3,0,-1.1999999999999999E-3,-5.1000000000000004E-3,3.2216038806122231E-4,4.9070000000000003E-2,4.8176999999999998E-2
196305,70.8,2.1833300000000002,3.7966700000000002,0.55161219324309452,2.9300000000000003E-2,4.2199999999999994E-2,4.8499999999999995E-2,4.0599999999999997E-2,1.4648533019556568E-2,2.3999999999999998E-3,0,2.3E-3,4.7999999999999996E-3,3.0365573267591907E-4,1.9674000000000001E-2,1.3844E-2
196306,69.37,2.2000000000000002,3.84,0.56728157537347212,2.9900000000000003E-2,4.2300000000000004E-2,4.8399999999999999E-2,4.07E-2,1.8263202919184415E-2,2.3E-3,3.2786885245901232E-3,1.9E-3,4.3E-3,2.6109835325532931E-4,-1.8605E-2,-1.9806000000000001E-2
196307,69.13,2.2033299999999998,3.88,0.57662165854219694,3.1800000000000002E-2,4.2599999999999999E-2,4.8399999999999999E-2,4.07E-2,9.318731998097048E-3,2.7000000000000001E-3,3.2679738562091387E-3,3.0999999999999999E-3,2.8E-3,5.2979708157722147E-4,-1.8209999999999999E-3,-3.1310000000000001E-3
196308,72.5,2.2066699999999999,3.92,0.54982723632973174,3.32E-2,4.2900000000000001E-2,4.8300000000000003E-2,4.0800000000000003E-2,9.5200761203365365E-3,2.5000000000000001E-3,0,2.0999999999999999E-3,3.5000000000000001E-3,3.2690862003066981E-4,5.3466E-2,4.8495999999999997E-2
196309,71.7,2.21,3.96,0.54722362477653896,3.3799999999999997E-2,4.3099999999999999E-2,4.8399999999999999E-2,4.1000000000000002E-2,1.0313262047910655E-2,2.7000000000000001E-3,0,4.0000000000000002E-4,-2.3E-3,3.2991026701585099E-4,-1.0402E-2,-1.1579000000000001E-2
196310,74.010000000000005,2.23333,3.98,0.53096407716854466,3.4500000000000003E-2,4.3200000000000002E-2,4.8300000000000003E-2,4.1500000000000002E-2,1.0279966125778554E-2,2.8999999999999998E-3,3.2573289902280145E-3,-2.5999999999999999E-3,4.8999999999999998E-3,5.0353190498554992E-4,3.4825000000000002E-2,3.329E-2
196311,73.23,2.2566700000000002,4,0.53429622128657461,3.5200000000000002E-2,4.3299999999999998E-2,4.8399999999999999E-2,4.1399999999999999E-2,6.0125452417756743E-3,2.7000000000000001E-3,0,5.1000000000000004E-3,1.5E-3,3.1101656618420489E-3,-4.4869999999999997E-3,-1.1084999999999999E-2
196312,75.02,2.2799999999999998,4.0199999999999996,0.52559145422373676,3.5200000000000002E-2,4.3499999999999997E-2,4.8499999999999995E-2,4.1700000000000001E-2,8.9547302613919542E-3,2.8999999999999998E-3,3.2467532467532756E-3,-5.9999999999999995E-4,-3.3999999999999998E-3,2.7356667626276583E-4,2.6065000000000001E-2,2.4650999999999999E-2
196401,77.040000000000006,2.2966700000000002,4.0733300000000003,0.51060687090941503,3.5200000000000002E-2,4.3899999999999995E-2,4.8300000000000003E-2,4.2099999999999999E-2,1.4293570495222549E-2,3.0000000000000001E-3,0,-1.4E-3,8.6999999999999994E-3,1.8334111050720509E-4,2.7390999999999999E-2,2.6373000000000001E-2
196402,77.8,2.3133300000000001,4.1266699999999998,0.5011622965980953,3.5299999999999998E-2,4.36E-2,4.8300000000000003E-2,4.24E-2,1.7407918627132556E-2,2.5999999999999999E-3,0,-1.1000000000000001E-3,5.4000000000000003E-3,7.1699547467270376E-5,1.7014999999999999E-2,1.2171E-2
196403,78.98,2.33,4.18,0.52367544172435421,3.5400000000000001E-2,4.3799999999999999E-2,4.8300000000000003E-2,4.24E-2,1.7783239149849746E-2,3.0999999999999999E-3,0,3.7000000000000002E-3,-6.1999999999999998E-3,1.1471138055620209E-4,1.7232000000000001E-2,1.5814000000000002E-2
196404,79.459999999999994,2.34667,4.2300000000000004,0.52530310692304849,3.4700000000000002E-2,4.4000000000000004E-2,4.8499999999999995E-2,4.2299999999999997E-2,2.0768003420401564E-2,2.8999999999999998E-3,0,4.7000000000000002E-3,4.0000000000000001E-3,2.5475515225983306E-4,6.1919999999999996E-3,5.2969999999999996E-3
196405,80.37,2.3633299999999999,4.28,0.51903578044262455,3.4799999999999998E-2,4.41E-2,4.8499999999999995E-2,4.2200000000000001E-2,2.1179316276947458E-2,2.5999999999999999E-3,0,5.0000000000000001E-3,5.7000000000000002E-3,2.2577711719403738E-4,1.6815E-2,1.146E-2
196406,81.69,2.38,4.33,0.51220685508117858,3.4799999999999998E-2,4.41E-2,4.8499999999999995E-2,4.19E-2,2.0502979903268756E-2,3.0000000000000001E-3,3.2362459546926292E-3,6.8999999999999999E-3,4.7999999999999996E-3,3.9785086856362987E-4,1.8083999999999999E-2,1.6778999999999999E-2
196407,83.18,2.4,4.3766699999999998,0.50636071810724048,3.4599999999999999E-2,4.4000000000000004E-2,4.8300000000000003E-2,4.2099999999999999E-2,2.1312691433144165E-2,3.0000000000000001E-3,3.225806451612856E-3,8.0000000000000004E-4,5.1999999999999998E-3,1.989066578310932E-4,1.891E-2,1.7953E-2
196408,81.83,2.42,4.42333,0.50794294437553666,3.5000000000000003E-2,4.41E-2,4.82E-2,4.2299999999999997E-2,2.0696675098255478E-2,2.8000000000000004E-3,-3.2154340836013651E-3,2E-3,3.7000000000000002E-3,4.2592625682035353E-4,-1.1620999999999999E-2,-1.6285000000000001E-2
196409,84.18,2.44,4.47,0.48653712144578859,3.5299999999999998E-2,4.4199999999999996E-2,4.82E-2,4.2099999999999999E-2,2.0403145603255735E-2,2.8000000000000004E-3,3.225806451612856E-3,5.0000000000000001E-3,2.0999999999999999E-3,1.7049742327560072E-4,3.0398999999999999E-2,2.9021999999999999E-2
196410,84.86,2.46,4.4966699999999999,0.48781325880789844,3.5699999999999996E-2,4.4199999999999996E-2,4.8099999999999997E-2,4.2099999999999999E-2,2.0115793200403902E-2,2.8999999999999998E-3,0,4.3E-3,5.0000000000000001E-3,1.8704386666130088E-4,8.7449999999999993E-3,7.5659999999999998E-3
196411,84.42,2.48,4.5233299999999996,0.48650377528757299,3.6400000000000002E-2,4.4299999999999999E-2,4.8099999999999997E-2,4.2200000000000001E-2,1.9167478443163972E-2,2.8999999999999998E-3,3.215434083601254E-3,1.6999999999999999E-3,-4.0000000000000002E-4,2.1286585460055077E-4,1.598E-3,-4.5880000000000001E-3
196412,84.75,2.5,4.55,0.48722730028714262,3.8399999999999997E-2,4.4400000000000002E-2,4.8099999999999997E-2,4.2299999999999997E-2,2.309536942769029E-2,3.0999999999999999E-3,0,3.0000000000000001E-3,8.8000000000000005E-3,3.5121328582127888E-4,5.228E-3,3.803E-3
196501,87.56,2.51667,4.5933299999999999,0.47172319074939634,3.8100000000000002E-2,4.4299999999999999E-2,4.8000000000000001E-2,4.2200000000000001E-2,1.7903800474860881E-2,2.8000000000000004E-3,0,4.0000000000000001E-3,8.0999999999999996E-3,1.6581280118521305E-4,3.4791000000000002E-2,3.3836999999999999E-2
196502,87.43,2.5333299999999999,4.6366699999999996,0.47139947757559653,3.9300000000000002E-2,4.41E-2,4.7800000000000002E-2,4.24E-2,1.4823267340740987E-2,3.0000000000000001E-3,0,1.4E-3,8.9999999999999998E-4,3.9319654763327939E-4,3.7460000000000002E-3,-8.5300000000000003E-4
196503,86.16,2.5499999999999998,4.68,0.46948990495472698,3.9300000000000002E-2,4.4199999999999996E-2,4.7800000000000002E-2,4.2200000000000001E-2,1.9134280875449588E-2,3.5999999999999999E-3,3.2051282051281937E-3,5.4000000000000003E-3,1.1999999999999999E-3,1.4462028189985647E-4,-1.2213E-2,-1.3684999999999999E-2
196504,89.11,2.57,4.7333299999999996,0.45255933471392484,3.9300000000000002E-2,4.4299999999999999E-2,4.8000000000000001E-2,4.2200000000000001E-2,1.4722572331669861E-2,3.0999999999999999E-3,3.1948881789136685E-3,3.5999999999999999E-3,2.0999999999999999E-3,1.6275968488075286E-4,3.5611999999999998E-2,3.4769000000000001E-2
196505,88.42,2.59,4.78667,0.4546642847806196,3.8900000000000004E-2,4.4400000000000002E-2,4.8099999999999997E-2,4.2299999999999997E-2,1.6245056568909486E-2,3.0999999999999999E-3,0,1.8E-3,-8.0000000000000004E-4,3.3376402913468236E-4,-3.1220000000000002E-3,-8.3540000000000003E-3
196506,84.12,2.61,4.84,0.48085895648767901,3.7999999999999999E-2,4.4600000000000001E-2,4.8499999999999995E-2,4.2299999999999997E-2,1.7551222576850389E-2,3.4999999999999996E-3,6.3694267515923553E-3,4.7000000000000002E-3,2.9999999999999997E-4,1.8293746304502963E-3,-4.6879999999999998E-2,-4.8367E-2
196507,85.25,2.6266699999999998,4.8866699999999996,0.47338217615170003,3.8399999999999997E-2,4.4800000000000006E-2,4.8799999999999996E-2,4.24E-2,1.5627493905202568E-2,3.0999999999999999E-3,0,2.2000000000000001E-3,1.9E-3,5.218655993088785E-4,1.4486000000000001E-2,1.3677999999999999E-2
196508,87.17,2.6433300000000002,4.9333299999999998,0.46736087784122715,3.8399999999999997E-2,4.4900000000000002E-2,4.8799999999999996E-2,4.2799999999999998E-2,1.5601188262299318E-2,3.3E-3,0,-1.2999999999999999E-3,-5.9999999999999995E-4,1.0753436077897705E-4,2.7560000000000001E-2,2.2473E-2
196509,89.96,2.66,4.9800000000000004,0.4485374712544864,3.9199999999999999E-2,4.5199999999999997E-2,4.9100000000000005E-2,4.3299999999999998E-2,1.6895389946368976E-2,3.0999999999999999E-3,0,-3.3999999999999998E-3,-1.5E-3,2.9910124224625633E-4,3.3366E-2,3.2034E-2
196510,92.42,2.68,5.05,0.43442059907162628,4.0300000000000002E-2,4.5599999999999995E-2,4.9299999999999997E-2,4.3299999999999998E-2,1.746419296943057E-2,3.0999999999999999E-3,3.1645569620253333E-3,2.7000000000000001E-3,4.5999999999999999E-3,1.8837912036113934E-4,2.8812000000000001E-2,2.7737000000000001E-2
196511,91.61,2.7,5.12,0.44089531113012426,4.0899999999999999E-2,4.5999999999999999E-2,4.9500000000000002E-2,4.41E-2,2.0762499843492727E-2,3.4999999999999996E-3,0,-6.1999999999999998E-3,-5.7000000000000002E-3,1.4141885326216663E-4,-3.8210000000000002E-3,-1.0305999999999999E-2
196512,92.43,2.72,5.19,0.43063780616140146,4.3799999999999999E-2,4.6799999999999994E-2,5.0199999999999995E-2,4.4999999999999998E-2,2.0837518729631407E-2,3.3E-3,3.154574132492094E-3,-7.7999999999999996E-3,-1.49E-2,3.0136552806465781E-4,1.0349000000000001E-2,9.0589999999999993E-3
196601,92.88,2.74,5.24,0.42439832843590808,4.5899999999999996E-2,4.7400000000000005E-2,5.0599999999999999E-2,4.5699999999999998E-2,2.0278626913428969E-2,3.8E-3,0,-1.04E-2,2.2000000000000001E-3,1.5180444363155273E-4,5.705E-3,4.8739999999999999E-3
196602,91.22,2.76,5.29,0.43849604471104853,4.6500000000000007E-2,4.7800000000000002E-2,5.1200000000000002E-2,4.7699999999999999E-2,2.0025974238215696E-2,3.4999999999999996E-3,6.2893081761006275E-3,-2.5000000000000001E-2,-1.1299999999999999E-2,3.3706547003400895E-4,-1.2749999999999999E-2,-1.7548000000000001E-2
196603,89.23,2.78,5.34,0.49017593563805056,4.5899999999999996E-2,4.9200000000000001E-2,5.3200000000000004E-2,4.5999999999999999E-2,1.6788179507743927E-2,3.8E-3,3.1250000000000444E-3,2.9600000000000001E-2,-5.8999999999999999E-3,9.3100789597414229E-4,-2.3040999999999999E-2,-2.4608000000000001E-2
196604,91.06,2.7966700000000002,5.38,0.48549824350955362,4.6199999999999998E-2,4.9599999999999998E-2,5.4100000000000002E-2,4.6699999999999998E-2,1.5636251357783175E-2,3.4000000000000002E-3,6.230529595015355E-3,-6.3E-3,1.2999999999999999E-3,3.5126467384596763E-4,2.2158000000000001E-2,2.1250000000000002E-2
196605,86.13,2.8133300000000001,5.42,0.51274220367165491,4.6399999999999997E-2,4.9800000000000004E-2,5.4800000000000001E-2,4.7300000000000002E-2,1.5945601026339906E-2,4.0999999999999995E-3,0,-5.8999999999999999E-3,-2.5999999999999999E-3,1.9354753996564922E-3,-4.9140000000000003E-2,-5.4644999999999999E-2
196606,84.74,2.83,5.46,0.52097460062061829,4.4999999999999998E-2,5.0700000000000002E-2,5.5800000000000002E-2,4.7699999999999999E-2,1.7122955946237479E-2,3.8E-3,3.0959752321981782E-3,-1.6000000000000001E-3,3.0000000000000001E-3,5.012069312327924E-4,-1.438E-2,-1.5904000000000001E-2
196607,83.6,2.85,5.4766700000000004,0.53494300077887136,4.8000000000000001E-2,5.16E-2,5.6799999999999996E-2,4.82E-2,1.8641263639168074E-2,3.4999999999999996E-3,3.0864197530864335E-3,-3.7000000000000002E-3,-9.7999999999999997E-3,1.0137844542864489E-3,-1.2128999999999999E-2,-1.3039E-2
196608,77.099999999999994,2.87,5.4933300000000003,0.57495465557260816,4.9599999999999998E-2,5.3099999999999994E-2,5.8299999999999998E-2,4.99E-2,2.147027133695566E-2,4.0999999999999995E-3,6.1538461538461764E-3,-2.06E-2,-2.5899999999999999E-2,3.165234678005566E-3,-7.1650000000000005E-2,-7.7487E-2
196609,76.56,2.89,5.51,0.58549249567306449,5.3699999999999998E-2,5.4900000000000004E-2,6.0899999999999996E-2,4.8000000000000001E-2,1.6984458547554662E-2,4.0000000000000001E-3,0,3.32E-2,7.7999999999999996E-3,1.6003107116250844E-3,-6.2440000000000004E-3,-7.6920000000000001E-3
196610,80.2,2.8833299999999999,5.5233299999999996,0.56166131810127995,5.3499999999999999E-2,5.4100000000000002E-2,6.0999999999999999E-2,4.6699999999999998E-2,1.5184079732658656E-2,4.5000000000000005E-3,6.1162079510701517E-3,2.2800000000000001E-2,2.6100000000000002E-2,2.5467766407746111E-3,4.8333000000000001E-2,4.7244000000000001E-2
196611,80.45,2.8766699999999998,5.53667,0.57264492982478299,5.3200000000000004E-2,5.3499999999999999E-2,6.13E-2,4.8000000000000001E-2,1.7549637298349619E-2,4.0000000000000001E-3,0,-1.4800000000000001E-2,-2E-3,7.7441631490160782E-4,1.1223E-2,3.741E-3
196612,80.33,2.87,5.55,0.57694510557599055,4.9599999999999998E-2,5.3899999999999997E-2,6.1799999999999994E-2,4.5499999999999999E-2,1.7207629499393914E-2,4.0000000000000001E-3,0,4.1300000000000003E-2,2.01E-2,6.2694207009528235E-4,3.2600000000000001E-4,-1.0889999999999999E-3
196701,86.61,2.88,5.5166700000000004,0.53336314111237926,4.7199999999999999E-2,5.2000000000000005E-2,5.9699999999999996E-2,4.48E-2,1.56975215190902E-2,4.3E-3,0,1.54E-2,4.4999999999999998E-2,7.3348784319938272E-4,7.9214999999999994E-2,7.7723E-2
196702,86.78,2.89,5.4833299999999996,0.54004789306265411,4.5599999999999995E-2,5.0300000000000004E-2,5.8200000000000002E-2,4.65E-2,1.770093105536721E-2,3.5999999999999999E-3,0,-2.2100000000000002E-2,-2.01E-2,4.124037219870662E-4,7.5139999999999998E-3,2.4199999999999998E-3
196703,90.2,2.9,5.45,0.54955079793990624,4.2599999999999999E-2,5.1299999999999998E-2,5.8499999999999996E-2,4.5499999999999999E-2,1.4921235146063794E-2,3.9000000000000003E-3,3.0395136778116338E-3,1.9800000000000002E-2,1.17E-2,5.0113620758507175E-4,4.1137E-2,3.9544000000000003E-2
196704,94.01,2.9,5.41,0.53051669360682241,3.8399999999999997E-2,5.1100000000000007E-2,5.8299999999999998E-2,4.7699999999999999E-2,1.5045876646046698E-2,3.2000000000000002E-3,3.0303030303031608E-3,-2.9100000000000001E-2,-7.1000000000000004E-3,8.3709690699252726E-4,4.3371E-2,4.2543999999999998E-2
196705,89.08,2.9,5.37,0.55820118232147886,3.6000000000000004E-2,5.2400000000000002E-2,5.96E-2,4.82E-2,1.1464093859269761E-2,3.3E-3,3.0211480362538623E-3,-3.8999999999999998E-3,-2.5399999999999999E-2,8.9033962315354415E-4,-4.6809999999999997E-2,-5.2313999999999999E-2
196706,90.64,2.9,5.33,0.55320484504684631,3.5400000000000001E-2,5.4400000000000004E-2,6.1500000000000006E-2,5.0700000000000002E-2,1.0152823510070848E-2,2.7000000000000001E-3,3.0120481927708997E-3,-3.1199999999999999E-2,-2.23E-2,1.0707327571480442E-3,1.9318999999999999E-2,1.8015E-2
196707,94.75,2.9066700000000001,5.32,0.52629832787755459,4.2099999999999999E-2,5.5800000000000002E-2,6.2600000000000003E-2,5.0500000000000003E-2,6.6870034980100485E-3,3.0999999999999999E-3,3.0030030030030463E-3,6.7999999999999996E-3,4.1000000000000003E-3,2.1844692810296147E-4,4.6454000000000002E-2,4.5622999999999997E-2
196708,93.64,2.9133300000000002,5.31,0.52802094775266561,4.2699999999999995E-2,5.62E-2,6.3299999999999995E-2,5.1400000000000001E-2,5.8413146997606273E-3,3.0999999999999999E-3,2.9940119760478723E-3,-8.3999999999999995E-3,-6.9999999999999999E-4,2.9661791501019733E-4,-6.8240000000000002E-3,-1.2197E-2
196709,96.71,2.92,5.3,0.51356484579025752,4.4199999999999996E-2,5.6500000000000002E-2,6.4000000000000001E-2,5.1700000000000003E-2,5.599816278769475E-3,3.2000000000000002E-3,2.9850746268658135E-3,-4.0000000000000002E-4,9.4000000000000004E-3,3.585438170942761E-4,3.3814999999999998E-2,3.2597000000000001E-2
196710,93.9,2.92,5.31,0.54095528224248068,4.5599999999999995E-2,5.8200000000000002E-2,6.5199999999999994E-2,5.4899999999999997E-2,3.7152212921777016E-3,3.9000000000000003E-3,2.9761904761904656E-3,-0.04,-2.81E-2,4.4490249536978182E-4,-2.7448E-2,-2.8701000000000001E-2
196711,94,2.92,5.32,0.54338269716034304,4.7300000000000002E-2,6.0700000000000004E-2,6.7199999999999996E-2,5.67E-2,2.7729982107287869E-3,3.5999999999999999E-3,2.9673590504448732E-3,-1.9599999999999999E-2,-2.7199999999999998E-2,9.5478252475653797E-4,6.4349999999999997E-3,5.3300000000000005E-4
196712,96.47,2.92,5.33,0.52579244511716805,4.9699999999999994E-2,6.1900000000000004E-2,6.93E-2,5.5599999999999997E-2,1.4361110027660029E-2,3.3E-3,2.9585798816569309E-3,1.9199999999999998E-2,1.2699999999999999E-2,2.7089916062937591E-4,2.7078999999999999E-2,2.5857000000000002E-2
196801,92.24,2.93,5.3666700000000001,0.55630238348510175,0.05,6.1699999999999998E-2,6.8400000000000002E-2,5.3600000000000002E-2,1.285423537356966E-2,4.0000000000000001E-3,5.8997050147493457E-3,3.2800000000000003E-2,3.61E-2,4.8331893504480428E-4,-4.1875000000000002E-2,-4.3522999999999999E-2
196802,89.36,2.94,5.4033300000000004,0.56621058893515763,4.9800000000000004E-2,6.0999999999999999E-2,6.8000000000000005E-2,5.4199999999999998E-2,1.0450810193127666E-2,3.9000000000000003E-3,2.9325513196480912E-3,-3.3E-3,3.7000000000000002E-3,8.2044530630182976E-4,-2.69E-2,-3.1973000000000001E-2
196803,90.2,2.95,5.44,0.5668098064638919,5.1699999999999996E-2,6.1100000000000002E-2,6.8499999999999991E-2,5.6000000000000001E-2,1.2677245923167827E-2,3.8E-3,2.9239766081869956E-3,-2.12E-2,-1.9699999999999999E-2,1.3954810358281918E-3,9.6959999999999998E-3,8.5850000000000006E-3
196804,97.59,2.96333,5.4833299999999996,0.52235206419504066,5.3800000000000001E-2,6.2100000000000002E-2,6.9699999999999998E-2,5.4699999999999999E-2,8.1402393881260249E-3,4.3E-3,2.9154518950438302E-3,2.2700000000000001E-2,4.7999999999999996E-3,1.6075746379292835E-3,8.4092E-2,8.2641999999999993E-2
196805,98.68,2.9766699999999999,5.5266700000000002,0.53003337041156839,5.6600000000000004E-2,6.2699999999999992E-2,7.0300000000000001E-2,5.4699999999999999E-2,1.0646500945249594E-2,4.5000000000000005E-3,2.9069767441860517E-3,4.3E-3,3.2000000000000002E-3,3.8653102139201936E-4,1.6374E-2,1.1103999999999999E-2
196806,99.58,2.99,5.57,0.53074181332145243,5.5199999999999999E-2,6.2800000000000009E-2,7.0699999999999999E-2,5.3400000000000003E-2,1.2090181412477469E-2,4.3E-3,5.7971014492754769E-3,2.3E-2,1.2200000000000001E-2,4.9950470420052342E-4,9.9159999999999995E-3,8.6949999999999996E-3
196807,97.74,3.0033300000000001,5.6,0.53963759909399778,5.3099999999999994E-2,6.2400000000000004E-2,6.9800000000000001E-2,5.1700000000000003E-2,1.3885527753634009E-2,4.7999999999999996E-3,5.7636887608067955E-3,2.8899999999999999E-2,3.4099999999999998E-2,7.5661929739297129E-4,-1.7444000000000001E-2,-1.8664E-2
196808,98.86,3.01667,5.63,0.53180210042298637,5.0900000000000001E-2,6.0199999999999997E-2,6.8199999999999997E-2,5.1999999999999998E-2,1.8035137689828683E-2,4.1999999999999997E-3,2.8653295128939771E-3,-2.9999999999999997E-4,2.06E-2,3.164033573881045E-4,1.6414999999999999E-2,1.1259E-2
196809,102.67,3.03,5.66,0.50919543914767207,5.1900000000000002E-2,5.9699999999999996E-2,6.7900000000000002E-2,5.3100000000000001E-2,1.82871234462752E-2,4.3E-3,2.8571428571428914E-3,-1.0200000000000001E-2,-5.3E-3,2.6823165745784561E-4,3.9350999999999997E-2,3.8210000000000001E-2
196810,103.41,3.0433300000000001,5.6933299999999996,0.50032024695765387,5.3499999999999999E-2,6.0899999999999996E-2,6.8400000000000002E-2,5.4300000000000001E-2,1.9410181952969365E-2,4.4000000000000003E-3,5.6980056980056037E-3,-1.32E-2,-1.6E-2,2.6840302048788842E-4,8.5869999999999991E-3,6.7510000000000001E-3
196811,108.37,3.05667,5.7266700000000004,0.48371705851301416,5.45E-2,6.1900000000000004E-2,7.0099999999999996E-2,5.6599999999999998E-2,2.118878551231064E-2,4.1999999999999997E-3,2.8328611898016387E-3,-2.69E-2,-2.2599999999999999E-2,2.629657863405989E-4,5.3580000000000003E-2,4.8659000000000001E-2
196812,103.86,3.07,5.76,0.50490066225165564,5.96E-2,6.4500000000000002E-2,7.2300000000000003E-2,5.9799999999999999E-2,3.1961446704213629E-2,4.3E-3,2.8248587570622874E-3,-3.6299999999999999E-2,-2.3300000000000001E-2,3.3397510071427305E-4,-4.0826000000000001E-2,-4.2140999999999998E-2
196901,103.01,3.08,5.78,0.50367316738015966,6.1399999999999996E-2,6.59E-2,7.3200000000000001E-2,6.1699999999999998E-2,3.6524492439943997E-2,5.3E-3,2.8169014084507005E-3,-2.06E-2,1.3899999999999999E-2,6.0677027723364725E-4,-7.5469999999999999E-3,-8.6119999999999999E-3
196902,98.13,3.09,5.8,0.52639718960241266,6.1200000000000004E-2,6.6600000000000006E-2,7.2999999999999995E-2,6.1800000000000001E-2,4.1317328801282603E-2,4.5999999999999999E-3,5.6179775280897903E-3,4.1999999999999997E-3,-1.6E-2,5.9559625287502029E-4,-4.2320999999999998E-2,-4.7384000000000003E-2
196903,101.51,3.1,5.82,0.5570402360285629,6.0199999999999997E-2,6.8499999999999991E-2,7.51E-2,6.2E-2,3.9508003857092432E-2,4.5999999999999999E-3,8.379888268156499E-3,1E-3,-0.02,5.4163102578199133E-4,3.4847000000000003E-2,3.3598999999999997E-2
196904,103.69,3.11,5.82667,0.54842240417605093,6.1100000000000002E-2,6.8900000000000003E-2,7.5399999999999995E-2,5.9299999999999999E-2,4.4290951671213101E-2,5.3E-3,5.5401662049860967E-3,4.2700000000000002E-2,3.3500000000000002E-2,5.5041221587038994E-4,2.2771E-2,2.1448999999999999E-2
196905,103.46,3.12,5.8333300000000001,0.55580442851657497,6.0400000000000002E-2,6.7900000000000002E-2,7.5199999999999989E-2,6.3500000000000001E-2,4.4005645842888789E-2,4.7999999999999996E-3,2.7548209366392573E-3,-4.9000000000000002E-2,-2.2700000000000001E-2,4.2689743733280905E-4,3.8539999999999998E-3,-1.8619999999999999E-3
196906,97.71,3.13,5.84,0.596777333684536,6.4399999999999999E-2,6.9800000000000001E-2,7.6999999999999999E-2,6.2300000000000001E-2,4.5152760348842649E-2,5.1000000000000004E-3,5.494505494505475E-3,2.1399999999999999E-2,3.5000000000000001E-3,7.5223691423207664E-4,-5.4357000000000003E-2,-5.5685999999999999E-2
196907,91.83,3.1366700000000001,5.8566700000000003,0.63901798962561474,7.0000000000000007E-2,7.0800000000000002E-2,7.8399999999999997E-2,6.2100000000000002E-2,5.116088621738784E-2,5.3E-3,5.4644808743167239E-3,7.9000000000000008E-3,5.0000000000000001E-4,2.3056499844712293E-3,-5.8631999999999997E-2,-5.9919E-2
196908,95.51,3.1433300000000002,5.8733300000000002,0.62278898556267326,6.9800000000000001E-2,6.9699999999999998E-2,7.8600000000000003E-2,6.3E-2,4.6914752662855878E-2,5.0000000000000001E-3,5.4347826086957873E-3,-6.8999999999999999E-3,-2E-3,9.1823381332640141E-4,4.5727999999999998E-2,4.018E-2
196909,93.12,3.15,5.89,0.64088846253182308,7.0900000000000005E-2,7.1399999999999991E-2,8.0500000000000002E-2,6.7699999999999996E-2,4.8391224449175159E-2,6.1999999999999998E-3,2.7027027027026751E-3,-5.3100000000000001E-2,-2.4400000000000002E-2,8.9158784761207807E-4,-2.3941E-2,-2.5284999999999998E-2
196910,97.24,3.15333,5.8533299999999997,0.60876879402796769,7.0000000000000007E-2,7.3300000000000004E-2,8.2200000000000009E-2,6.5299999999999997E-2,4.8630281128089779E-2,6.0000000000000001E-3,5.3908355795146967E-3,3.6499999999999998E-2,1.2699999999999999E-2,7.5372330481159836E-4,4.6899999999999997E-2,4.4660999999999999E-2
196911,93.81,3.1566700000000001,5.8166700000000002,0.64151175674012073,7.2400000000000006E-2,7.3499999999999996E-2,8.2500000000000004E-2,6.7599999999999993E-2,4.7904009335742383E-2,5.1999999999999998E-3,5.3619302949061698E-3,-2.4299999999999999E-2,-4.7100000000000003E-2,5.0913619698213935E-4,-2.9152000000000001E-2,-3.4432999999999998E-2
196912,92.06,3.16,5.78,0.65108201309410763,7.8200000000000006E-2,7.7199999999999991E-2,8.6500000000000007E-2,6.8699999999999997E-2,3.4273783303565106E-2,6.4000000000000003E-3,5.3333333333334121E-3,-6.7999999999999996E-3,-1.34E-2,1.1635548351533978E-3,-1.6922E-2,-1.8364999999999999E-2
197001,85.02,3.1633300000000002,5.73,0.70034674623014281,7.8700000000000006E-2,7.9100000000000004E-2,8.8599999999999998E-2,6.93E-2,3.4473207975514258E-2,6.0000000000000001E-3,2.6525198938991412E-3,-2.0999999999999999E-3,1.41E-2,1.0670972712180629E-3,-7.5398000000000007E-2,-7.6809000000000002E-2
197002,89.5,3.1666699999999999,5.68,0.67014750704098558,7.1300000000000002E-2,7.9299999999999995E-2,8.7799999999999989E-2,6.5100000000000005E-2,3.5855217037531799E-2,6.1999999999999998E-3,5.2910052910053462E-3,5.8700000000000002E-2,4.0099999999999997E-2,1.0587117306881857E-3,5.9520999999999998E-2,5.3615000000000003E-2
197003,89.63,3.17,5.63,0.69032676909759783,6.6299999999999998E-2,7.8399999999999997E-2,8.6300000000000002E-2,6.6100000000000006E-2,3.5841581177216954E-2,5.6999999999999993E-3,5.2631578947368585E-3,-6.7999999999999996E-3,-4.4999999999999997E-3,9.6353899708931108E-4,2.8059999999999999E-3,1.232E-3
197004,81.52,3.17333,5.5933299999999999,0.73675058078715328,6.5099999999999991E-2,7.8299999999999995E-2,8.6999999999999994E-2,6.9900000000000004E-2,3.5712124826752713E-2,5.0000000000000001E-3,7.8534031413610705E-3,-4.1300000000000003E-2,-2.5000000000000001E-2,1.6146769913286704E-3,-8.8830999999999993E-2,-9.0035000000000004E-2
197005,76.55,3.1766700000000001,5.5566700000000004,0.77422762834789549,6.8400000000000002E-2,8.1099999999999992E-2,8.9800000000000005E-2,7.4300000000000005E-2,3.8661028309579064E-2,5.3E-3,2.5974025974027093E-3,-4.6800000000000001E-2,-1.6299999999999999E-2,8.1518544250658888E-3,-5.4689000000000002E-2,-6.1112E-2
197006,72.72,3.18,5.52,0.79338141705557907,6.6799999999999998E-2,8.48E-2,9.2499999999999999E-2,7.0900000000000005E-2,4.2290747911358131E-2,5.7999999999999996E-3,5.1813471502588637E-3,4.8599999999999997E-2,1E-4,2.6519110173923743E-3,-4.9031999999999999E-2,-5.0902000000000003E-2
197007,78.05,3.1833300000000002,5.4666699999999997,0.73870756824497352,6.4500000000000002E-2,8.4399999999999989E-2,9.4E-2,6.8699999999999997E-2,4.3073821662607002E-2,5.1999999999999998E-3,5.1546391752577136E-3,3.1899999999999998E-2,5.5599999999999997E-2,2.1264763834538628E-3,7.5523000000000007E-2,7.3219000000000006E-2
197008,81.52,3.1866699999999999,5.4133300000000002,0.7092782965811294,6.4100000000000004E-2,8.1300000000000011E-2,9.4399999999999998E-2,6.9400000000000003E-2,3.8729252606242486E-2,5.3E-3,0,-1.9E-3,0.01,1.8871043050804042E-3,4.9778000000000003E-2,4.3782000000000001E-2
197009,84.21,3.19,5.36,0.71291476047746749,6.1200000000000004E-2,8.09E-2,9.3900000000000011E-2,6.8000000000000005E-2,3.7942419250831777E-2,5.4000000000000003E-3,5.12820512820511E-3,2.2800000000000001E-2,1.3899999999999999E-2,1.0579649322862181E-3,3.4701999999999997E-2,3.3021000000000002E-2
197010,83.25,3.17333,5.2833300000000003,0.71769828350604137,5.91E-2,8.0299999999999996E-2,9.3299999999999994E-2,6.93E-2,3.6962491060234325E-2,4.5999999999999999E-3,5.1020408163264808E-3,-1.09E-2,-9.5999999999999992E-3,1.0433956864619354E-3,-9.0320000000000001E-3,-1.1639E-2
197011,87.2,3.1566700000000001,5.2066699999999999,0.68292007203213734,5.28E-2,8.0500000000000002E-2,9.3800000000000008E-2,6.3700000000000007E-2,3.5224927994310588E-2,4.5999999999999999E-3,5.0761421319798217E-3,7.9100000000000004E-2,5.8400000000000001E-2,8.8545356675132699E-4,5.4386999999999998E-2,4.8835999999999997E-2
197012,92.15,3.14,5.13,0.64642635769799262,4.87E-2,7.6399999999999996E-2,9.1199999999999989E-2,6.4799999999999996E-2,3.1461707447443692E-2,4.1999999999999997E-3,5.050505050504972E-3,-8.3999999999999995E-3,3.7199999999999997E-2,5.3519994304607752E-4,5.8684E-2,5.7357999999999999E-2
197101,95.88,3.13,5.16,0.62440990213010938,4.4400000000000002E-2,7.3599999999999999E-2,8.7400000000000005E-2,6.1199999999999997E-2,3.0593130167980341E-2,3.8E-3,0,5.0599999999999999E-2,5.3199999999999997E-2,5.4103087781340862E-4,4.2827999999999998E-2,4.1500000000000002E-2
197102,96.75,3.12,5.19,0.61707042317626837,3.7000000000000005E-2,7.0800000000000002E-2,8.3900000000000002E-2,6.2899999999999998E-2,2.5801375062031392E-2,3.3E-3,2.5125628140703071E-3,-1.6299999999999999E-2,-3.6600000000000001E-2,4.5145358412709678E-4,1.3317000000000001E-2,8.1519999999999995E-3
197103,100.31,3.11,5.22,0.63381138250937119,3.3799999999999997E-2,7.2099999999999997E-2,8.4600000000000009E-2,5.9299999999999999E-2,2.6398845134115913E-2,3.0000000000000001E-3,2.5062656641603454E-3,5.2600000000000001E-2,2.58E-2,4.9271943434874281E-4,3.9067999999999999E-2,3.7623999999999998E-2
197104,103.95,3.1066699999999998,5.2533300000000001,0.60865410140695519,3.8599999999999995E-2,7.2499999999999995E-2,8.4499999999999992E-2,6.1899999999999997E-2,2.6556978719424966E-2,2.8000000000000004E-3,2.4999999999999467E-3,-2.8299999999999999E-2,-2.3599999999999999E-2,3.0755491678397261E-4,3.6964999999999998E-2,3.5789000000000001E-2
197105,99.63,3.1033300000000001,5.28667,0.63140965620559375,4.1399999999999999E-2,7.5300000000000006E-2,8.6199999999999999E-2,6.2399999999999997E-2,2.9722577401961048E-2,2.8999999999999998E-3,4.9875311720697368E-3,-5.9999999999999995E-4,-1.61E-2,5.392762551897826E-4,-3.7150000000000002E-2,-4.2138000000000002E-2
197106,99.7,3.1,5.32,0.64322104270933866,4.7500000000000001E-2,7.6399999999999996E-2,8.7499999999999994E-2,6.4100000000000004E-2,2.7278498261608483E-2,3.7000000000000002E-3,7.4441687344914964E-3,-1.5900000000000001E-2,1.0699999999999999E-2,9.2453962255326029E-4,2.4390000000000002E-3,1.0610000000000001E-3
197107,95.58,3.09667,5.3566700000000003,0.66773062451219101,5.4000000000000006E-2,7.6399999999999996E-2,8.7599999999999997E-2,6.4299999999999996E-2,2.5796320524999812E-2,4.0000000000000001E-3,2.4630541871921707E-3,3.0000000000000001E-3,-2.5000000000000001E-3,5.1843444907719602E-4,-4.0827000000000002E-2,-4.1901000000000001E-2
197108,99.03,3.0933299999999999,5.3933299999999997,0.63825759684657102,4.9400000000000006E-2,7.5899999999999995E-2,8.7599999999999997E-2,6.0999999999999999E-2,2.6781962675047021E-2,4.6999999999999993E-3,2.4570024570023108E-3,4.7100000000000003E-2,5.5399999999999998E-2,2.4512229112138881E-3,4.2035999999999997E-2,3.6548999999999998E-2
197109,98.34,3.09,5.43,0.64608482963063152,4.6900000000000004E-2,7.4400000000000008E-2,8.5900000000000004E-2,5.9799999999999999E-2,2.7934416899833794E-2,3.7000000000000002E-3,0,2.0400000000000001E-2,-1.0200000000000001E-2,5.2426388576752613E-4,-5.0379999999999999E-3,-6.3870000000000003E-3
197110,94.23,3.0833300000000001,5.52,0.68319427890345652,4.4600000000000001E-2,7.3899999999999993E-2,8.48E-2,5.8799999999999998E-2,2.924382901674635E-2,3.7000000000000002E-3,2.450980392156854E-3,1.67E-2,2.8199999999999999E-2,6.6193547724545073E-4,-4.0128999999999998E-2,-4.2014999999999997E-2
197111,93.99,3.07667,5.61,0.68948925830586771,4.2199999999999994E-2,7.2599999999999998E-2,8.3800000000000013E-2,5.96E-2,2.9451910127801992E-2,3.7000000000000002E-3,0,-4.7000000000000002E-3,2.8999999999999998E-3,1.8662556356896453E-3,2.898E-3,-2.029E-3
197112,102.09,3.07,5.7,0.64390024713547522,4.0099999999999997E-2,7.2499999999999995E-2,8.3800000000000013E-2,5.9700000000000003E-2,3.4023358653099176E-2,3.7000000000000002E-3,4.8899755501223829E-3,4.4000000000000003E-3,2.23E-2,1.1829844439591227E-3,8.788E-2,8.6485999999999993E-2
197201,103.94,3.07,5.7366700000000002,0.63535697263265245,3.3799999999999997E-2,7.1900000000000006E-2,8.2299999999999998E-2,6.0600000000000001E-2,3.3075116567660198E-2,2.8999999999999998E-3,0,-6.3E-3,-3.3E-3,4.9422474098733673E-4,1.9088000000000001E-2,1.7814E-2
197202,106.57,3.07,5.7733299999999996,0.61758589852714607,3.2000000000000001E-2,7.2700000000000001E-2,8.2299999999999998E-2,6.0199999999999997E-2,3.3029778618661007E-2,2.5000000000000001E-3,4.8661800486617945E-3,8.8000000000000005E-3,1.0699999999999999E-2,2.8438442588817503E-4,3.0221000000000001E-2,2.5416000000000001E-2
197203,107.2,3.07,5.81,0.64590198788136488,3.73E-2,7.2400000000000006E-2,8.2400000000000001E-2,6.13E-2,3.1723182509449541E-2,2.7000000000000001E-3,2.421307506053294E-3,-8.2000000000000007E-3,2.3999999999999998E-3,5.4510436495186238E-4,7.3150000000000003E-3,6.1320000000000003E-3
197204,107.67,3.07,5.8633300000000004,0.63678380162864068,3.7100000000000001E-2,7.2999999999999995E-2,8.2400000000000001E-2,6.1499999999999999E-2,3.249183215256915E-2,2.8999999999999998E-3,2.4154589371980784E-3,2.7000000000000001E-3,3.5000000000000001E-3,3.8339146865483306E-4,5.476E-3,4.6579999999999998E-3
197205,109.53,3.07,5.9166699999999999,0.63244233491548008,3.6900000000000002E-2,7.2999999999999995E-2,8.2299999999999998E-2,5.9700000000000003E-2,3.0657066491460886E-2,3.0000000000000001E-3,2.4096385542169418E-3,2.7E-2,1.6299999999999999E-2,7.6905167013708751E-4,2.2019E-2,1.6763E-2
197206,107.14,3.07,5.97,0.65401547850984365,3.9100000000000003E-2,7.2300000000000003E-2,8.199999999999999E-2,6.0699999999999997E-2,3.4199389463755225E-2,2.8999999999999998E-3,2.4038461538462563E-3,-6.4999999999999997E-3,-6.7999999999999996E-3,3.6535220731591486E-4,-2.0156E-2,-2.1378000000000001E-2
197207,107.39,3.0733299999999999,6.0266700000000002,0.65704954906243918,3.9800000000000002E-2,7.2099999999999997E-2,8.2299999999999998E-2,5.9299999999999999E-2,3.3325092535569187E-2,3.0999999999999999E-3,4.7961630695443347E-3,2.1600000000000001E-2,3.0000000000000001E-3,5.9548695255956204E-4,3.2450000000000001E-3,2.1259999999999999E-3
197208,111.09,3.07667,6.0833300000000001,0.63046703952351801,4.0199999999999993E-2,7.1900000000000006E-2,8.1900000000000001E-2,5.9499999999999997E-2,3.1848784629650274E-2,2.8999999999999998E-3,2.3866348448686736E-3,2.8999999999999998E-3,7.1999999999999998E-3,5.9499865647466793E-4,3.9425000000000002E-2,3.4648999999999999E-2
197209,110.55,3.08,6.14,0.63738500110147178,4.6600000000000003E-2,7.22E-2,8.09E-2,6.0600000000000001E-2,3.2869774506568125E-2,3.4000000000000002E-3,2.3809523809523725E-3,-8.3000000000000001E-3,3.0999999999999999E-3,4.6571213962169129E-4,-3.277E-3,-4.516E-3
197210,111.58,3.1033300000000001,6.2333299999999996,0.63588412592096455,4.7400000000000005E-2,7.2099999999999997E-2,8.0600000000000005E-2,5.91E-2,3.2353443766469904E-2,4.0000000000000001E-3,4.7505938242278223E-3,2.3400000000000001E-2,1.01E-2,8.5826781651215586E-4,1.0878000000000001E-2,9.5029999999999993E-3
197211,116.67,3.1266699999999998,6.32667,0.59673348326965947,4.7800000000000002E-2,7.1199999999999999E-2,7.9899999999999999E-2,5.7700000000000001E-2,3.0952249789983025E-2,3.7000000000000002E-3,2.3640661938535423E-3,2.2599999999999999E-2,2.4899999999999999E-2,4.8845636202737006E-4,5.0297000000000001E-2,4.5172999999999998E-2
197212,118.05,3.15,6.42,0.59567459461579186,5.0700000000000002E-2,7.0800000000000002E-2,7.9299999999999995E-2,5.9900000000000002E-2,3.4203483729238232E-2,3.7000000000000002E-3,2.3584905660378741E-3,-2.29E-2,-4.0000000000000002E-4,5.1717096153020134E-4,1.3663E-2,1.2622E-2
197301,116.03,3.1566700000000001,6.5466699999999998,0.60819603211146922,5.4100000000000002E-2,7.1500000000000008E-2,7.9000000000000001E-2,6.8500000000000005E-2,3.5647312062081916E-2,4.4000000000000003E-3,2.3529411764706687E-3,-3.2099999999999997E-2,-5.4000000000000003E-3,5.1560415040076597E-4,-1.6752E-2,-1.8044000000000001E-2
197302,111.68,3.1633300000000002,6.67333,0.63618373522359617,5.5999999999999994E-2,7.22E-2,7.9699999999999993E-2,6.88E-2,3.6299866980121109E-2,4.0999999999999995E-3,7.0422535211267512E-3,1.4E-3,2.3E-3,1.2645943509198619E-3,-3.3818000000000001E-2,-3.8228999999999999E-2
197303,111.52,3.17,6.8,0.6760181280953933,6.0899999999999996E-2,7.2900000000000006E-2,8.0299999999999996E-2,6.8599999999999994E-2,3.6706149291252245E-2,4.5999999999999999E-3,9.3240093240092303E-3,8.2000000000000007E-3,4.4999999999999997E-3,1.5575644099601977E-3,-1.093E-3,-2.0890000000000001E-3
197304,106.97,3.1866699999999999,6.9433299999999996,0.69771984849635893,6.2600000000000003E-2,7.2599999999999998E-2,8.09E-2,6.8699999999999997E-2,3.7833236821778859E-2,5.1999999999999998E-3,6.9284064665127154E-3,4.5999999999999999E-3,6.1000000000000004E-3,1.5175397549063974E-3,-4.0064000000000002E-2,-4.1236000000000002E-2
197305,104.95,3.2033299999999998,7.0866699999999998,0.71321596166006584,6.3600000000000004E-2,7.2900000000000006E-2,8.0600000000000005E-2,7.0300000000000001E-2,3.9602216300279706E-2,5.1000000000000004E-3,6.8807339449541427E-3,-1.0500000000000001E-2,-3.8999999999999998E-3,3.0775217073754717E-3,-1.3950000000000001E-2,-1.9002000000000002E-2
197306,104.26,3.22,7.23,0.72097430779064942,7.1900000000000006E-2,7.3700000000000002E-2,8.1300000000000011E-2,7.0999999999999994E-2,3.9013398465808383E-2,5.1000000000000004E-3,6.8337129840547739E-3,-2.0999999999999999E-3,-5.5999999999999999E-3,2.1646024811397733E-3,-5.1780000000000003E-3,-6.522E-3
197307,108.22,3.2366700000000002,7.3833299999999999,0.69397668393782386,8.0100000000000005E-2,7.4499999999999997E-2,8.2400000000000001E-2,7.5999999999999998E-2,3.7350062625087388E-2,6.4000000000000003E-3,2.2624434389137971E-3,-4.3299999999999998E-2,-4.7600000000000003E-2,1.8680136358772126E-3,3.9128000000000003E-2,3.7678999999999997E-2
197308,104.25,3.2533300000000001,7.53667,0.72433723537298456,8.6699999999999999E-2,7.6799999999999993E-2,8.5299999999999987E-2,7.2800000000000004E-2,3.7388767452079683E-2,6.9999999999999993E-3,1.8058690744921169E-2,3.9100000000000003E-2,3.56E-2,1.0958834359663912E-3,-3.1544000000000003E-2,-3.6505000000000003E-2
197309,108.43,3.27,7.69,0.67880899588216659,8.2899999999999988E-2,7.6299999999999993E-2,8.6300000000000002E-2,7.0300000000000001E-2,3.4361225651735577E-2,6.8000000000000005E-3,2.2172949002217113E-3,3.1800000000000002E-2,3.56E-2,9.3455784522805609E-4,4.2219E-2,4.1037999999999998E-2
197310,108.29,3.30667,7.8466699999999996,0.67208179138179758,7.22E-2,7.5999999999999998E-2,8.4100000000000008E-2,6.8900000000000003E-2,3.4660330111237023E-2,6.5000000000000006E-3,8.8495575221239076E-3,2.1499999999999998E-2,-6.6E-3,1.3447449059527179E-3,3.1199999999999999E-4,-1.56E-3
197311,95.96,3.3433299999999999,8.0033300000000001,0.78187899057464272,7.8299999999999995E-2,7.6700000000000004E-2,8.4199999999999997E-2,7.1199999999999999E-2,3.8736339192755286E-2,5.6000000000000008E-3,6.5789473684210176E-3,-1.83E-2,7.7999999999999996E-3,4.3697483328279533E-3,-0.10722,-0.11304599999999999
197312,97.55,3.38,8.16,0.75558846343699315,7.4499999999999997E-2,7.6799999999999993E-2,8.48E-2,7.2599999999999998E-2,1.3007395124224599E-2,6.4000000000000003E-3,6.5359477124184995E-3,-8.2000000000000007E-3,-8.8999999999999999E-3,5.3583379583479144E-3,1.7971000000000001E-2,1.6534E-2
197401,96.57,3.4,8.2266700000000004,0.75144643796388289,7.7699999999999991E-2,7.8299999999999995E-2,8.48E-2,7.3999999999999996E-2,1.162674909434991E-2,6.3E-3,8.6580086580085869E-3,-8.3000000000000001E-3,-5.3E-3,3.4094716682210257E-3,-8.1200000000000005E-3,-9.7490000000000007E-3
197402,96.22,3.42,8.2933299999999992,0.74709771884768694,7.1199999999999999E-2,7.85E-2,8.5299999999999987E-2,7.4800000000000005E-2,1.0918647698395442E-2,5.7999999999999996E-3,1.2875536480686733E-2,-2.3999999999999998E-3,8.9999999999999998E-4,1.8780076517634537E-3,1.9919999999999998E-3,-3.6949999999999999E-3
197403,93.98,3.44,8.36,0.81518401285019149,7.9600000000000004E-2,8.0100000000000005E-2,8.6199999999999999E-2,7.8299999999999995E-2,1.0399936064688012E-2,5.6000000000000008E-3,1.2711864406779627E-2,-2.92E-2,-3.0700000000000002E-2,1.6936350265754638E-3,-2.1818000000000001E-2,-2.3154000000000001E-2
197404,90.31,3.46,8.4866700000000002,0.82485808186435616,8.3299999999999999E-2,8.2500000000000004E-2,8.8699999999999987E-2,8.1600000000000006E-2,9.6574912861545643E-3,7.4999999999999997E-3,4.1841004184099972E-3,-2.53E-2,-3.4099999999999998E-2,1.7291765401016427E-3,-3.7649000000000002E-2,-3.9358999999999998E-2
197405,87.28,3.48,8.6133299999999995,0.86041612127105238,8.2299999999999998E-2,8.3699999999999997E-2,9.0500000000000011E-2,8.1000000000000003E-2,9.246923420192104E-3,7.4999999999999997E-3,1.2499999999999956E-2,1.23E-2,1.0500000000000001E-2,2.0987463711757753E-3,-2.6896E-2,-3.3126999999999997E-2
197406,86,3.5,8.74,0.86015877170025312,7.9000000000000001E-2,8.4700000000000011E-2,9.2699999999999991E-2,8.1199999999999994E-2,8.028169497584144E-3,6.0000000000000001E-3,8.2304526748970819E-3,4.4999999999999997E-3,-2.8500000000000001E-2,2.3003693732100744E-3,-1.2815999999999999E-2,-1.4583E-2
197407,79.31,3.53,8.8633299999999995,0.91123932244563866,7.5499999999999998E-2,8.72E-2,9.4800000000000009E-2,8.2299999999999998E-2,6.8388851786678317E-3,6.9999999999999993E-3,8.1632653061223248E-3,-2.8999999999999998E-3,-2.1100000000000001E-2,4.9175156698987223E-3,-7.6698000000000002E-2,-7.85E-2
197408,72.150000000000006,3.56,8.9866700000000002,1.0171239942232309,8.9600000000000013E-2,0.09,9.7699999999999995E-2,8.5500000000000007E-2,6.5552243524529515E-3,6.0000000000000001E-3,1.2145748987854255E-2,-2.3199999999999998E-2,-2.6800000000000001E-2,4.7910263512487648E-3,-8.2177E-2,-8.9736999999999997E-2
197409,63.54,3.59,9.11,1.1354401434517249,8.0600000000000005E-2,9.2399999999999996E-2,0.1018,8.3699999999999997E-2,5.1374791899353057E-3,8.1000000000000013E-3,1.2000000000000011E-2,2.47E-2,1.7399999999999999E-2,7.8117125291246453E-3,-0.117511,-0.119578
197410,73.900000000000006,3.5933299999999999,9.0366700000000009,1.0370837841086671,7.46E-2,9.2699999999999991E-2,0.1048,7.9500000000000001E-2,3.6384074517773713E-3,5.1000000000000004E-3,9.8814229249011287E-3,4.8899999999999999E-2,8.8499999999999995E-2,1.008494796465146E-2,0.16811300000000001,0.16481399999999999
197411,69.97,3.59667,8.9633299999999991,1.1156370219506677,7.4700000000000003E-2,8.8900000000000007E-2,0.106,7.7100000000000002E-2,7.8146012277738666E-3,5.4000000000000003E-3,7.8277886497064575E-3,2.9499999999999998E-2,1.17E-2,3.5137990088320581E-3,-4.5687999999999999E-2,-5.3816000000000003E-2
197412,68.56,3.6,8.89,1.1200181747371154,7.1500000000000008E-2,8.8900000000000007E-2,0.10630000000000001,7.5999999999999998E-2,8.7715739579457622E-3,6.9999999999999993E-3,7.7669902912620437E-3,1.7100000000000001E-2,-7.4999999999999997E-3,3.8144275315462116E-3,-1.8020999999999999E-2,-2.0305E-2
197501,76.98,3.6233300000000002,8.7433300000000003,0.98082962668220375,6.2600000000000003E-2,8.8300000000000003E-2,0.1081,7.9600000000000004E-2,8.5104485752217664E-3,5.7999999999999996E-3,3.8535645472062008E-3,2.2499999999999999E-2,5.96E-2,4.017208219313703E-3,0.12361,0.121698
197502,81.59,3.6466699999999999,8.5966699999999996,0.93390163047155139,5.5E-2,8.6199999999999999E-2,0.1065,7.8799999999999995E-2,1.1652331822258308E-2,4.3E-3,7.6775431861804133E-3,1.3100000000000001E-2,1.37E-2,2.1790298727881853E-3,6.7460000000000006E-2,5.9497000000000001E-2
197503,83.36,3.67,8.4499999999999993,0.97246631517281779,5.4900000000000004E-2,8.6699999999999999E-2,0.1048,8.2400000000000001E-2,2.0466950176391628E-2,4.0999999999999995E-3,3.8095238095239292E-3,-2.6700000000000002E-2,-2.47E-2,2.4026153243239018E-3,2.4014000000000001E-2,2.2121999999999999E-2
197504,87.3,3.6833300000000002,8.2866700000000009,0.90948937102783256,5.6100000000000004E-2,8.9499999999999996E-2,0.10580000000000001,8.5199999999999998E-2,2.2496224456674763E-2,4.4000000000000003E-3,3.7950664136621182E-3,-1.8200000000000001E-2,-5.1999999999999998E-3,2.3137776254161888E-3,4.9424000000000003E-2,4.7293000000000002E-2
197505,91.15,3.6966700000000001,8.1233299999999993,0.89752369967198942,5.2300000000000006E-2,8.900000000000001E-2,0.1069,8.3599999999999994E-2,2.2953771745019984E-2,4.4000000000000003E-3,5.6710775047259521E-3,2.12E-2,1.06E-2,1.8071721738640301E-3,5.1193000000000002E-2,4.4794E-2
197506,95.19,3.71,7.96,0.84983901978407039,5.3399999999999996E-2,8.77E-2,0.10619999999999999,8.1299999999999997E-2,2.2961696053409884E-2,4.0999999999999995E-3,7.5187969924812581E-3,2.92E-2,3.04E-2,1.3533554535377027E-3,4.6219999999999997E-2,4.4341999999999999E-2
197507,88.75,3.71,7.8933299999999997,0.89836562398527975,6.13E-2,8.8399999999999992E-2,0.10550000000000001,8.2900000000000001E-2,2.562789613882191E-2,4.7999999999999996E-3,1.1194029850746245E-2,-8.6999999999999994E-3,-3.0000000000000001E-3,1.244403730967414E-3,-6.5504000000000007E-2,-6.7553000000000002E-2
197508,86.88,3.71,7.82667,0.89424665405703063,6.4399999999999999E-2,8.9499999999999996E-2,0.10589999999999999,8.4400000000000003E-2,2.6366377839965632E-2,4.7999999999999996E-3,1.8450184501843658E-3,-6.7999999999999996E-3,-1.7500000000000002E-2,2.3431363500697991E-3,-1.5663E-2,-2.1731E-2
197509,83.87,3.71,7.76,0.94094825414420313,6.4199999999999993E-2,8.9499999999999996E-2,0.1061,8.6199999999999999E-2,2.7919523393328621E-2,5.3E-3,5.5248618784531356E-3,-9.7999999999999997E-3,-1.26E-2,2.3046247877807364E-3,-3.2250000000000001E-2,-3.4225999999999999E-2
197510,89.04,3.7,7.82667,0.89349791875986795,5.96E-2,8.8599999999999998E-2,0.10619999999999999,8.1900000000000001E-2,2.589845801185486E-2,5.6000000000000008E-3,5.494505494505475E-3,4.7500000000000001E-2,5.5300000000000002E-2,2.1545815811105226E-3,6.4854999999999996E-2,6.2135000000000003E-2
197511,91.24,3.69,7.8933299999999997,0.8679284743281398,5.4800000000000001E-2,8.7799999999999989E-2,0.1056,8.3799999999999999E-2,2.4622479640706674E-2,4.0999999999999995E-3,7.2859744990891873E-3,-1.09E-2,-8.8000000000000005E-3,8.1268542463116915E-4,3.0089000000000001E-2,2.3996E-2
197512,90.19,3.68,7.96,0.87633885102239539,5.4400000000000004E-2,8.7899999999999992E-2,0.1056,8.0500000000000002E-2,2.3711965564004414E-2,4.7999999999999996E-3,3.6166365280290158E-3,3.9E-2,4.4200000000000003E-2,1.3307999246307365E-3,-1.0485E-2,-1.2296E-2
197601,100.86,3.6833300000000002,8.1933299999999996,0.76593388565335085,4.87E-2,8.5999999999999993E-2,0.1041,8.0199999999999994E-2,2.1852182156484636E-2,4.6999999999999993E-3,1.8018018018017834E-3,8.9999999999999993E-3,1.8800000000000001E-2,1.9782825918537783E-3,0.120143,0.118545
197602,99.71,3.6866699999999999,8.4266699999999997,0.76803652029076397,4.8799999999999996E-2,8.5500000000000007E-2,0.1024,8.0199999999999994E-2,2.2233092760244787E-2,3.4000000000000002E-3,3.597122302158251E-3,6.1999999999999998E-3,6.1000000000000004E-3,1.2214388390446114E-3,-5.7559999999999998E-3,-1.162E-2
197603,102.77,3.69,8.66,0.78403121716944313,0.05,8.5199999999999998E-2,0.1012,7.9200000000000007E-2,1.5072131300759834E-2,4.0000000000000001E-3,1.7921146953405742E-3,1.66E-2,1.67E-2,1.2657160524404583E-3,3.2640000000000002E-2,3.0786000000000001E-2
197604,101.64,3.71333,8.8566699999999994,0.78607613984049762,4.8600000000000004E-2,8.4000000000000005E-2,9.9399999999999988E-2,7.9699999999999993E-2,1.4239484740238437E-2,4.1999999999999997E-3,3.5778175313059268E-3,1.8E-3,-1.5E-3,1.0071322817876225E-3,-9.6100000000000005E-3,-1.0699E-2
197605,100.18,3.7366700000000002,9.0533300000000008,0.80350276345067317,5.2000000000000005E-2,8.5800000000000001E-2,9.8599999999999993E-2,8.2100000000000006E-2,1.4148321230807424E-2,3.7000000000000002E-3,7.1301247771835552E-3,-1.5800000000000002E-2,-1.03E-2,9.3647026791838909E-4,-8.116E-3,-1.5025999999999999E-2
197606,104.28,3.76,9.25,0.78142763118530489,5.4100000000000002E-2,8.6199999999999999E-2,9.8900000000000002E-2,8.0699999999999994E-2,1.8925031320666658E-2,4.3E-3,5.3097345132742113E-3,2.0799999999999999E-2,1.4999999999999999E-2,9.715815060038469E-4,4.3958999999999998E-2,4.2158000000000001E-2
197607,103.44,3.79,9.35,0.7958238544036399,5.2300000000000006E-2,8.5600000000000009E-2,9.820000000000001E-2,8.0500000000000002E-2,1.8842770725889108E-2,4.6999999999999993E-3,5.2816901408452299E-3,7.7999999999999996E-3,1.49E-2,4.8715216300221624E-4,-7.2020000000000001E-3,-8.4539999999999997E-3
197608,102.91,3.82,9.4499999999999993,0.80473226939429421,5.1399999999999994E-2,8.4499999999999992E-2,9.64E-2,7.9000000000000001E-2,2.0629527477362374E-2,4.1999999999999997E-3,5.2539404553415547E-3,2.1100000000000001E-2,2.3099999999999999E-2,7.4452239677863074E-4,1.5989999999999999E-3,-4.9820000000000003E-3
197609,105.24,3.85,9.5500000000000007,0.79136327371514559,5.0799999999999998E-2,8.3800000000000013E-2,9.4E-2,7.8100000000000003E-2,2.3782657468813286E-2,4.4000000000000003E-3,3.4843205574912606E-3,1.4500000000000001E-2,1.67E-2,8.9068827704749328E-4,2.4421000000000002E-2,2.2669999999999999E-2
197610,102.9,3.9166699999999999,9.67,0.81207963271947192,4.9200000000000001E-2,8.3199999999999996E-2,9.2899999999999996E-2,7.7899999999999997E-2,2.5569126245345446E-2,4.0999999999999995E-3,5.2083333333332593E-3,8.3999999999999995E-3,7.0000000000000001E-3,1.2699929719077691E-3,-2.0211E-2,-2.1995000000000001E-2
197611,102.1,3.98333,9.7899999999999991,0.82726293786026472,4.7500000000000001E-2,8.2500000000000004E-2,9.2300000000000007E-2,7.4899999999999994E-2,2.7895428929454926E-2,4.0000000000000001E-3,1.7271157167531026E-3,3.39E-2,3.1899999999999998E-2,1.1179253215342041E-3,-1.041E-3,-8.6280000000000003E-3
197612,107.46,4.05,9.91,0.7799731249688947,4.3499999999999997E-2,7.980000000000001E-2,9.1199999999999989E-2,7.2099999999999997E-2,2.8566554301474461E-2,4.0000000000000001E-3,3.4482758620690834E-3,3.27E-2,3.4700000000000002E-2,5.762272595541424E-4,5.3775000000000003E-2,5.2170000000000001E-2
197701,102.03,4.0966699999999996,9.9666700000000006,0.82106520531869198,4.6199999999999998E-2,7.9600000000000004E-2,9.0800000000000006E-2,7.6399999999999996E-2,2.9599796858810042E-2,3.5999999999999999E-3,5.1546391752577136E-3,-3.8800000000000001E-2,-3.0300000000000001E-2,6.9562997675253087E-4,-4.9653999999999997E-2,-5.1166999999999997E-2
197702,99.82,4.1433299999999997,10.023300000000001,0.83680399820593332,4.6699999999999998E-2,8.0399999999999985E-2,9.1199999999999989E-2,7.7499999999999999E-2,2.7970217065494678E-2,3.4999999999999996E-3,1.025641025641022E-2,-4.8999999999999998E-3,-2E-3,3.3467555281150842E-4,-1.5637999999999999E-2,-2.24E-2
197703,98.42,4.1900000000000004,10.08,0.86842992830176369,4.5999999999999999E-2,8.1000000000000003E-2,9.1199999999999989E-2,7.7200000000000005E-2,3.0338357179846301E-2,3.8E-3,6.7681895093061328E-3,9.1000000000000004E-3,9.4000000000000004E-3,6.6573277945063895E-4,-1.2501999999999999E-2,-1.4548E-2
197704,98.44,4.2466699999999999,10.193300000000001,0.86115007012622724,4.5400000000000003E-2,8.0399999999999985E-2,9.0700000000000003E-2,7.7100000000000002E-2,3.114002960902627E-2,3.8E-3,8.4033613445377853E-3,7.1000000000000004E-3,0.01,9.8485112772272857E-4,6.4099999999999997E-4,-5.0299999999999997E-4
197705,96.12,4.3033299999999999,10.306699999999999,0.88821133687935383,4.9599999999999998E-2,8.0500000000000002E-2,9.01E-2,7.6499999999999999E-2,3.5315469465821411E-2,3.7000000000000002E-3,4.9999999999998934E-3,1.2500000000000001E-2,1.06E-2,6.3480181499555102E-4,-1.5063999999999999E-2,-2.3540999999999999E-2
197706,100.48,4.3600000000000003,10.42,0.87111208119611494,5.0199999999999995E-2,7.9500000000000001E-2,8.9099999999999999E-2,7.5399999999999995E-2,3.1941099611748507E-2,4.0000000000000001E-3,6.6334991708127955E-3,1.6400000000000001E-2,1.7500000000000002E-2,5.6336461313967533E-4,4.7775999999999999E-2,4.5705000000000003E-2
197707,98.85,4.4066700000000001,10.5167,0.89678339905850102,5.1900000000000002E-2,7.9399999999999998E-2,8.8699999999999987E-2,7.6799999999999993E-2,3.3181837007620466E-2,4.1999999999999997E-3,4.9423393739702615E-3,-7.0000000000000001E-3,-5.0000000000000001E-4,5.9470800919931752E-4,-1.5453E-2,-1.6589E-2
197708,96.77,4.4533300000000002,10.613300000000001,0.92653426040929088,5.4900000000000004E-2,7.980000000000001E-2,8.8200000000000001E-2,7.5399999999999995E-2,3.3750386808353114E-2,4.4000000000000003E-3,3.2786885245901232E-3,1.9800000000000002E-2,1.3599999999999999E-2,5.8244638340062432E-4,-1.231E-2,-2.0220999999999999E-2
197709,96.53,4.5,10.71,0.94226251608409772,5.8099999999999999E-2,7.9199999999999993E-2,8.8000000000000009E-2,7.6399999999999996E-2,3.2367586606296496E-2,4.3E-3,3.2679738562091387E-3,-2.8999999999999998E-3,-2.2000000000000001E-3,4.6319607229349321E-4,-8.25E-4,-3.0839999999999999E-3
197710,92.34,4.5566700000000004,10.77,0.97537728355837972,6.1600000000000002E-2,8.0399999999999985E-2,8.8900000000000007E-2,7.8100000000000003E-2,3.2775136831833362E-2,4.8999999999999998E-3,3.2573289902280145E-3,-9.2999999999999992E-3,-3.8E-3,7.2617263306666482E-4,-4.1984E-2,-4.3868999999999998E-2
197711,94.83,4.6133300000000004,10.83,0.9620344702904664,6.0999999999999999E-2,8.0799999999999997E-2,8.9499999999999996E-2,7.7700000000000005E-2,2.9216729540186635E-2,5.0000000000000001E-3,4.8701298701299134E-3,9.2999999999999992E-3,6.1000000000000004E-3,1.3875470420950749E-3,3.6752E-2,2.6953000000000001E-2
197712,95.1,4.67,10.89,0.96033302453168434,6.0700000000000004E-2,8.1900000000000001E-2,8.9900000000000008E-2,8.0299999999999996E-2,3.0475399173224532E-2,4.8999999999999998E-3,3.231017770597866E-3,-1.6799999999999999E-2,-1.0500000000000001E-2,6.2662708655096219E-4,5.5700000000000003E-3,3.637E-3
197801,89.25,4.71333,10.9,1.036731088944306,6.4399999999999999E-2,8.4100000000000008E-2,9.1700000000000004E-2,8.1600000000000006E-2,2.8814248233093063E-2,4.8999999999999998E-3,6.441223832528209E-3,-8.0000000000000002E-3,-8.8999999999999999E-3,9.0805008651667044E-4,-6.0643000000000002E-2,-6.2611E-2
197802,87.04,4.7566699999999997,10.91,1.0755672936991323,6.4500000000000002E-2,8.4700000000000011E-2,9.1999999999999998E-2,8.2199999999999995E-2,3.1168987912374966E-2,4.5999999999999999E-3,6.3999999999999613E-3,4.0000000000000002E-4,5.1000000000000004E-3,6.6989477618759779E-4,-1.626E-2,-2.4937999999999998E-2
197803,89.21,4.8,10.92,1.1114925530791169,6.2899999999999998E-2,8.4700000000000011E-2,9.2200000000000004E-2,8.3099999999999993E-2,2.7569598434235024E-2,5.3E-3,7.9491255961843255E-3,-2.0999999999999999E-3,4.1999999999999997E-3,6.2285682151179043E-4,2.6925000000000001E-2,2.4355999999999999E-2
197804,96.83,4.8366699999999998,11.023300000000001,1.0053504036688481,6.2899999999999998E-2,8.5600000000000009E-2,9.3200000000000005E-2,8.3799999999999999E-2,2.2945988850670566E-2,5.4000000000000003E-3,7.8864353312302349E-3,-5.0000000000000001E-4,-2.3E-3,1.741180958073391E-3,8.8964000000000001E-2,8.7593000000000004E-2
197805,97.24,4.8733300000000002,11.1267,1.0014156386433661,6.4100000000000004E-2,8.6899999999999991E-2,9.4899999999999998E-2,8.5199999999999998E-2,1.6559459121609048E-2,5.1000000000000004E-3,9.3896713615022609E-3,-5.7999999999999996E-3,-1.0800000000000001E-2,1.0850552422716744E-3,1.3719E-2,4.4359999999999998E-3
197806,95.53,4.91,11.23,1.0279015812931191,6.7299999999999999E-2,8.7599999999999997E-2,9.6000000000000002E-2,8.6499999999999994E-2,1.6523464750569761E-2,5.4000000000000003E-3,1.0852713178294726E-2,-6.1999999999999998E-3,2.3E-3,1.0274141007501822E-3,-1.6577999999999999E-2,-1.8953000000000001E-2
197807,100.68,4.9466700000000001,11.343299999999999,0.97626033608962381,7.0099999999999996E-2,8.8800000000000004E-2,9.6000000000000002E-2,8.5800000000000001E-2,1.4671414058264049E-2,5.6000000000000008E-3,7.6687116564417845E-3,1.43E-2,1.01E-2,8.4992964683782942E-4,5.6973999999999997E-2,5.5121000000000003E-2
197808,103.29,4.9833299999999996,11.4567,0.96006021760452531,7.0800000000000002E-2,8.6899999999999991E-2,9.4800000000000009E-2,8.43E-2,1.2002707759076702E-2,5.6000000000000008E-3,4.5662100456620447E-3,2.18E-2,2.5700000000000001E-2,1.0022376926429601E-3,3.3640999999999997E-2,2.5562999999999999E-2
197809,102.54,5.0199999999999996,11.57,0.97225751310896014,7.85E-2,8.6899999999999991E-2,9.4200000000000006E-2,8.5999999999999993E-2,1.2703906088180429E-2,6.1999999999999998E-3,7.575757575757569E-3,-1.06E-2,-4.7999999999999996E-3,9.4797720512394541E-4,-5.1630000000000001E-3,-7.4830000000000001E-3
197810,93.15,5.03667,11.8233,1.0622752224115084,7.9899999999999999E-2,8.8900000000000007E-2,9.5899999999999999E-2,8.8900000000000007E-2,1.4350552361927242E-2,6.8000000000000005E-3,9.0225563909773765E-3,-0.02,-2.0500000000000001E-2,2.1000234124052704E-3,-8.9569999999999997E-2,-9.2269000000000004E-2
197811,94.7,5.0533299999999999,12.076700000000001,1.0535274019748946,8.6400000000000005E-2,9.0299999999999991E-2,9.8299999999999998E-2,8.77E-2,1.4089272170543942E-2,6.9999999999999993E-3,4.4709388971686526E-3,1.89E-2,1.34E-2,3.1808889741074251E-3,2.6771E-2,1.7399999999999999E-2
197812,96.11,5.07,12.33,1.0457012956360789,9.0800000000000006E-2,9.1600000000000001E-2,9.9399999999999988E-2,8.9800000000000005E-2,1.4850552202063072E-2,7.8000000000000005E-3,4.4510385756675319E-3,-1.2999999999999999E-2,-1.3299999999999999E-2,1.6656300128238522E-3,1.6626999999999999E-2,1.4264000000000001E-2
197901,99.93,5.1133300000000004,12.6533,1.0030742832630299,9.35E-2,9.2499999999999999E-2,0.1013,8.8599999999999998E-2,1.4387532480625067E-2,7.7000000000000002E-3,8.8626292466764678E-3,1.9099999999999999E-2,1.84E-2,1.0011132141421596E-3,4.2696999999999999E-2,4.0161000000000002E-2
197902,96.28,5.1566700000000001,12.976699999999999,1.0407754506565119,9.3200000000000005E-2,9.2600000000000002E-2,0.1008,9.0800000000000006E-2,1.2227710150527827E-2,7.3000000000000001E-3,1.171303074670571E-2,-1.35E-2,-1.2800000000000001E-2,8.1408085828721182E-4,-2.8649000000000001E-2,-3.6957999999999998E-2
197903,101.59,5.2,13.3,1.0330789394326012,9.4800000000000009E-2,9.3699999999999992E-2,0.1026,9.0200000000000002E-2,1.1670307720664932E-2,8.1000000000000013E-3,1.013024602026058E-2,1.29E-2,1.06E-2,8.0073316109250607E-4,5.7361000000000002E-2,5.4824999999999999E-2
197904,101.76,5.2466699999999999,13.5267,1.0418762428354194,9.4600000000000004E-2,9.3800000000000008E-2,0.1033,9.2200000000000004E-2,1.1570313837190866E-2,8.0000000000000002E-3,1.1461318051575908E-2,-1.12E-2,-5.1999999999999998E-3,6.4683518806409675E-4,4.1830000000000001E-3,2.2179999999999999E-3
197905,99.08,5.2933300000000001,13.753299999999999,1.0831418043851009,9.6099999999999991E-2,9.5000000000000001E-2,0.1047,9.0300000000000005E-2,1.4183159197573339E-2,8.199999999999999E-3,1.2747875354107707E-2,2.6100000000000002E-2,2.2800000000000001E-2,9.2422704331312328E-4,-1.6818E-2,-2.6303E-2
197906,102.91,5.34,13.98,1.0578636072115728,9.06E-2,9.2899999999999996E-2,0.1038,8.77E-2,1.2068377114714124E-2,8.1000000000000013E-3,1.118881118881121E-2,3.1099999999999999E-2,2.69E-2,5.7148097728556852E-4,4.0323999999999999E-2,3.7791999999999999E-2
197907,103.81,5.3966700000000003,14.1967,1.052314453817254,9.2399999999999996E-2,9.1999999999999998E-2,0.10289999999999999,8.9499999999999996E-2,9.6782475699602605E-3,7.7000000000000002E-3,1.1065006915629283E-2,-8.5000000000000006E-3,-3.0999999999999999E-3,7.0768478619948299E-4,1.2050999999999999E-2,9.7370000000000009E-3
197908,109.32,5.4533300000000002,14.4133,1.00345864831067,9.5199999999999993E-2,9.2300000000000007E-2,0.10349999999999999,9.0700000000000003E-2,1.1569079261450132E-2,7.7000000000000002E-3,9.5759233926129284E-3,-3.5000000000000001E-3,5.9999999999999995E-4,5.0647984606746652E-4,6.1865000000000003E-2,5.3221999999999998E-2
197909,109.32,5.51,14.63,1.0137949873659768,0.1026,9.4399999999999998E-2,0.10539999999999999,9.2700000000000005E-2,9.4039236821817189E-3,8.3000000000000001E-3,1.084010840108407E-2,-1.2200000000000001E-2,-1.7899999999999999E-2,1.2330662797023723E-3,1.4159999999999999E-3,-8.7200000000000005E-4
197910,101.82,5.5566700000000004,14.7067,1.0919455682236117,0.11699999999999999,0.1013,0.114,0.10340000000000001,1.0209544843307839E-2,8.6999999999999994E-3,8.0428954423592547E-3,-8.4099999999999994E-2,-8.8999999999999996E-2,2.5892993527645825E-3,-6.5559999999999993E-2,-6.8516999999999995E-2
197911,106.16,5.6033299999999997,14.783300000000001,1.0831154617863441,0.11789999999999999,0.1076,0.11990000000000001,0.1009,1.0778693766195937E-2,9.8999999999999991E-3,9.3085106382979621E-3,3.1099999999999999E-2,2.2200000000000001E-2,1.5583805673476338E-3,5.2776999999999998E-2,4.3569999999999998E-2
197912,107.94,5.65,14.86,1.0619500679590814,0.12039999999999999,0.1074,0.1206,0.1012,1.0514464695928087E-2,9.4999999999999998E-3,1.0540184453227797E-2,5.7000000000000002E-3,-1.0800000000000001E-2,4.6964217401907789E-4,1.8339999999999999E-2,1.5892E-2
198001,114.16,5.7,15.003299999999999,1.0169549580407604,0.12,0.1109,0.1242,0.1114,1.1297470727138629E-2,8.0000000000000002E-3,1.4341590612777066E-2,-7.4099999999999999E-2,-6.4500000000000002E-2,1.9064054902535228E-3,6.1308000000000001E-2,5.8935000000000001E-2
198002,113.66,5.75,15.146699999999999,1.0319299302546516,0.12859999999999999,0.12380000000000001,0.13570000000000002,0.1186,1.0827185212285057E-2,8.8999999999999999E-3,1.413881748071999E-2,-4.6699999999999998E-2,-6.6500000000000004E-2,1.8976181214909161E-3,2.611E-3,-5.574E-3
198003,102.09,5.8,15.29,1.0937321030862233,0.152,0.12960000000000002,0.14449999999999999,0.1239,1.1877445094657688E-2,1.21E-2,1.5209125475285079E-2,-3.15E-2,-6.1999999999999998E-3,4.6218941759550254E-3,-9.7517999999999994E-2,-0.100096
198004,106.29,5.8466699999999996,15.173299999999999,1.0518199397841039,0.13200000000000001,0.12039999999999999,0.1419,0.1076,1.5346846793911439E-2,1.26E-2,1.1235955056179803E-2,0.15229999999999999,0.1376,2.7455492703903528E-3,4.2394000000000001E-2,3.9877000000000003E-2
198005,111.24,5.8933299999999997,15.056699999999999,1.0100487747546572,8.5800000000000001E-2,0.1099,0.13170000000000001,0.1037,1.5051860179060525E-2,8.1000000000000013E-3,9.8765432098764094E-3,4.19E-2,5.6000000000000001E-2,1.5097166273553737E-3,5.5559999999999998E-2,4.6650999999999998E-2
198006,114.24,5.94,14.94,0.99018342704396722,7.0699999999999999E-2,0.10580000000000001,0.12710000000000002,0.10059999999999999,1.5304387482604825E-2,6.0999999999999995E-3,1.1002444987775029E-2,3.5900000000000001E-2,3.4099999999999998E-2,1.3710848425304825E-3,2.9721999999999998E-2,2.6894999999999999E-2
198007,121.67,5.9833299999999996,14.84,0.91882991917204804,8.0600000000000005E-2,0.11070000000000001,0.1265,0.1074,2.0154037974535063E-2,5.3E-3,0,-4.7600000000000003E-2,-4.2900000000000001E-2,1.362830978984467E-3,6.8199999999999997E-2,6.5629999999999994E-2
198008,122.38,6.0266700000000002,14.74,0.92151963885523103,9.1300000000000006E-2,0.1164,0.13150000000000001,0.114,1.9949843508362625E-2,6.4000000000000003E-3,7.2551390568318386E-3,-4.3200000000000002E-2,-4.4499999999999998E-2,1.708158415822877E-3,1.3454000000000001E-2,6.0299999999999998E-3
198009,125.46,6.07,14.64,0.92168765148752707,0.1027,0.1202,0.13699999999999998,0.11849999999999999,2.3796039467163892E-2,7.4999999999999997E-3,8.4033613445377853E-3,-2.6200000000000001E-2,-2.3699999999999999E-2,2.6574057222541821E-3,2.7935000000000001E-2,2.5155E-2
198010,127.47,6.1,14.7,0.92959361377624417,0.1162,0.1231,0.14230000000000001,0.1231,2.276918608632646E-2,9.4999999999999998E-3,9.52380952380949E-3,-2.63E-2,-1.5900000000000001E-2,2.1906434652973158E-3,1.7808999999999998E-2,1.4742E-2
198011,140.52000000000001,6.13,14.76,0.86516197877866585,0.13730000000000001,0.12970000000000001,0.1464,0.123,2.1949274768822889E-2,9.5999999999999992E-3,8.2547169811320042E-3,0.01,1.6999999999999999E-3,2.4190717546730728E-3,0.10990999999999999,0.103015
198012,135.76,6.16,14.82,0.89150302389028924,0.15490000000000001,0.1321,0.15140000000000001,0.11990000000000001,2.6816375409706932E-2,1.3100000000000001E-2,9.3567251461987855E-3,3.5200000000000002E-2,2.4799999999999999E-2,2.9515288363084363E-3,-3.0634000000000002E-2,-3.3006000000000001E-2
198101,129.55000000000001,6.2,14.74,0.90723869646457711,0.1502,0.12809999999999999,0.15029999999999999,0.1211,2.8695433398612344E-2,1.04E-2,8.1112398609501923E-3,-1.15E-2,-1.2999999999999999E-2,1.5974347758942668E-3,-4.3369999999999999E-2,-4.5036E-2
198102,131.27000000000001,6.24,14.66,0.8818157565310184,0.1479,0.13350000000000001,0.1537,0.1283,3.0009372936888216E-2,1.0700000000000001E-2,1.0344827586207028E-2,-4.3499999999999997E-2,-2.69E-2,1.5309090259574443E-3,2.1267000000000001E-2,1.3492000000000001E-2
198103,136,6.28,14.58,0.92492055744269674,0.1336,0.1333,0.15340000000000001,0.12479999999999999,2.7939297983269145E-2,1.21E-2,6.8259385665527805E-3,3.8399999999999997E-2,3.1099999999999999E-2,2.0759443925259368E-3,3.8285E-2,3.5425999999999999E-2
198104,132.81,6.3166700000000002,14.7233,0.93059383613129543,0.13689999999999999,0.13880000000000001,0.15560000000000002,0.13320000000000001,2.7352011949466033E-2,1.0800000000000001E-2,6.7796610169490457E-3,-5.1799999999999999E-2,-7.6899999999999996E-2,8.320025887164561E-4,-2.0211E-2,-2.1967E-2
198105,132.59,6.3533299999999997,14.8667,0.93622384673556847,0.16300000000000001,0.14319999999999999,0.1595,0.1265,2.8844617856094996E-2,1.15E-2,7.8563411896745983E-3,6.2199999999999998E-2,5.9499999999999997E-2,9.2168802209731664E-4,6.5389999999999997E-3,-1.124E-3
198106,131.21,6.39,15.01,0.95047498157399068,0.14730000000000001,0.13750000000000001,0.158,0.13039999999999999,2.7893436451176683E-2,1.3500000000000002E-2,8.9086859688196629E-3,-1.7899999999999999E-2,2.3E-3,9.9554279687810829E-4,-8.2550000000000002E-3,-1.1180000000000001E-2
198107,130.91999999999999,6.4333299999999998,15.0967,0.97496692357771386,0.14949999999999999,0.14380000000000001,0.16170000000000001,0.13700000000000001,2.5590219394748807E-2,1.24E-2,1.1037527593819041E-2,-3.5299999999999998E-2,-3.7199999999999997E-2,1.1029891171981149E-3,7.1400000000000001E-4,-9.4600000000000001E-4
198108,122.79,6.4766700000000004,15.183299999999999,1.0533540562923298,0.15509999999999999,0.1489,0.16339999999999999,0.14449999999999999,2.6991741461342169E-2,1.2800000000000001E-2,7.6419213973799582E-3,-3.8600000000000002E-2,-3.4500000000000003E-2,1.8249380774940434E-3,-5.5539999999999999E-2,-6.3658999999999993E-2
198109,116.18,6.52,15.27,1.0923786442033929,0.14699999999999999,0.15490000000000001,0.16920000000000002,0.1482,2.1483370084548807E-2,1.24E-2,9.750812567713929E-3,-1.4500000000000001E-2,-1.9900000000000001E-2,2.7611735209557885E-3,-5.0465999999999997E-2,-5.3499999999999999E-2
198110,121.89,6.5566700000000004,15.3,1.0890856841240983,0.13539999999999999,0.154,0.1711,0.1384,1.4897108316009692E-2,1.21E-2,2.1459227467810482E-3,8.2900000000000001E-2,5.21E-2,2.07825162750359E-3,5.2115000000000002E-2,4.8694000000000001E-2
198111,126.35,6.5933299999999999,15.33,1.0444554433170601,0.10859999999999999,0.14219999999999999,0.16390000000000002,0.122,1.5672826091686468E-2,1.0700000000000001E-2,3.2119914346895317E-3,0.14099999999999999,0.12670000000000001,1.5040033080940642E-3,4.3826999999999998E-2,3.5917999999999999E-2
198112,122.55,6.63,15.36,1.0611428571428572,0.1085,0.14230000000000001,0.16550000000000001,0.13339999999999999,1.1909646410673156E-2,8.6999999999999994E-3,3.2017075773744796E-3,-7.1300000000000002E-2,-5.8000000000000003E-2,9.0579754614093799E-4,-2.7059E-2,-2.9745000000000001E-2
198201,120.4,6.66,15.1767,1.0658936976236941,0.12279999999999999,0.15179999999999999,0.17100000000000001,0.14149999999999999,1.0700486678779549E-2,8.0000000000000002E-3,3.1914893617019935E-3,4.5999999999999999E-3,-1.29E-2,2.5219329309988754E-3,-1.5367E-2,-1.6874E-2
198202,113.11,6.69,14.9933,1.12628731546962,0.1348,0.1527,0.17180000000000001,0.14019999999999999,1.0506098291146619E-2,9.1999999999999998E-3,3.1813361611876534E-3,1.8200000000000001E-2,3.1199999999999999E-2,1.9182314667197345E-3,-5.0441E-2,-5.9588000000000002E-2
198203,111.96,6.72,14.81,1.1857505742795678,0.1268,0.14580000000000001,0.16820000000000002,0.13869999999999999,5.548432739553107E-3,9.7999999999999997E-3,-1.0570824524311906E-3,2.3099999999999999E-2,3.0599999999999999E-2,1.7952261174560232E-3,-6.8050000000000003E-3,-1.0463E-2
198204,116.44,6.75,14.5967,1.1499834975717855,0.127,0.14460000000000001,0.1678,0.1348,2.9236857616820274E-3,1.1299999999999999E-2,4.2328042328043658E-3,3.73E-2,3.3799999999999997E-2,1.2468205217251594E-3,4.1549999999999997E-2,4.0063000000000001E-2
198205,111.88,6.78,14.3833,1.1904238963320888,0.12089999999999999,0.1426,0.16639999999999999,0.1358,-9.5818437279941639E-4,1.06E-2,9.4836670179134774E-3,3.3999999999999998E-3,2.4500000000000001E-2,8.5481558307743896E-4,-2.9505E-2,-3.9834000000000001E-2
198206,109.61,6.81,14.17,1.2015814171172392,0.12470000000000001,0.14810000000000001,0.16920000000000002,0.14119999999999999,1.2130304221071924E-3,9.5999999999999992E-3,1.2526096033403045E-2,-2.23E-2,-4.6800000000000001E-2,1.490292574498379E-3,-1.5779000000000001E-2,-1.8933999999999999E-2
198207,107.09,6.8233300000000003,13.966699999999999,1.2065298046005442,0.11349999999999999,0.14610000000000001,0.16800000000000001,0.13519999999999999,-1.1551891499121357E-2,1.0500000000000001E-2,5.1546391752577136E-3,5.0099999999999999E-2,5.3999999999999999E-2,9.5858311094840264E-4,-2.0199000000000002E-2,-2.2058000000000001E-2
198208,119.51,6.8366699999999998,13.763299999999999,1.0824244710476973,8.6800000000000002E-2,0.1371,0.16320000000000001,0.12540000000000001,-2.8576304327824062E-3,7.6E-3,2.0512820512821328E-3,7.8100000000000003E-2,8.3699999999999997E-2,6.415933083300354E-3,0.12740199999999999,0.116647
198209,120.42,6.85,13.56,1.0885355648535564,7.9199999999999993E-2,0.12939999999999999,0.15629999999999999,0.1183,5.5070867289963858E-4,5.1000000000000004E-3,2.0470829068577334E-3,6.1800000000000001E-2,6.2300000000000001E-2,2.1312943337496964E-3,1.0496E-2,7.7169999999999999E-3
198210,133.71,6.8566700000000003,13.253299999999999,0.98374541201145482,7.7100000000000002E-2,0.12119999999999999,0.14730000000000001,0.11119999999999999,6.5578321168589145E-3,5.8999999999999999E-3,3.0643513789581078E-3,6.3399999999999998E-2,7.5899999999999995E-2,6.1259079324881352E-3,0.11386300000000001,0.111235
198211,138.54,6.8633300000000004,12.9467,0.93872681086906329,8.0700000000000008E-2,0.1168,0.14300000000000002,0.1125,9.5815515002668154E-4,6.3E-3,-2.0366598778004397E-3,-2.0000000000000001E-4,2.01E-2,5.4916495382052984E-3,4.5754000000000003E-2,3.7553999999999997E-2
198212,140.63999999999999,6.87,12.64,0.93221472662296712,7.9399999999999998E-2,0.1183,0.1414,0.1095,2.9900534928850647E-3,6.7000000000000002E-3,-4.0816326530612734E-3,3.1199999999999999E-2,1.0800000000000001E-2,2.4902382986414116E-3,1.6834999999999999E-2,1.4676E-2
198301,145.30000000000001,6.8833299999999999,12.566700000000001,0.90694431532955289,7.8600000000000003E-2,0.11789999999999999,0.1394,0.1113,2.1947601089524755E-3,6.8999999999999999E-3,2.049180327868827E-3,-3.09E-2,-9.4000000000000004E-3,3.2808573587490499E-3,3.5292999999999998E-2,3.3316999999999999E-2
198302,148.06,6.8966700000000003,12.4933,0.87684923873379961,8.1099999999999992E-2,0.1201,0.13949999999999999,0.106,3.5588129805165508E-4,6.1999999999999998E-3,1.0224948875257045E-3,4.9200000000000001E-2,4.2799999999999998E-2,1.9116417429900839E-3,2.5732999999999999E-2,1.8539E-2
198303,152.96,6.91,12.42,0.78006778581099623,8.3499999999999991E-2,0.1173,0.1361,0.10829999999999999,5.9935423973150959E-3,6.3E-3,0,-9.4000000000000004E-3,7.1999999999999998E-3,1.5718209510334202E-3,3.5470000000000002E-2,3.2459000000000002E-2
198304,164.42,6.92,12.476699999999999,0.71888762029032782,8.2100000000000006E-2,0.11509999999999999,0.13289999999999999,0.1051,6.6268442966274941E-3,7.0999999999999995E-3,7.1501532175688443E-3,3.5000000000000003E-2,5.4800000000000001E-2,1.4237504806373855E-3,7.5718999999999995E-2,7.4654999999999999E-2
198305,162.38999999999999,6.93,12.533300000000001,0.73459557659294317,8.1900000000000001E-2,0.11460000000000001,0.13089999999999999,0.11119999999999999,1.0428912553499925E-2,6.8999999999999999E-3,6.0851926977687487E-3,-3.8600000000000002E-2,-3.2399999999999998E-2,1.0846140337725338E-3,-5.6870000000000002E-3,-1.21E-2
198306,168.11,6.94,12.59,0.72138204196536715,8.7899999999999992E-2,0.1174,0.13369999999999999,0.1119,1.5826551008634442E-2,6.7000000000000002E-3,3.0241935483870108E-3,3.8999999999999998E-3,-4.5999999999999999E-3,1.3991485619085978E-3,3.6970000000000003E-2,3.3718999999999999E-2
198307,162.56,6.96,12.826700000000001,0.7350611230633245,9.0800000000000006E-2,0.1215,0.13390000000000002,0.1198,2.5380208639854022E-2,7.4000000000000003E-3,4.020100502512669E-3,-4.8599999999999997E-2,-4.5499999999999999E-2,2.2928245866816188E-3,-3.1237999999999998E-2,-3.2321000000000003E-2
198308,164.4,6.98,13.0633,0.72482239179055385,9.3399999999999997E-2,0.12509999999999999,0.13639999999999999,0.121,1.9474630710517766E-2,7.6E-3,3.0030030030030463E-3,2E-3,5.1000000000000004E-3,1.36904533629939E-3,1.5864E-2,9.4839999999999994E-3
198309,166.07,7,13.3,0.71484758297989659,0.09,0.12369999999999999,0.13550000000000001,0.1157,2.3178392906854188E-2,7.6E-3,4.9900199600798611E-3,5.0500000000000003E-2,3.9199999999999999E-2,1.0572930552615913E-3,1.4104999999999999E-2,1.0838E-2
198310,163.55000000000001,7.03,13.5433,0.71947437153117855,8.6400000000000005E-2,0.1225,0.1346,0.1188,2.4744376049793217E-2,7.6E-3,2.9791459781529639E-3,-1.32E-2,-2.5000000000000001E-3,1.1153554700984044E-3,-1.3108E-2,-1.4695E-2
198311,166.4,7.06,13.7867,0.69081989310512371,8.7599999999999997E-2,0.1241,0.1361,0.1176,2.6636827120478036E-2,6.9999999999999993E-3,1.980198019801982E-3,1.83E-2,1.4200000000000001E-2,8.3630311213823971E-4,2.3845999999999999E-2,1.7363E-2
198312,164.93,7.09,14.03,0.70035911777791893,0.09,0.12570000000000001,0.13750000000000001,0.1197,2.7056896971736046E-2,7.3000000000000001E-3,9.8814229249000185E-4,-5.8999999999999999E-3,-3.3E-3,5.2811439443478604E-4,-5.7489999999999998E-3,-8.6990000000000001E-3
198401,163.41,7.12,14.44,0.72219764374313855,8.900000000000001E-2,0.122,0.13650000000000001,0.11799999999999999,3.0736005334602572E-2,7.6E-3,5.9230009871669154E-3,2.4400000000000002E-2,2.7E-2,7.9460614138287459E-4,-3.898E-3,-5.6569999999999997E-3
198402,157.06,7.15,14.85,0.76344803097096037,9.0899999999999995E-2,0.1208,0.13589999999999999,0.1217,2.6701748266204195E-2,7.0999999999999995E-3,4.9067713444552741E-3,-1.78E-2,-1.72E-2,2.0194764655988057E-3,-3.4034000000000002E-2,-3.9504999999999998E-2
198403,159.18,7.18,15.26,0.76247542686433911,9.5199999999999993E-2,0.12570000000000001,0.1399,0.12529999999999999,2.4104936336098354E-2,7.3000000000000001E-3,1.953124999999778E-3,-1.5599999999999999E-2,-2.35E-2,1.3545875422403503E-3,1.7295000000000001E-2,1.3714E-2
198404,160.05000000000001,7.2233299999999998,15.5733,0.75865897928678205,9.69E-2,0.12809999999999999,0.1431,0.12839999999999999,2.2681954522753685E-2,8.1000000000000013E-3,4.873294346978474E-3,-1.0500000000000001E-2,-7.3000000000000001E-3,1.0355281559590913E-3,6.7809999999999997E-3,5.2290000000000001E-3
198405,150.55000000000001,7.2666700000000004,15.886699999999999,0.80391003303615882,9.8299999999999998E-2,0.1328,0.1474,0.1381,2.1514128388409021E-2,7.8000000000000005E-3,2.9097963142581396E-3,-5.16E-2,-4.8300000000000003E-2,9.3305025813985264E-4,-5.3130999999999998E-2,-5.9544E-2
198406,153.18,7.31,16.2,0.78435181914517837,9.8699999999999996E-2,0.13550000000000001,0.15049999999999999,0.13739999999999999,1.304065107004475E-3,7.4999999999999997E-3,2.9013539651836506E-3,1.4999999999999999E-2,1.9900000000000001E-2,1.6757626844657043E-3,2.2936999999999999E-2,1.8709E-2
198407,150.66,7.3333300000000001,16.32,0.79639193745068504,0.1012,0.13439999999999999,0.1515,0.1293,-1.8621419010334589E-3,8.199999999999999E-3,3.8572806171648377E-3,6.93E-2,5.8599999999999999E-2,8.6565758129996512E-4,-1.3764999999999999E-2,-1.5640999999999999E-2
198408,166.68,7.3566700000000003,16.440000000000001,0.7254283800780803,0.1047,0.12869999999999998,0.14630000000000001,0.127,-3.1008334912030005E-3,8.3000000000000001E-3,3.842459173871271E-3,2.6599999999999999E-2,3.0700000000000002E-2,3.1268327756500372E-3,0.112438,0.105753
198409,166.1,7.38,16.559999999999999,0.73605091529862188,0.10369999999999999,0.12659999999999999,0.14349999999999999,0.1235,-9.4925468664041751E-3,8.6E-3,4.7846889952152249E-3,3.4200000000000001E-2,3.1399999999999997E-2,9.4322665330438989E-4,-6.3999999999999997E-5,-3.2919999999999998E-3
198410,166.09,7.43,16.5867,0.73564246550381818,9.74E-2,0.1263,0.1394,0.1173,-1.352848039530042E-2,0.01,2.8571428571428914E-3,5.6099999999999997E-2,5.7200000000000001E-2,1.2918483265148576E-3,3.3310000000000002E-3,2.1599999999999999E-4
198411,163.58000000000001,7.48,16.613299999999999,0.74705199589550353,8.6099999999999996E-2,0.1229,0.1348,0.1169,-2.1877206503989853E-2,7.3000000000000001E-3,0,1.18E-2,2.12E-2,1.020289487323581E-3,-9.8410000000000008E-3,-1.495E-2
198412,167.24,7.53,16.64,0.73309837648670739,8.0600000000000005E-2,0.12130000000000001,0.13400000000000001,0.11700000000000001,-2.7196786594198941E-2,6.4000000000000003E-3,0,9.1000000000000004E-3,1.2800000000000001E-2,1.190105415635095E-3,2.5555999999999999E-2,2.1843000000000001E-2
198501,179.63,7.5733300000000003,16.556699999999999,0.69025544580616582,7.7600000000000002E-2,0.1208,0.1326,0.11269999999999999,-2.9905005179054991E-2,6.5000000000000006E-3,1.8993352326686086E-3,3.6400000000000002E-2,3.2500000000000001E-2,1.6358206503329523E-3,7.6868000000000006E-2,7.4736999999999998E-2
198502,181.19,7.6166700000000001,16.473299999999998,0.69173916090996179,8.2699999999999996E-2,0.12130000000000001,0.1323,0.12089999999999999,-2.4518917454503901E-2,5.7999999999999996E-3,4.7393364928909332E-3,-4.9299999999999997E-2,-3.73E-2,7.4529633524407642E-4,1.4166E-2,8.8859999999999998E-3
198503,180.66,7.66,16.39,0.72364577906187344,8.5199999999999998E-2,0.12560000000000002,0.13689999999999999,0.1181,-2.4815769328601071E-2,6.1999999999999998E-3,3.7735849056603765E-3,3.0700000000000002E-2,1.7899999999999999E-2,8.0228553021887566E-4,-6.3599999999999996E-4,-3.98E-3
198504,179.83,7.6866700000000003,16.13,0.72866159006724651,7.9500000000000001E-2,0.12230000000000001,0.1351,0.1162,-2.2411793008319962E-2,7.1999999999999998E-3,4.6992481203007586E-3,2.4199999999999999E-2,2.9600000000000001E-2,4.5988018255247045E-4,-3.7039999999999998E-3,-5.4130000000000003E-3
198505,189.55,7.71333,15.87,0.69689298393656729,7.4800000000000005E-2,0.11720000000000001,0.13150000000000001,0.1062,-2.5480930551009601E-2,6.6E-3,3.7418147801682178E-3,8.9599999999999999E-2,8.2000000000000003E-2,8.3386030876213746E-4,6.2740000000000004E-2,5.6847000000000002E-2
198506,191.85,7.74,15.61,0.68643014392044688,6.9500000000000006E-2,0.1094,0.124,0.1055,-2.6607513896564162E-2,5.5000000000000005E-3,2.7958993476233651E-3,1.4200000000000001E-2,8.3000000000000001E-3,7.4152026474529802E-4,1.6064999999999999E-2,1.2925000000000001E-2
198507,190.92,7.7733299999999996,15.4833,0.68032208987346465,7.0800000000000002E-2,0.10970000000000001,0.12429999999999999,0.1091,-2.4638662966040597E-2,6.1999999999999998E-3,1.8587360594795044E-3,-1.7999999999999999E-2,-1.21E-2,7.1862985257242003E-4,-3.3210000000000002E-3,-5.2350000000000001E-3
198508,188.63,7.8066700000000004,15.3567,0.68717625804904015,7.1399999999999991E-2,0.1105,0.125,0.10680000000000001,-2.4227473173315993E-2,5.5000000000000005E-3,1.8552875695732052E-3,2.5899999999999999E-2,2.5999999999999999E-2,6.2969532805578804E-4,-6.4729999999999996E-3,-1.1871E-2
198509,182.08,7.84,15.23,0.68995882977202083,7.0999999999999994E-2,0.11070000000000001,0.12480000000000001,0.1082,-3.1294354176146233E-2,6.0000000000000001E-3,2.7777777777777679E-3,-2.0999999999999999E-3,7.1000000000000004E-3,8.6584307188714189E-4,-3.3248E-2,-3.6197E-2
198510,189.82,7.86,15.023300000000001,0.6670256346821315,7.1599999999999997E-2,0.11019999999999999,0.12359999999999999,0.1051,-2.7069342186450126E-2,6.5000000000000006E-3,3.6934441366573978E-3,3.3799999999999997E-2,3.2899999999999999E-2,9.1176397725023907E-4,4.5079000000000001E-2,4.2653000000000003E-2
198511,202.17,7.88,14.816700000000001,0.62270315800914322,7.2400000000000006E-2,0.10550000000000001,0.11990000000000001,0.1011,-2.7715873026725353E-2,6.0999999999999995E-3,2.7598896044158661E-3,4.0099999999999997E-2,3.6999999999999998E-2,9.4306841350851468E-4,7.1887000000000006E-2,6.6629999999999995E-2
198512,211.28,7.9,14.61,0.59269268816231002,7.0999999999999994E-2,0.1016,0.1158,9.5600000000000004E-2,-1.9465081542443776E-2,6.5000000000000006E-3,2.7522935779815683E-3,5.4100000000000002E-2,4.6899999999999997E-2,1.2300755362928404E-3,4.8155999999999997E-2,4.5156000000000002E-2
198601,211.78,7.94,14.58,0.58351739985614171,7.0699999999999999E-2,0.10050000000000001,0.1144,9.5799999999999996E-2,-1.9171777375255692E-2,5.6000000000000008E-3,2.7447392497712553E-3,-2.5000000000000001E-3,4.4999999999999997E-3,1.9201583950002386E-3,4.7060000000000001E-3,2.9619999999999998E-3
198602,226.92,7.98,14.55,0.53637672170666917,7.0599999999999996E-2,9.6699999999999994E-2,0.11109999999999999,8.4099999999999994E-2,-1.7914256914897474E-2,5.3E-3,-2.7372262773722733E-3,0.1145,7.5200000000000003E-2,1.0892901972809844E-3,7.6524999999999996E-2,7.1555999999999995E-2
198603,238.9,8.02,14.52,0.51962762769367821,6.5599999999999992E-2,0.09,0.105,7.6600000000000001E-2,-1.6419622098147322E-2,6.0000000000000001E-3,-4.5745654162854255E-3,7.6999999999999999E-2,2.5600000000000001E-2,1.3737344092916417E-3,5.5832E-2,5.3319999999999999E-2
198604,235.52,8.0466700000000007,14.583299999999999,0.52971445868227218,6.0599999999999994E-2,8.7899999999999992E-2,0.10189999999999999,7.8200000000000006E-2,-2.4584783278203574E-2,5.1999999999999998E-3,-1.8382352941176405E-3,-8.0000000000000002E-3,1.6000000000000001E-3,2.4589457125716715E-3,-1.3348E-2,-1.5054E-2
198605,247.35,8.0733300000000003,14.646699999999999,0.50354077081701487,6.1500000000000006E-2,9.0899999999999995E-2,0.10289999999999999,8.48E-2,-2.1871955267722561E-2,4.8999999999999998E-3,2.7624309392266788E-3,-5.0500000000000003E-2,-1.6400000000000001E-2,1.3699310686381199E-3,5.5326E-2,5.0804000000000002E-2
198606,250.84,8.1,14.71,0.49928145737351537,6.2100000000000002E-2,9.1300000000000006E-2,0.10339999999999999,7.9000000000000001E-2,-1.2293237337018034E-2,5.1999999999999998E-3,5.5096418732782926E-3,6.13E-2,2.18E-2,1.5965185338466675E-3,1.5744000000000001E-2,1.3310000000000001E-2
198607,236.12,8.1433300000000006,14.7567,0.53230140088209943,5.8299999999999998E-2,8.8800000000000004E-2,0.1016,8.09E-2,-1.1286033278164746E-2,5.1999999999999998E-3,0,-1.0800000000000001E-2,3.0999999999999999E-3,2.4158243147247263E-3,-5.7541000000000002E-2,-5.9378E-2
198608,252.93,8.1866699999999994,14.8033,0.49780334397420906,5.5300000000000002E-2,8.72E-2,0.1018,7.6300000000000007E-2,-9.6769523050228706E-3,4.5999999999999999E-3,1.8264840182649067E-3,4.99E-2,2.75E-2,1.2605845884667297E-3,7.4416999999999997E-2,7.0075999999999999E-2
198609,231.32,8.23,14.85,0.53462926713359515,5.21E-2,8.8900000000000007E-2,0.10199999999999999,8.2699999999999996E-2,-5.1386604150598023E-3,4.5000000000000005E-3,4.5578851412944044E-3,-0.05,-1.14E-2,4.2073830013975655E-3,-8.3242999999999998E-2,-8.5664000000000004E-2
198610,243.98,8.2466699999999999,14.726699999999999,0.5032458022909666,5.1799999999999999E-2,8.8599999999999998E-2,0.1024,8.0299999999999996E-2,-8.0245039101474458E-3,4.5999999999999999E-3,9.0744101633388752E-4,2.8899999999999999E-2,1.89E-2,9.9059382946196125E-4,5.6537999999999998E-2,5.3813E-2
198611,249.22,8.2633299999999998,14.603300000000001,0.49367108445693569,5.3499999999999999E-2,8.6800000000000002E-2,0.1007,7.7899999999999997E-2,-2.124438277073894E-3,3.9000000000000003E-3,9.066183136900996E-4,2.6700000000000002E-2,2.3300000000000001E-2,1.730856541817946E-3,2.4875999999999999E-2,1.9716999999999998E-2
198612,242.17,8.2799999999999994,14.48,0.49843086579287427,5.5300000000000002E-2,8.4900000000000003E-2,9.9700000000000011E-2,7.8899999999999998E-2,-1.1375999294814478E-2,4.8999999999999998E-3,9.0579710144922387E-4,-1.8E-3,1.17E-2,1.2623422855547576E-3,-2.7512999999999999E-2,-3.0173999999999999E-2
198701,274.08,8.3000000000000007,14.6867,0.43789735130025392,5.4299999999999994E-2,8.3599999999999994E-2,9.7200000000000009E-2,7.7799999999999994E-2,-5.8406587369504159E-3,4.1999999999999997E-3,6.3348416289592535E-3,1.61E-2,2.1600000000000001E-2,2.4782274345241219E-3,0.135183,0.13372400000000001
198702,284.2,8.32,14.8933,0.42491198251790707,5.5899999999999998E-2,8.3800000000000013E-2,9.6500000000000002E-2,7.6300000000000007E-2,-4.5059360735821181E-3,4.3E-3,3.597122302158251E-3,2.0199999999999999E-2,5.7999999999999996E-3,1.412246607780315E-3,4.1778000000000003E-2,3.7844999999999997E-2
198703,291.7,8.34,15.1,0.42804021365129363,5.5899999999999998E-2,8.3599999999999994E-2,9.6099999999999991E-2,7.9500000000000001E-2,-2.2174301930176486E-3,4.6999999999999993E-3,4.4802867383513245E-3,-2.23E-2,-8.6999999999999994E-3,1.9710952636649215E-3,2.6335999999999998E-2,2.3831999999999999E-2
198704,288.36,8.4,14.8733,0.43147185919977604,5.6399999999999999E-2,8.8499999999999995E-2,0.10039999999999999,8.5900000000000004E-2,4.4930045259920547E-3,4.4000000000000003E-3,5.3523639607493401E-3,-4.7300000000000002E-2,-5.0200000000000002E-2,4.1939062575546337E-3,-9.0449999999999992E-3,-1.1093E-2
198705,290.10000000000002,8.4600000000000009,14.646699999999999,0.43049088616101622,5.6600000000000004E-2,9.3299999999999994E-2,0.1051,8.7999999999999995E-2,6.9409582255719237E-3,3.8E-3,3.549245785270605E-3,-1.0500000000000001E-2,-5.1999999999999998E-3,2.4892339107077223E-3,9.1280000000000007E-3,5.1989999999999996E-3
198706,304,8.52,14.42,0.40789239744803657,5.67E-2,9.3200000000000005E-2,0.1052,8.77E-2,5.2024615505594993E-3,4.7999999999999996E-3,3.5366931918656697E-3,9.7999999999999997E-3,1.55E-2,1.0704212049148251E-3,5.0139999999999997E-2,4.7654000000000002E-2
198707,318.66000000000003,8.5666700000000002,14.9,0.38354321616441228,5.6900000000000006E-2,9.4200000000000006E-2,0.1061,9.0700000000000003E-2,1.8821968560910137E-3,4.5999999999999999E-3,2.6431718061674658E-3,-1.78E-2,-1.1900000000000001E-2,8.1815998313496336E-4,4.9842999999999998E-2,4.7883000000000002E-2
198708,329.8,8.6133299999999995,15.38,0.37045382001164123,6.0400000000000002E-2,9.6699999999999994E-2,0.10800000000000001,9.3600000000000003E-2,1.9974361220123499E-3,4.6999999999999993E-3,5.2724077328647478E-3,-1.6500000000000001E-2,-7.4999999999999997E-3,1.7761286189096474E-3,3.9107999999999997E-2,3.5441E-2
198709,321.83,8.66,15.86,0.37996672161708289,6.4000000000000001E-2,0.1018,0.11310000000000001,9.9199999999999997E-2,6.3503319180804509E-3,4.5000000000000005E-3,5.2447552447552059E-3,-3.6900000000000002E-2,-4.2200000000000001E-2,2.5348306494626599E-3,-2.1940000000000001E-2,-2.4079E-2
198710,251.79,8.7100000000000009,16.406700000000001,0.49485084247540795,6.13E-2,0.1052,0.1162,9.2600000000000002E-2,1.0477740051333178E-2,6.0000000000000001E-3,2.6086956521738092E-3,6.2300000000000001E-2,5.0700000000000002E-2,7.0945137916561138E-2,-0.21579499999999999,-0.217944
198711,230.3,8.76,16.953299999999999,0.53802732404352216,5.6900000000000006E-2,0.10009999999999999,0.11230000000000001,9.3100000000000002E-2,9.8984399160784112E-3,3.4999999999999996E-3,8.6730268863832727E-4,3.7000000000000002E-3,1.2500000000000001E-2,6.7854547001125944E-3,-8.1874000000000002E-2,-8.6541000000000007E-2
198712,247.08,8.81,17.5,0.50881201549388033,5.7699999999999994E-2,0.1011,0.11289999999999999,9.1999999999999998E-2,1.3274756032356309E-2,3.9000000000000003E-3,0,1.6500000000000001E-2,2.12E-2,6.8521878816204373E-3,7.3922000000000002E-2,7.1025000000000005E-2
198801,257.07,8.8566699999999994,17.863299999999999,0.50377383542196486,5.8099999999999999E-2,9.8800000000000013E-2,0.11070000000000001,8.5199999999999998E-2,8.4227445427256711E-3,2.8999999999999998E-3,2.5996533795493715E-3,6.6600000000000006E-2,5.1700000000000003E-2,9.1575079621744899E-3,4.2712E-2,4.1085999999999998E-2
198802,267.82,8.9033300000000004,18.226700000000001,0.47619737210492274,5.6600000000000004E-2,9.4E-2,0.10619999999999999,8.5400000000000004E-2,8.7922635580159406E-3,4.5999999999999999E-3,2.5929127052721768E-3,5.1999999999999998E-3,1.38E-2,1.9673462627366051E-3,4.7445000000000001E-2,4.0573999999999999E-2
198803,258.89,8.9499999999999993,18.59,0.5075299538243313,5.7000000000000002E-2,9.3900000000000011E-2,0.1057,9.01E-2,6.0800301525137691E-3,4.4000000000000003E-3,4.3103448275862988E-3,-3.0700000000000002E-2,-1.8800000000000001E-2,1.6591988172579032E-3,-3.0846999999999999E-2,-3.3368000000000002E-2
198804,261.33,9.043333333333333,19.616666666666667,0.49647448987123155,5.91E-2,9.6699999999999994E-2,0.109,9.2899999999999996E-2,5.063671944548191E-3,4.5999999999999999E-3,5.1502145922746045E-3,-1.6E-2,-1.49E-2,3.4595610700594972E-3,1.0515999999999999E-2,8.7729999999999995E-3
198805,262.16000000000003,9.1366666666666667,20.643333333333334,0.496770254834771,6.2600000000000003E-2,9.9000000000000005E-2,0.1104,9.5200000000000007E-2,1.34730544502779E-3,5.1000000000000004E-3,3.4158838599487318E-3,-1.0200000000000001E-2,-5.7000000000000002E-3,2.5557731666023976E-3,8.012E-3,2.882E-3
198806,273.5,9.23,21.67,0.47111887230297284,6.4600000000000005E-2,9.8599999999999993E-2,0.11,9.1700000000000004E-2,-5.3979213925732707E-3,4.8999999999999998E-3,4.2553191489360653E-3,3.6799999999999999E-2,3.7900000000000003E-2,2.361307703222956E-3,4.7676000000000003E-2,4.5067999999999997E-2
198807,272.02,9.3066666666666666,22.023333333333333,0.47399153485881251,6.7299999999999999E-2,9.9600000000000008E-2,0.11109999999999999,9.4700000000000006E-2,-2.8231284320664593E-3,5.1000000000000004E-3,4.237288135593209E-3,-1.7000000000000001E-2,-1.11E-2,1.9106187218270708E-3,-4.4580000000000002E-3,-7.3930000000000003E-3
198808,261.52,9.3833333333333346,22.376666666666669,0.49664066153126768,7.0599999999999996E-2,0.1011,0.11210000000000001,9.5000000000000001E-2,-6.2397521651959432E-3,5.8999999999999999E-3,4.2194092827003704E-3,5.7999999999999996E-3,5.4000000000000003E-3,1.3903193354966436E-3,-3.2488000000000003E-2,-3.7289999999999997E-2
198809,271.91000000000003,9.4600000000000009,22.73,0.47754045368709508,7.2400000000000006E-2,9.820000000000001E-2,0.109,9.1700000000000004E-2,-1.0001513671246891E-2,6.1999999999999998E-3,6.7226890756302282E-3,3.4500000000000003E-2,3.2599999999999997E-2,1.192739773525908E-3,4.2738999999999999E-2,4.0085999999999997E-2
198810,278.97000000000003,9.5566666666666684,23.07,0.46959718893258556,7.3499999999999996E-2,9.5100000000000004E-2,0.1041,8.8900000000000007E-2,-1.0462472462860913E-2,6.0999999999999995E-3,3.3388981636059967E-3,3.0800000000000001E-2,2.7300000000000001E-2,1.6315423520285408E-3,2.6891000000000002E-2,2.3328000000000002E-2
198811,273.7,9.6533333333333342,23.41,0.47717911005386587,7.7600000000000002E-2,9.4499999999999987E-2,0.1048,9.2299999999999993E-2,-7.7649555539290576E-3,5.6999999999999993E-3,8.3194675540765317E-4,-1.9599999999999999E-2,-1.6899999999999998E-2,1.3479966588778067E-3,-1.4355E-2,-1.9769999999999999E-2
198812,277.72000000000003,9.75,23.75,0.46528357396809877,8.0700000000000008E-2,9.5700000000000007E-2,0.1065,9.1800000000000007E-2,-2.1405747452521801E-2,6.3E-3,1.6625103906899863E-3,1.0999999999999999E-2,3.8999999999999998E-3,6.2811088400270565E-4,1.8553E-2,1.5184E-2
198901,297.47000000000003,9.8369999999999997,24.153333333333336,0.4307694934936302,8.2699999999999996E-2,9.6199999999999994E-2,0.1065,9.0300000000000005E-2,-2.2360510587587847E-2,5.5000000000000005E-3,4.9792531120331773E-3,2.0299999999999999E-2,2.0199999999999999E-2,9.6457294421402372E-4,7.2303000000000006E-2,6.9633E-2
198902,288.86,9.9239999999999995,24.556666666666668,0.44677845721952369,8.5299999999999987E-2,9.64E-2,0.1061,9.35E-2,-2.4823372030971749E-2,6.0999999999999995E-3,4.1288191577208977E-3,-1.7899999999999999E-2,-1.29E-2,1.1760790014062996E-3,-2.5031000000000001E-2,-2.9187000000000001E-2
198903,294.87,10.010999999999999,24.96,0.46869141357330335,8.8200000000000001E-2,9.8000000000000004E-2,0.1067,9.2899999999999996E-2,-2.310213385133817E-2,6.7000000000000002E-3,5.7565789473683626E-3,1.2200000000000001E-2,6.4000000000000003E-3,1.2864519343967816E-3,2.3037999999999999E-2,2.044E-2
198904,309.64,10.129999999999999,25.046666666666667,0.44443525715230692,8.6500000000000007E-2,9.7899999999999987E-2,0.1061,9.1800000000000007E-2,-2.2801966585478516E-2,6.7000000000000002E-3,6.5412919051512919E-3,1.5900000000000001E-2,2.1299999999999999E-2,9.5558369570823785E-4,5.1707000000000003E-2,4.9898999999999999E-2
198905,320.52,10.248999999999999,25.133333333333336,0.43344152571417049,8.43E-2,9.5700000000000007E-2,0.10460000000000001,8.7800000000000003E-2,-2.771405664391248E-2,7.9000000000000008E-3,5.6864337936637366E-3,4.0099999999999997E-2,3.7900000000000003E-2,1.0730555571050598E-3,4.1022000000000003E-2,3.5451000000000003E-2
198906,317.98,10.367999999999999,25.220000000000002,0.44056293697695958,8.1500000000000003E-2,9.0999999999999998E-2,0.1003,8.2100000000000006E-2,-2.3948070518178346E-2,7.0999999999999995E-3,2.4232633279481774E-3,5.5E-2,3.95E-2,1.4295303026152341E-3,-5.6109999999999997E-3,-7.9399999999999991E-3
198907,346.08,10.489999999999998,24.71,0.40403508903805824,7.8799999999999995E-2,8.929999999999999E-2,9.8699999999999996E-2,8.0100000000000005E-2,-2.8536215040142303E-2,6.9999999999999993E-3,2.4174053182917099E-3,2.3800000000000002E-2,1.78E-2,1.0188256817299556E-3,9.0052999999999994E-2,8.8193999999999995E-2
198908,351.45,10.611999999999998,24.2,0.39272706017309217,7.9000000000000001E-2,8.9600000000000013E-2,9.8800000000000013E-2,8.4099999999999994E-2,-2.4822149171636464E-2,7.4000000000000003E-3,1.607717041800516E-3,-2.5899999999999999E-2,-1.6299999999999999E-2,1.3804507318026468E-3,1.9852999999999999E-2,1.5516E-2
198909,349.15,10.733999999999998,23.689999999999998,0.39920975037321466,7.7499999999999999E-2,9.01E-2,9.9100000000000008E-2,8.4699999999999998E-2,-2.5747098594966305E-2,6.5000000000000006E-3,3.2102728731941976E-3,1.9E-3,4.0000000000000001E-3,5.5019169491750614E-4,-4.0039999999999997E-3,-6.6160000000000004E-3
198910,340.36,10.840999999999999,23.416666666666664,0.40641492884903291,7.6399999999999996E-2,8.9200000000000002E-2,9.8100000000000007E-2,8.1000000000000003E-2,-2.4350638373147025E-2,6.8000000000000005E-3,4.7999999999999154E-3,3.7900000000000003E-2,2.76E-2,5.635910821181582E-3,-2.3639E-2,-2.5668E-2
198911,345.99,10.948,23.143333333333334,0.3972257017961992,7.690000000000001E-2,8.8900000000000007E-2,9.8100000000000007E-2,8.0799999999999997E-2,-2.7032772460238826E-2,6.8999999999999999E-3,2.3885350318473275E-3,7.7999999999999996E-3,7.0000000000000001E-3,8.4480877968685605E-4,2.0479000000000001E-2,1.6641E-2
198912,353.4,11.055,22.87,0.39045474357111726,7.6299999999999993E-2,8.8599999999999998E-2,9.820000000000001E-2,8.1600000000000006E-2,-1.2333536522407434E-2,6.0999999999999995E-3,1.5885623510722979E-3,-5.9999999999999995E-4,5.9999999999999995E-4,9.2342284436657701E-4,2.2657E-2,1.9987999999999999E-2
199001,329.08,11.142666666666667,22.47,0.4149713959251739,7.6399999999999996E-2,8.9900000000000008E-2,9.9399999999999988E-2,8.6499999999999994E-2,-1.3896789618885916E-2,5.6999999999999993E-3,1.0309278350515649E-2,-3.4299999999999997E-2,-1.9099999999999999E-2,2.8920476642427264E-3,-6.7660999999999999E-2,-6.9406999999999996E-2
199002,331.89,11.230333333333332,22.07,0.40917308973261013,7.7399999999999997E-2,9.2200000000000004E-2,0.1014,8.7599999999999997E-2,-1.1729202811747903E-2,5.6999999999999993E-3,4.7095761381474865E-3,-2.5000000000000001E-3,-1.1999999999999999E-3,1.0085782506886025E-3,1.3381000000000001E-2,8.9859999999999992E-3
199003,339.94,11.318,21.669999999999998,0.4713339563609768,7.9000000000000001E-2,9.3699999999999992E-2,0.10210000000000001,8.8900000000000007E-2,-1.0291440203686946E-2,6.4000000000000003E-3,5.4687499999999112E-3,-4.4000000000000003E-3,-1.1000000000000001E-3,1.03224470002074E-3,2.6588000000000001E-2,2.436E-2
199004,330.8,11.433,21.533333333333331,0.4802842560110811,7.7699999999999991E-2,9.4600000000000004E-2,0.10300000000000001,9.2399999999999996E-2,-1.0149279675610664E-2,6.8999999999999999E-3,1.5540015540016494E-3,-2.0199999999999999E-2,-1.9099999999999999E-2,9.6677738381009844E-4,-2.4504000000000001E-2,-2.6508E-2
199005,361.23,11.547999999999998,21.396666666666665,0.44356997351094674,7.7399999999999997E-2,9.4700000000000006E-2,0.1041,8.8300000000000003E-2,-2.2618111258997059E-3,6.8000000000000005E-3,2.3273855702092838E-3,4.1500000000000002E-2,3.85E-2,1.3614467145162906E-3,9.7419000000000006E-2,9.2408000000000004E-2
199006,358.02,11.662999999999998,21.259999999999998,0.44294943225407801,7.7300000000000008E-2,9.2600000000000002E-2,0.10220000000000001,8.6400000000000005E-2,-5.0727453552213764E-4,6.3E-3,5.4179566563468118E-3,2.3E-2,2.1600000000000001E-2,1.3508254602949282E-3,-6.7539999999999996E-3,-8.9210000000000001E-3
199007,356.15,11.719999999999999,21.419999999999998,0.4392124466473909,7.6200000000000004E-2,9.2399999999999996E-2,0.10199999999999999,8.5999999999999993E-2,4.8850583216639197E-3,6.8000000000000005E-3,3.8491147036181506E-3,1.0699999999999999E-2,1.0200000000000001E-2,1.2984369297386121E-3,-4.4539999999999996E-3,-6.5079999999999999E-3
199008,322.56,11.776999999999999,21.58,0.48807356293700943,7.4499999999999997E-2,9.4100000000000003E-2,0.1041,9.1999999999999998E-2,1.4392103427245939E-3,6.6E-3,9.2024539877300082E-3,-4.19E-2,-2.92E-2,5.8277891593425295E-3,-9.0801000000000007E-2,-9.4896999999999995E-2
199009,306.05,11.834,21.740000000000002,0.52028966597077242,7.3599999999999999E-2,9.5600000000000004E-2,0.10640000000000001,9.1399999999999995E-2,1.3728768628343889E-3,6.0000000000000001E-3,8.358662613981771E-3,1.17E-2,9.1000000000000004E-3,1.9847914869206345E-3,-4.8959000000000003E-2,-5.1213000000000002E-2
199010,304,11.917999999999999,21.606666666666666,0.52245192091158854,7.17E-2,9.5299999999999996E-2,0.1074,8.9800000000000005E-2,-4.7068417248902097E-4,6.8000000000000005E-3,6.0286360211003753E-3,2.1499999999999998E-2,1.32E-2,4.492763947883038E-3,-3.5969999999999999E-3,-6.11E-3
199011,322.22000000000003,12.002000000000001,21.473333333333333,0.49850565507002909,7.0599999999999996E-2,9.3000000000000013E-2,0.10619999999999999,8.5800000000000001E-2,9.0988658451676674E-4,5.6999999999999993E-3,2.2471910112360494E-3,4.02E-2,2.8500000000000001E-2,2.439892152473761E-3,6.4560999999999993E-2,5.9896999999999999E-2
199012,330.22,12.086,21.339999999999996,0.4844968598832044,6.7400000000000002E-2,9.0500000000000011E-2,0.1043,8.4400000000000003E-2,-1.8459075114823477E-3,6.0000000000000001E-3,0,1.8700000000000001E-2,1.67E-2,7.9459580061841124E-4,2.7987000000000001E-2,2.4954E-2
199101,343.93,12.094000000000001,21.206666666666663,0.46630779969229535,6.2199999999999998E-2,9.0399999999999994E-2,0.1045,8.3699999999999997E-2,7.2155963436142047E-4,5.1999999999999998E-3,5.9790732436471039E-3,1.2999999999999999E-2,1.4999999999999999E-2,3.1935486193496172E-3,4.5000999999999999E-2,4.3062999999999997E-2
199102,367.07,12.102,21.073333333333334,0.44272044077746708,5.9400000000000001E-2,8.8300000000000003E-2,0.1007,8.4099999999999994E-2,1.2468960191909433E-3,4.7999999999999996E-3,1.4858841010403356E-3,3.0000000000000001E-3,1.21E-2,2.4313467391365987E-3,7.1565000000000004E-2,6.7371E-2
199103,375.22,12.11,20.94,0.45712559971995909,5.91E-2,8.929999999999999E-2,0.1009,8.4400000000000003E-2,3.2513958389022847E-3,4.4000000000000003E-3,1.4836795252224366E-3,3.8E-3,1.0800000000000001E-2,1.3750554843058975E-3,2.4354000000000001E-2,2.2311999999999999E-2
199104,375.35,12.122333333333334,20.43,0.46123959873540016,5.6500000000000002E-2,8.8599999999999998E-2,9.9399999999999988E-2,8.3699999999999997E-2,5.730156636071535E-3,5.3E-3,1.481481481481417E-3,1.4E-2,1.38E-2,2.0727744645301178E-3,2.2680000000000001E-3,2.14E-4
199105,389.83,12.134666666666668,19.920000000000002,0.43996696944673824,5.4600000000000003E-2,8.8599999999999998E-2,9.8599999999999993E-2,8.4500000000000006E-2,6.9821048079608426E-3,4.6999999999999993E-3,2.9585798816569309E-3,0,3.8999999999999998E-3,1.5851689874718281E-3,4.2930000000000003E-2,3.8759000000000002E-2
199106,371.16,12.147,19.41,0.45824374301195492,5.57E-2,9.01E-2,9.9600000000000008E-2,8.5999999999999993E-2,1.4247489352183311E-2,4.1999999999999997E-3,2.9498525073747839E-3,-6.3E-3,-1.8E-3,1.1798904421459974E-3,-4.5357000000000001E-2,-4.7497999999999999E-2
199107,387.81,12.189666666666668,18.88,0.44035678156055563,5.5800000000000002E-2,0.09,9.8900000000000002E-2,8.5000000000000006E-2,1.4835552764731372E-2,4.8999999999999998E-3,1.4705882352941124E-3,1.5699999999999999E-2,1.67E-2,1.1053299091358607E-3,4.6525999999999998E-2,4.4798999999999999E-2
199108,395.43,12.232333333333333,18.350000000000001,0.437639637271652,5.33E-2,8.7499999999999994E-2,9.6500000000000002E-2,8.1799999999999998E-2,1.733129829731174E-2,4.5999999999999999E-3,2.936857562408246E-3,3.4000000000000002E-2,2.75E-2,2.0376369415807836E-3,2.3885E-2,1.9911999999999999E-2
199109,387.86,12.274999999999999,17.82,0.44153183703099674,5.2199999999999996E-2,8.6099999999999996E-2,9.5100000000000004E-2,7.9000000000000001E-2,2.3289043967750278E-2,4.5999999999999999E-3,4.3923865300146137E-3,3.0300000000000001E-2,2.7099999999999999E-2,4.7469663560379554E-4,-1.6861000000000001E-2,-1.9061000000000002E-2
199110,392.46,12.250999999999998,17.203333333333333,0.43400345378123883,4.99E-2,8.5500000000000007E-2,9.4899999999999998E-2,7.9100000000000004E-2,2.5508895824187538E-2,4.1999999999999997E-3,1.4577259475219151E-3,5.4000000000000003E-3,4.3E-3,1.1256624322622082E-3,1.3457999999999999E-2,1.1899E-2
199111,375.22,12.227,16.586666666666666,0.46015449030635514,4.5599999999999995E-2,8.48E-2,9.4499999999999987E-2,7.8899999999999998E-2,3.0689946961441002E-2,3.9000000000000003E-3,2.9112081513829047E-3,8.2000000000000007E-3,1.06E-2,2.0490197393085588E-3,-4.0214E-2,-4.3972999999999998E-2
199112,417.09,12.202999999999999,15.969999999999999,0.42034441734015393,4.07E-2,8.3100000000000007E-2,9.2600000000000002E-2,7.2999999999999995E-2,3.1812384429210916E-2,3.8E-3,7.2568940493455969E-4,5.8099999999999999E-2,4.36E-2,2.0495495275665832E-3,0.114089,0.11147600000000001
199201,408.79,12.243333333333332,16.043333333333333,0.4132296784533297,3.7999999999999999E-2,8.199999999999999E-2,9.1300000000000006E-2,7.7600000000000002E-2,3.1941466539383435E-2,3.4000000000000002E-3,1.4503263234226793E-3,-3.2399999999999998E-2,-1.7299999999999999E-2,8.7244268336568974E-4,-1.8348E-2,-1.9654000000000001E-2
199202,412.7,12.283666666666665,16.116666666666667,0.40763052516093295,3.8399999999999997E-2,8.2899999999999988E-2,9.2300000000000007E-2,7.7700000000000005E-2,3.3556021334136502E-2,2.8000000000000004E-3,3.6205648081100161E-3,5.1000000000000004E-3,9.5999999999999992E-3,9.1322824327349486E-4,1.2865E-2,9.4420000000000007E-3
199203,403.69,12.323999999999998,16.190000000000001,0.40210603421764723,4.0399999999999998E-2,8.3499999999999991E-2,9.2499999999999999E-2,7.9699999999999993E-2,4.1900538021336926E-2,3.4000000000000002E-3,5.050505050505194E-3,-9.4000000000000004E-3,-7.3000000000000001E-3,4.6975729646055121E-4,-1.9470000000000001E-2,-2.1873E-2
199204,414.95,12.322666666666667,16.476666666666667,0.38730347176926833,3.7499999999999999E-2,8.3299999999999999E-2,9.2100000000000015E-2,8.0299999999999996E-2,3.8661810057257162E-2,3.2000000000000002E-3,1.43575017946862E-3,1.6000000000000001E-3,1.6000000000000001E-3,1.6610435962213363E-3,2.8614000000000001E-2,2.7157000000000001E-2
199205,415.35,12.321333333333332,16.763333333333335,0.38299851628553261,3.6299999999999999E-2,8.2799999999999999E-2,9.1300000000000006E-2,7.8100000000000003E-2,3.7175488724919784E-2,2.8000000000000004E-3,1.4336917562722817E-3,2.4299999999999999E-2,2.5399999999999999E-2,6.9002881588027618E-4,4.8500000000000001E-3,1.0870000000000001E-3
199206,408.14,12.32,17.05,0.39204235383314068,3.6600000000000001E-2,8.2200000000000009E-2,9.0500000000000011E-2,7.6499999999999999E-2,4.3076559596685451E-2,3.2000000000000002E-3,3.5790980672869566E-3,0.02,1.5599999999999999E-2,7.5291922085405109E-4,-1.503E-2,-1.7545000000000002E-2
199207,424.21,12.344999999999999,17.38,0.3833486996935862,3.2099999999999997E-2,8.0700000000000008E-2,8.8399999999999992E-2,7.2599999999999998E-2,4.1494791856363712E-2,3.0999999999999999E-3,2.1398002853068032E-3,3.9800000000000002E-2,3.0800000000000001E-2,8.974630008779733E-4,4.0924000000000002E-2,3.9465E-2
199208,414.03,12.370000000000001,17.71,0.39940503692424356,3.1300000000000001E-2,7.9500000000000001E-2,8.6500000000000007E-2,7.2499999999999995E-2,4.3049956234123499E-2,2.5999999999999999E-3,2.846975088967918E-3,6.7000000000000002E-3,8.9999999999999993E-3,3.6954737609879481E-4,-2.0615000000000001E-2,-2.4213999999999999E-2
199209,417.8,12.395,18.04,0.39765697210960538,2.9100000000000001E-2,7.9199999999999993E-2,8.6199999999999999E-2,7.0999999999999994E-2,4.113778229762699E-2,2.5999999999999999E-3,2.8388928317957252E-3,1.8499999999999999E-2,9.9000000000000008E-3,8.7224120429514802E-4,1.1339999999999999E-2,8.9160000000000003E-3
199210,418.68,12.391666666666667,18.39,0.40325117775070152,2.86E-2,7.9899999999999999E-2,8.8399999999999992E-2,7.4099999999999999E-2,4.1096098662396344E-2,2.3E-3,3.5385704175512345E-3,-1.9800000000000002E-2,-1.5599999999999999E-2,9.4414479752344199E-4,4.7959999999999999E-3,3.4550000000000002E-3
199211,431.35,12.388333333333335,18.740000000000002,0.39362645847528288,3.1300000000000001E-2,8.1000000000000003E-2,8.9600000000000013E-2,7.4800000000000005E-2,3.7986651721801004E-2,2.3E-3,1.4104372355430161E-3,1E-3,6.8999999999999999E-3,5.0809472187237357E-4,3.3793999999999998E-2,3.0068999999999999E-2
199212,435.71,12.385000000000002,19.090000000000003,0.39410961419895257,3.2199999999999999E-2,7.980000000000001E-2,8.8100000000000012E-2,7.2599999999999998E-2,3.8828687810124669E-2,2.8000000000000004E-3,-7.0422535211267512E-4,2.46E-2,2.2800000000000001E-2,4.7155226865094473E-4,1.338E-2,1.1197E-2
199301,438.78,12.416333333333334,19.340000000000003,0.39304810446083399,0.03,7.9100000000000004E-2,8.6699999999999999E-2,7.2499999999999995E-2,4.1753842309569078E-2,2.3E-3,4.9330514446792595E-3,2.8000000000000001E-2,2.5000000000000001E-2,3.4885075192561557E-4,7.2820000000000003E-3,5.9639999999999997E-3
199302,443.38,12.447666666666667,19.59,0.3859601968908335,2.9300000000000003E-2,7.7100000000000002E-2,8.3900000000000002E-2,6.9800000000000001E-2,4.072817019409708E-2,2.2000000000000001E-3,3.5063113604487661E-3,3.5400000000000001E-2,2.5600000000000001E-2,1.146896483029807E-3,1.3526E-2,1.0361E-2
199303,451.67,12.478999999999999,19.84,0.33361352638732605,2.9500000000000002E-2,7.5800000000000006E-2,8.1500000000000003E-2,7.0199999999999999E-2,3.7106414490139829E-2,2.5000000000000001E-3,3.4940600978337066E-3,2.0999999999999999E-3,2.5000000000000001E-3,1.0047249550798963E-3,2.1201999999999999E-2,1.8578000000000001E-2
199304,440.19,12.493666666666666,19.670000000000002,0.33434980595256286,2.87E-2,7.46E-2,8.14E-2,7.0099999999999996E-2,3.9812685468468577E-2,2.3999999999999998E-3,2.7855153203342198E-3,7.1999999999999998E-3,5.1999999999999998E-3,1.0047850118473196E-3,-2.4518999999999999E-2,-2.5780000000000001E-2
199305,450.19,12.508333333333333,19.5,0.32488242147966084,2.9600000000000001E-2,7.4299999999999991E-2,8.2100000000000006E-2,7.0099999999999996E-2,4.0254628780705806E-2,2.2000000000000001E-3,1.388888888888884E-3,4.7000000000000002E-3,2E-3,8.1730817649456645E-4,2.6259000000000001E-2,2.2549E-2
199306,450.53,12.523,19.330000000000002,0.32593124756094427,3.0699999999999998E-2,7.3300000000000004E-2,8.0700000000000008E-2,6.6799999999999998E-2,4.1154021410630855E-2,2.5000000000000001E-3,1.3869625520113171E-3,4.4900000000000002E-2,2.93E-2,5.7385135426062366E-4,3.4659999999999999E-3,1.0950000000000001E-3
199307,448.13,12.521666666666665,19.690000000000001,0.32377703081889381,3.04E-2,7.17E-2,7.9299999999999995E-2,6.5600000000000006E-2,4.1007786906299817E-2,2.3999999999999998E-3,0,1.9099999999999999E-2,0.01,6.0896245271477366E-4,-4.5929999999999999E-3,-5.9090000000000002E-3
199308,463.56,12.520333333333332,20.05,0.31386498333839247,3.0200000000000001E-2,6.8499999999999991E-2,7.5999999999999998E-2,6.2300000000000001E-2,4.0192936881529272E-2,2.5000000000000001E-3,2.7700831024930483E-3,4.3400000000000001E-2,2.87E-2,2.8156880698955715E-4,3.7430999999999999E-2,3.3957000000000001E-2
199309,458.93,12.518999999999998,20.41,0.32235182146238445,2.9500000000000002E-2,6.6600000000000006E-2,7.3399999999999993E-2,6.2700000000000006E-2,4.1840710902250104E-2,2.5999999999999999E-3,2.071823204419676E-3,5.0000000000000001E-4,4.3E-3,4.7067476506069771E-4,-7.5820000000000002E-3,-9.8420000000000001E-3
199310,467.83,12.53833333333333,20.903333333333336,0.3113628329216831,3.0200000000000001E-2,6.6699999999999995E-2,7.3099999999999998E-2,6.2300000000000001E-2,4.0367136406659072E-2,2.2000000000000001E-3,4.1350792556857918E-3,9.5999999999999992E-3,5.1000000000000004E-3,3.1422708380859839E-4,1.9883999999999999E-2,1.8589999999999999E-2
199311,461.79,12.557666666666666,21.396666666666668,0.31107941081016693,3.1E-2,6.93E-2,7.6600000000000001E-2,6.5100000000000005E-2,4.3837560282667651E-2,2.5000000000000001E-3,6.8634179821569496E-4,-2.5899999999999999E-2,-1.8800000000000001E-2,5.7635166675755565E-4,-8.6549999999999995E-3,-1.2083999999999999E-2
199312,466.45,12.576999999999998,21.89,0.30526722290900837,3.0600000000000002E-2,6.93E-2,7.690000000000001E-2,6.54E-2,4.5726869906692252E-2,2.3E-3,0,2E-3,6.7000000000000002E-3,2.6968209775830155E-4,1.2645999999999999E-2,1.0617E-2
199401,481.61,12.620333333333331,22.163333333333334,0.28805856716297956,2.98E-2,6.9199999999999998E-2,7.6499999999999999E-2,6.3700000000000007E-2,4.3671135238410638E-2,2.5000000000000001E-3,2.7434842249656199E-3,2.5700000000000001E-2,2.0199999999999999E-2,4.2348832756514826E-4,3.3429E-2,3.1954000000000003E-2
199402,467.14,12.663666666666664,22.436666666666667,0.29905882086800012,3.2500000000000001E-2,7.0800000000000002E-2,7.7600000000000002E-2,6.8199999999999997E-2,4.5041131612567641E-2,2.0999999999999999E-3,3.4199726402188713E-3,-4.4999999999999998E-2,-2.86E-2,1.0260764611396097E-3,-2.7161000000000001E-2,-3.0120999999999998E-2
199403,445.77,12.706999999999997,22.71,0.30748380506932604,3.5000000000000003E-2,7.4800000000000005E-2,8.1300000000000011E-2,7.2499999999999995E-2,4.1905087773417365E-2,2.7000000000000001E-3,3.4083162917519783E-3,-3.95E-2,-3.8300000000000001E-2,8.9210253760055747E-4,-4.3456000000000002E-2,-4.5727999999999998E-2
199404,450.91,12.749666666666666,23.54,0.30366478621342424,3.6799999999999999E-2,7.8799999999999995E-2,8.5199999999999998E-2,7.4499999999999997E-2,3.9845659339764916E-2,2.7000000000000001E-3,1.3586956521740579E-3,-1.4999999999999999E-2,-9.7000000000000003E-3,1.3736679541102197E-3,1.2817E-2,1.1476999999999999E-2
199405,456.51,12.792333333333332,24.37,0.29746947570189658,4.1399999999999999E-2,7.9899999999999999E-2,8.6199999999999999E-2,7.5899999999999995E-2,3.9641067073013063E-2,3.0999999999999999E-3,6.7842605156043234E-4,-8.2000000000000007E-3,-6.1999999999999998E-3,7.5050293712608128E-4,1.6309000000000001E-2,1.2559000000000001E-2
199406,444.27,12.834999999999999,25.2,0.30841707670307816,4.1399999999999999E-2,7.9699999999999993E-2,8.6500000000000007E-2,7.7399999999999997E-2,3.3995563953154846E-2,3.0999999999999999E-3,3.3898305084745228E-3,-0.01,-8.0999999999999996E-3,7.9713270641582914E-4,-2.4761999999999999E-2,-2.7113000000000002E-2
199407,458.25,12.864333333333335,25.910000000000004,0.29698538077296838,4.3299999999999998E-2,8.1099999999999992E-2,8.8000000000000009E-2,7.46E-2,3.1211217432343018E-2,2.8000000000000004E-3,2.7027027027026751E-3,3.6299999999999999E-2,3.09E-2,3.272825063099082E-4,3.2714E-2,3.1380999999999999E-2
199408,475.5,12.893666666666668,26.620000000000005,0.28568381932002279,4.4800000000000006E-2,8.0700000000000008E-2,8.7400000000000005E-2,7.6100000000000001E-2,2.8706518168642947E-2,3.7000000000000002E-3,4.0431266846361336E-3,-8.6E-3,-3.0999999999999999E-3,5.6038760175525638E-4,4.1341000000000003E-2,3.7990000000000003E-2
199409,462.71,12.923,27.330000000000002,0.29090465859885267,4.6199999999999998E-2,8.3400000000000002E-2,8.9800000000000005E-2,0.08,2.9003294844479974E-2,3.7000000000000002E-3,2.6845637583892135E-3,-3.3099999999999997E-2,-2.6499999999999999E-2,8.0189298809998206E-4,-2.3939999999999999E-2,-2.6238000000000001E-2
199410,472.35,13.005333333333335,28.42,0.28607127371314517,4.9500000000000002E-2,8.5699999999999998E-2,9.1999999999999998E-2,8.09E-2,2.6000495318000447E-2,3.8E-3,6.6934404283802706E-4,-2.5000000000000001E-3,-5.0000000000000001E-3,1.1584280263979326E-3,2.2619E-2,2.1042999999999999E-2
199411,453.69,13.087666666666667,29.510000000000005,0.29899261426705909,5.2900000000000003E-2,8.6800000000000002E-2,9.3200000000000005E-2,8.0799999999999997E-2,2.2917147016113682E-2,3.7000000000000002E-3,1.3377926421402897E-3,6.6E-3,1.8E-3,8.3639914278712028E-4,-3.6248000000000002E-2,-3.9423E-2
199412,459.27,13.170000000000002,30.6,0.29156830000676021,5.5999999999999994E-2,8.4600000000000009E-2,9.0999999999999998E-2,7.9899999999999999E-2,1.6594292602983007E-2,4.4000000000000003E-3,0,1.61E-2,1.5699999999999999E-2,7.0492295430348679E-4,1.4955E-2,1.2418999999999999E-2
199501,470.42,13.170000000000002,31.250000000000004,0.29085373438140161,5.7099999999999998E-2,8.4600000000000009E-2,9.0800000000000006E-2,7.8E-2,1.5093369874640898E-2,4.1999999999999997E-3,4.0080160320643543E-3,2.7300000000000001E-2,2.5600000000000001E-2,2.8937658320599537E-4,2.5999999999999999E-2,2.4348000000000002E-2
199502,487.39,13.17,31.900000000000006,0.27873003559221998,5.7699999999999994E-2,8.2599999999999993E-2,8.8499999999999995E-2,7.5800000000000006E-2,1.4532095082890254E-2,4.0000000000000001E-3,3.9920159680637557E-3,2.87E-2,2.8899999999999999E-2,4.724140804132983E-4,3.9227999999999999E-2,3.6327999999999999E-2
199503,500.71,13.169999999999998,32.550000000000004,0.3138765418776539,5.7300000000000004E-2,8.1199999999999994E-2,8.6999999999999994E-2,7.5499999999999998E-2,1.4388598260501807E-2,4.5999999999999999E-3,3.3134526176274992E-3,9.1000000000000004E-3,9.4999999999999998E-3,4.8430583915839867E-4,2.9333999999999999E-2,2.7178999999999998E-2
199504,514.71,13.233666666666666,33.176666666666669,0.30199470082470092,5.6500000000000002E-2,8.0299999999999996E-2,8.5999999999999993E-2,7.4499999999999997E-2,1.3012406907631708E-2,4.4000000000000003E-3,3.3025099075296716E-3,1.6899999999999998E-2,1.7500000000000002E-2,2.5692037608505681E-4,2.9395000000000001E-2,2.7914000000000001E-2
199505,533.4,13.297333333333334,33.803333333333335,0.29226425424563679,5.67E-2,7.6499999999999999E-2,8.199999999999999E-2,6.7699999999999996E-2,1.0743778004010255E-2,5.4000000000000003E-3,1.9749835418036987E-3,7.9000000000000001E-2,6.3100000000000003E-2,1.0114420621799751E-3,3.9808999999999997E-2,3.6454E-2
199506,544.75,13.361000000000001,34.43,0.28642961789533944,5.4699999999999999E-2,7.2999999999999995E-2,7.9000000000000001E-2,6.7000000000000004E-2,8.274919056735993E-3,4.6999999999999993E-3,1.9710906701708719E-3,1.3899999999999999E-2,7.9000000000000008E-3,6.9676432439916931E-4,2.4154999999999999E-2,2.2197999999999999E-2
199507,562.05999999999995,13.432333333333332,34.68,0.27716036719066023,5.4199999999999998E-2,7.4099999999999999E-2,8.0399999999999985E-2,6.9099999999999995E-2,7.0611197840457348E-3,4.5000000000000005E-3,0,-1.6799999999999999E-2,-1.01E-2,7.7322772875298453E-4,3.3404999999999997E-2,3.2023000000000003E-2
199508,561.88,13.503666666666666,34.93,0.28304613470217127,5.4000000000000006E-2,7.5700000000000003E-2,8.1900000000000001E-2,6.7400000000000002E-2,9.1214682665686636E-3,4.6999999999999993E-3,2.6229508196722318E-3,2.3599999999999999E-2,2.1399999999999999E-2,2.0672971563526985E-4,3.4949999999999998E-3,6.4199999999999999E-4
199509,584.41,13.574999999999999,35.18,0.27249499759269041,5.28E-2,7.3200000000000001E-2,7.9299999999999995E-2,6.6299999999999998E-2,6.3793530381008948E-3,4.3E-3,1.9620667102679956E-3,1.7500000000000002E-2,1.5299999999999999E-2,3.8145363144266744E-4,4.2102000000000001E-2,4.0182000000000002E-2
199510,581.5,13.645999999999997,34.773333333333333,0.27442024525926073,5.28E-2,7.1199999999999999E-2,7.7499999999999999E-2,6.4100000000000004E-2,1.2221252348348139E-2,4.6999999999999993E-3,3.2637075718016106E-3,2.9399999999999999E-2,1.8499999999999999E-2,4.8781727394307014E-4,-3.4420000000000002E-3,-4.8640000000000003E-3
199511,605.37,13.716999999999999,34.366666666666667,0.25716885151700014,5.3600000000000002E-2,7.0199999999999999E-2,7.6799999999999993E-2,6.2300000000000001E-2,1.6870953533581451E-2,4.1999999999999997E-3,-6.5061808718280822E-4,2.4899999999999999E-2,2.4199999999999999E-2,5.4616270962142737E-4,4.4179000000000003E-2,4.1338E-2
199512,615.92999999999995,13.787999999999998,33.96,0.25502638293953511,5.1399999999999994E-2,6.8199999999999997E-2,7.4900000000000008E-2,6.0299999999999999E-2,1.5526517327307214E-2,4.8999999999999998E-3,-6.5104166666662966E-4,2.7199999999999998E-2,2.2800000000000001E-2,8.2053647917574115E-4,1.7642999999999999E-2,1.5809E-2
199601,636.02,13.893333333333331,33.986666666666665,0.24187717210079357,0.05,6.8099999999999994E-2,7.4700000000000003E-2,6.0900000000000003E-2,1.6127862930085047E-2,4.3E-3,5.8631921824103816E-3,-1.1000000000000001E-3,1.4E-3,1.3839551115789395E-3,3.4861000000000003E-2,3.3415E-2
199602,640.42999999999995,13.998666666666665,34.013333333333335,0.23789473710345846,4.8300000000000003E-2,6.9900000000000004E-2,7.6299999999999993E-2,6.59E-2,1.6801368614802699E-2,3.9000000000000003E-3,3.2383419689119286E-3,-4.8300000000000003E-2,-3.73E-2,1.267630922844381E-3,1.0088E-2,7.6889999999999997E-3
199603,645.5,14.103999999999999,34.04,0.23929961540850445,4.9599999999999998E-2,7.3499999999999996E-2,8.0299999999999996E-2,6.8400000000000002E-2,1.6891913075697762E-2,3.9000000000000003E-3,5.1646223369914424E-3,-2.1000000000000001E-2,-1.2999999999999999E-2,1.7417161302782712E-3,9.5849999999999998E-3,7.8600000000000007E-3
199604,654.16999999999996,14.160333333333334,34.33,0.24007580620728264,4.9500000000000002E-2,7.4999999999999997E-2,8.1900000000000001E-2,7.0599999999999996E-2,2.1121953762774742E-2,4.5999999999999999E-3,3.8535645472064228E-3,-1.6500000000000001E-2,-1.6E-2,9.8183755388614132E-4,1.5133000000000001E-2,1.3857E-2
199605,669.12,14.216666666666665,34.620000000000005,0.23692351549588916,5.0199999999999995E-2,7.6200000000000004E-2,8.3000000000000004E-2,7.17E-2,2.6419154514043395E-2,4.1999999999999997E-3,1.9193857965449368E-3,-5.4000000000000003E-3,5.0000000000000001E-4,1.1252911637478064E-3,2.5257000000000002E-2,2.2530000000000001E-2
199606,670.63,14.273,34.910000000000004,0.23644372524397833,5.0900000000000001E-2,7.7100000000000002E-2,8.4000000000000005E-2,7.0300000000000001E-2,2.72161736914645E-2,4.0000000000000001E-3,6.3856960408670282E-4,2.0299999999999999E-2,1.72E-2,3.9480383279131827E-4,4.1279999999999997E-3,2.562E-3
199607,639.95000000000005,14.403333333333332,35.273333333333341,0.24181989379253627,5.1500000000000004E-2,7.6499999999999999E-2,8.3499999999999991E-2,7.0699999999999999E-2,3.1136864249514385E-2,4.5000000000000005E-3,1.9144862795150708E-3,1.8E-3,1E-3,2.3551484497514076E-3,-4.4441000000000001E-2,-4.6047999999999999E-2
199608,651.99,14.533666666666669,35.63666666666667,0.23806111786702766,5.0499999999999996E-2,7.46E-2,8.1799999999999998E-2,7.2599999999999998E-2,3.0886105563987621E-2,4.0999999999999995E-3,1.9108280254778176E-3,-1.3899999999999999E-2,-7.0000000000000001E-3,1.1215206691417817E-3,2.1928E-2,1.9588999999999999E-2
199609,687.31,14.664000000000001,36,0.22729731810082116,5.0900000000000001E-2,7.6600000000000001E-2,8.3499999999999991E-2,7.0400000000000004E-2,2.9580736762263103E-2,4.4000000000000003E-3,3.1786395422759295E-3,2.9000000000000001E-2,2.5899999999999999E-2,6.8624302966622088E-4,5.6035000000000001E-2,5.4112E-2
199610,705.27,14.742333333333335,36.910000000000004,0.22174765584938821,4.99E-2,7.3899999999999993E-2,8.0700000000000008E-2,6.7100000000000007E-2,2.5655808817895937E-2,4.1999999999999997E-3,3.1685678073509749E-3,4.0399999999999998E-2,3.61E-2,6.066450315791056E-4,2.6797999999999999E-2,2.5347999999999999E-2
199611,757.02,14.820666666666668,37.820000000000007,0.20500791909557914,5.0300000000000004E-2,7.0999999999999994E-2,7.7899999999999997E-2,6.4299999999999996E-2,2.2067341270656883E-2,4.0999999999999995E-3,1.8951358180667732E-3,3.5099999999999999E-2,2.63E-2,7.0373541790599999E-4,7.6440999999999995E-2,7.4218000000000006E-2
199612,740.74,14.898999999999999,38.730000000000004,0.20734272969549994,4.9100000000000005E-2,7.2000000000000008E-2,7.8899999999999998E-2,6.7299999999999999E-2,2.4125686721967719E-2,4.5999999999999999E-3,0,-2.5600000000000001E-2,-1.8599999999999998E-2,1.7090845668988378E-3,-1.9800999999999999E-2,-2.1517999999999999E-2
199701,786.16,14.952333333333332,39.233333333333334,0.19624010286048429,5.0300000000000004E-2,7.4200000000000002E-2,8.09E-2,6.8900000000000003E-2,2.4406932745012551E-2,4.5000000000000005E-3,3.1525851197982124E-3,-7.9000000000000008E-3,-2.8E-3,1.3600822131999593E-3,6.2779000000000001E-2,6.1689000000000001E-2
199702,790.82,15.005666666666666,39.736666666666672,0.19439541077479064,5.0099999999999999E-2,7.3099999999999998E-2,7.9399999999999998E-2,6.9400000000000003E-2,2.2910926649139875E-2,3.9000000000000003E-3,3.14267756128217E-3,5.0000000000000001E-4,2.8E-3,1.4747914387731075E-3,7.7520000000000002E-3,5.7999999999999996E-3
199703,757.12,15.058999999999999,40.24,0.2147802022701851,5.1399999999999994E-2,7.5499999999999998E-2,8.1799999999999998E-2,7.2300000000000003E-2,2.114854338022051E-2,4.3E-3,2.5062656641603454E-3,-2.52E-2,-2.2100000000000002E-2,2.0014614517121668E-3,-4.1653000000000003E-2,-4.3310000000000001E-2
199704,801.34,15.093,40.343333333333334,0.20174104781366001,5.16E-2,7.7300000000000008E-2,8.3400000000000002E-2,7.0499999999999993E-2,1.6945290091859869E-2,4.3E-3,1.2499999999999734E-3,2.5499999999999998E-2,1.84E-2,3.0050810033315401E-3,6.0274000000000001E-2,5.9015999999999999E-2
199705,848.28,15.127000000000002,40.446666666666665,0.19287858787625403,5.0499999999999996E-2,7.5800000000000006E-2,8.199999999999999E-2,7.0099999999999996E-2,1.3264450196903251E-2,4.8999999999999998E-3,-6.2421972534332237E-4,9.7000000000000003E-3,1.2800000000000001E-2,2.0074557696695859E-3,6.1400999999999997E-2,5.9271999999999998E-2
199706,885.14,15.161000000000001,40.549999999999997,0.18428761503037272,4.9299999999999997E-2,7.4099999999999999E-2,8.0199999999999994E-2,6.88E-2,1.0846706969080846E-2,3.7000000000000002E-3,1.2492192379762734E-3,1.95E-2,1.8700000000000001E-2,1.9744632002779163E-3,4.4103000000000003E-2,4.2762000000000001E-2
199707,954.29,15.218333333333335,40.58,0.17196494296306417,5.0499999999999996E-2,7.1399999999999991E-2,7.7499999999999999E-2,6.3700000000000007E-2,1.1592658712364588E-2,4.3E-3,1.2476606363067688E-3,6.2600000000000003E-2,5.28E-2,2.010215080185718E-3,8.0388000000000001E-2,7.8977000000000006E-2
199708,899.47,15.27566666666667,40.61,0.18550540381833042,5.1399999999999994E-2,7.22E-2,7.8200000000000006E-2,6.7199999999999996E-2,1.2877263024129225E-2,4.0999999999999995E-3,1.8691588785046953E-3,-3.1699999999999999E-2,-2.4E-2,2.4647216646816335E-3,-5.4969999999999998E-2,-5.6458000000000001E-2
199709,947.28,15.333000000000002,40.639999999999993,0.17796785704812584,4.9500000000000002E-2,7.1500000000000008E-2,7.6999999999999999E-2,6.4899999999999999E-2,1.46342660863902E-2,4.4000000000000003E-3,2.4875621890545485E-3,3.1600000000000003E-2,2.2599999999999999E-2,2.6264943298630423E-3,5.3886000000000003E-2,5.2408000000000003E-2
199710,914.62,15.387666666666668,40.333333333333329,0.19000067732822787,4.9699999999999994E-2,7.0000000000000007E-2,7.5700000000000003E-2,6.2300000000000001E-2,1.626282562687147E-2,4.1999999999999997E-3,2.4813895781639062E-3,3.4099999999999998E-2,1.9099999999999999E-2,9.3638214337838765E-3,-3.2605000000000002E-2,-3.3730000000000003E-2
199711,955.4,15.442333333333334,40.026666666666664,0.18074629876792264,5.1399999999999994E-2,6.8699999999999997E-2,7.4200000000000002E-2,6.1400000000000003E-2,1.5667208087607711E-2,3.9000000000000003E-3,-6.1881188118806385E-4,1.4800000000000001E-2,1.01E-2,2.6621100032988357E-3,4.6321000000000001E-2,4.4624999999999998E-2
199712,970.43,15.497,39.72,0.17880088420405879,5.16E-2,6.7599999999999993E-2,7.3200000000000001E-2,6.0199999999999997E-2,1.5559471291223008E-2,4.7999999999999996E-3,-1.2383900928791824E-3,1.84E-2,1.6299999999999999E-2,2.2493744246461114E-3,1.7146999999999999E-2,1.5699999999999999E-2
199801,980.28,15.545000000000002,39.659999999999997,0.17884027344671738,5.04E-2,6.6100000000000006E-2,7.1900000000000006E-2,5.8900000000000001E-2,1.3739636269941794E-2,4.3E-3,1.8598884066955979E-3,0.02,1.37E-2,2.4688425372982646E-3,1.1993999999999999E-2,1.108E-2
199802,1049.3399999999999,15.593000000000002,39.6,0.16546309710866489,5.0900000000000001E-2,6.6699999999999995E-2,7.2499999999999995E-2,5.9900000000000002E-2,1.205637744065806E-2,3.9000000000000003E-3,1.8564356435644136E-3,-7.1999999999999998E-3,-6.9999999999999999E-4,1.0533477132539612E-3,7.1956000000000006E-2,7.0303000000000004E-2
199803,1101.75,15.641000000000002,39.54,0.18114039596566681,5.0300000000000004E-2,6.7199999999999996E-2,7.3200000000000001E-2,6.0199999999999997E-2,1.6488861417208955E-2,3.9000000000000003E-3,1.8529956763433386E-3,2.5000000000000001E-3,3.8E-3,1.1367857598752061E-3,5.1336E-2,5.0104000000000003E-2
199804,1111.75,15.744000000000002,39.35,0.17587292223931028,4.9500000000000002E-2,6.6900000000000001E-2,7.3300000000000004E-2,6.0400000000000002E-2,1.6405365846306315E-2,4.3E-3,1.8495684340320562E-3,2.5999999999999999E-3,5.3E-3,1.6147640342177765E-3,1.1275E-2,1.0232E-2
199805,1090.82,15.847000000000001,39.159999999999997,0.17910220571493346,0.05,6.6900000000000001E-2,7.2999999999999995E-2,5.9200000000000003E-2,1.9075206126933454E-2,4.0000000000000001E-3,1.8461538461538307E-3,1.8200000000000001E-2,1.67E-2,9.5882329377390302E-4,-1.7673999999999999E-2,-1.9206000000000001E-2
199806,1133.8399999999999,15.95,38.97,0.17806060597750975,4.9800000000000004E-2,6.5299999999999997E-2,7.1300000000000002E-2,5.7599999999999998E-2,2.4010576671010586E-2,4.0999999999999995E-3,1.2285012285011554E-3,2.2800000000000001E-2,1.15E-2,2.0973438884585405E-3,4.0969999999999999E-2,3.9800000000000002E-2
199807,1120.67,16.014333333333333,38.676666666666662,0.17943810888819886,4.9599999999999998E-2,6.5500000000000003E-2,7.1500000000000008E-2,5.8400000000000001E-2,2.5353565218021012E-2,4.0000000000000001E-3,1.2269938650306678E-3,-4.0000000000000001E-3,-5.5999999999999999E-3,2.2281757694638561E-3,-1.0109E-2,-1.1112E-2
199808,957.28,16.078666666666667,38.383333333333333,0.21143209159591356,4.9000000000000002E-2,6.5199999999999994E-2,7.1399999999999991E-2,5.4699999999999999E-2,2.8519029182667039E-2,4.3E-3,1.225490196078427E-3,4.65E-2,8.8999999999999999E-3,9.333916970024201E-3,-0.143124,-0.14450399999999999
199809,1017.01,16.143000000000001,38.089999999999996,0.20324840423225912,4.6100000000000002E-2,6.4000000000000001E-2,7.0900000000000005E-2,5.1700000000000003E-2,2.4082909082287288E-2,4.5999999999999999E-3,1.2239902080781739E-3,3.95E-2,4.1300000000000003E-2,9.9710168802412853E-3,6.3175999999999996E-2,6.1612E-2
199810,1098.67,16.160333333333334,37.963333333333331,0.18551907684869381,3.9599999999999996E-2,6.3700000000000007E-2,7.1800000000000003E-2,5.3999999999999999E-2,2.0740089155810142E-2,3.2000000000000002E-3,2.4449877750611915E-3,-2.18E-2,-1.9E-2,5.1715274881868863E-3,8.0111000000000002E-2,7.9144000000000006E-2
199811,1163.6300000000001,16.177666666666667,37.836666666666666,0.17484684447515783,4.41E-2,6.4100000000000004E-2,7.3399999999999993E-2,5.3499999999999999E-2,2.2003577262633436E-2,3.0999999999999999E-3,0,9.7000000000000003E-3,2.7E-2,1.9366789374442367E-3,6.2163999999999997E-2,6.0685000000000003E-2
199812,1229.23,16.195,37.71,0.17361131536550134,4.3899999999999995E-2,6.2199999999999998E-2,7.2300000000000003E-2,5.4199999999999998E-2,2.0057029431421271E-2,3.8E-3,-6.0975609756097615E-4,-3.2000000000000002E-3,1E-3,3.2868971994435238E-3,5.9672999999999997E-2,5.8453999999999999E-2
199901,1279.6400000000001,16.279666666666667,37.933333333333337,0.17032061914447988,4.3400000000000001E-2,6.2400000000000004E-2,7.2900000000000006E-2,5.3600000000000002E-2,1.5587699256820936E-2,3.4999999999999996E-3,2.4405125076265577E-3,1.21E-2,1.23E-2,3.3356136050409204E-3,4.2799999999999998E-2,4.2000000000000003E-2
199902,1238.33,16.364333333333335,38.156666666666666,0.17127680959595618,4.4400000000000002E-2,6.4000000000000001E-2,7.3899999999999993E-2,5.8700000000000002E-2,1.8446667544496052E-2,3.4999999999999996E-3,1.2172854534386879E-3,-5.1999999999999998E-2,-4.0099999999999997E-2,3.4821497406085449E-3,-3.1934999999999998E-2,-3.3155999999999998E-2
199903,1286.3699999999999,16.448999999999998,38.380000000000003,0.17289717073498748,4.4400000000000002E-2,6.6199999999999995E-2,7.5300000000000006E-2,5.9200000000000003E-2,2.06681223851739E-2,4.3E-3,3.0395136778116338E-3,-8.0000000000000004E-4,2.0000000000000001E-4,3.2135873296863368E-3,3.8979E-2,3.7774000000000002E-2
199904,1335.18,16.448666666666668,39.260000000000005,0.15682587641256804,4.2900000000000001E-2,6.6400000000000001E-2,7.4800000000000005E-2,5.9400000000000001E-2,2.5181266278586009E-2,3.7000000000000002E-3,7.2727272727270975E-3,2.0999999999999999E-3,-2.3999999999999998E-3,2.7266259983553458E-3,3.7559000000000002E-2,3.6770999999999998E-2
199905,1301.8399999999999,16.448333333333334,40.14,0.16023113542046816,4.4999999999999998E-2,6.93E-2,7.7199999999999991E-2,6.1499999999999999E-2,2.5897434650534176E-2,3.4000000000000002E-3,0,-1.8499999999999999E-2,-1.7600000000000001E-2,3.0856487086141069E-3,-2.3158999999999999E-2,-2.4833000000000001E-2
199906,1372.71,16.448,41.02,0.15422744676724118,4.5700000000000005E-2,7.2300000000000003E-2,8.0199999999999994E-2,6.2700000000000006E-2,1.8868580646982012E-2,4.0000000000000001E-3,0,-7.7999999999999996E-3,-1.6E-2,2.4092464833671266E-3,5.4431E-2,5.3398000000000001E-2
199907,1328.72,16.512333333333334,42,0.15879647268893993,4.5499999999999999E-2,7.1900000000000006E-2,7.9500000000000001E-2,6.3899999999999998E-2,1.9370441469391552E-2,3.8E-3,3.0084235860408093E-3,-7.7000000000000002E-3,-1.1299999999999999E-2,1.6111778691826253E-3,-3.022E-2,-3.1084000000000001E-2
199908,1320.41,16.576666666666668,42.980000000000004,0.15624302689310163,4.7199999999999999E-2,7.400000000000001E-2,8.1500000000000003E-2,6.4899999999999999E-2,1.8880738290988148E-2,3.9000000000000003E-3,2.3995200959807672E-3,-5.3E-3,-2.5999999999999999E-3,2.729848515781925E-3,-4.9890000000000004E-3,-6.2509999999999996E-3
199909,1282.71,16.641000000000002,43.96,0.16368449822911238,4.6799999999999994E-2,7.3899999999999993E-2,8.199999999999999E-2,6.4600000000000005E-2,2.0379679058214646E-2,3.9000000000000003E-3,4.7875523638540862E-3,8.3999999999999995E-3,9.2999999999999992E-3,2.7049431848818937E-3,-2.8079E-2,-2.9256999999999998E-2
199910,1362.93,16.658000000000001,45.363333333333337,0.15769066072892163,4.8600000000000004E-2,7.5499999999999998E-2,8.3800000000000013E-2,6.5100000000000005E-2,2.0445236868699077E-2,3.9000000000000003E-3,1.7867778439546456E-3,-1.1999999999999999E-3,4.7000000000000002E-3,4.8759751302725777E-3,6.4238000000000003E-2,6.3511999999999999E-2
199911,1388.91,16.675000000000001,46.766666666666673,0.15554596711910032,5.0700000000000002E-2,7.3599999999999999E-2,8.1500000000000003E-2,6.6199999999999995E-2,1.8280454363244863E-2,3.5999999999999999E-3,5.9453032104661574E-4,-6.1000000000000004E-3,-2.3999999999999998E-3,1.3542672176870935E-3,2.0822E-2,1.9546999999999998E-2
199912,1469.25,16.692,48.17,0.14716725943496201,5.2000000000000005E-2,7.5499999999999998E-2,8.1900000000000001E-2,6.8199999999999997E-2,1.7888756470837864E-2,4.4000000000000003E-3,0,-1.55E-2,-1.0200000000000001E-2,1.1487749399219178E-3,6.2578999999999996E-2,6.1549E-2
200001,1394.46,16.715333333333334,49.096666666666664,0.15465416004384142,5.3200000000000004E-2,7.7800000000000008E-2,8.3299999999999999E-2,6.6600000000000006E-2,2.535878070683641E-2,4.0999999999999995E-3,2.9708853238266109E-3,2.2800000000000001E-2,-2.0999999999999999E-3,5.2062998391521047E-3,-4.9630000000000001E-2,-5.0296E-2
200002,1366.42,16.738666666666667,50.023333333333326,0.1670564326414902,5.5500000000000001E-2,7.6799999999999993E-2,8.2899999999999988E-2,6.4600000000000005E-2,2.7418814027088474E-2,4.3E-3,5.924170616113722E-3,2.64E-2,9.1999999999999998E-3,3.0004661710201943E-3,-1.7458000000000001E-2,-1.8665999999999999E-2
200003,1498.58,16.762,50.949999999999996,0.14997356178980206,5.6900000000000006E-2,7.6799999999999993E-2,8.3699999999999997E-2,6.1800000000000001E-2,1.8291390089326651E-2,4.6999999999999993E-3,8.2449941107183289E-3,3.6700000000000003E-2,1.6899999999999998E-2,6.6783159173639094E-3,9.8488000000000006E-2,9.7431000000000004E-2
200004,1452.43,16.742666666666668,51.273333333333326,0.15260041819792453,5.6600000000000004E-2,7.6399999999999996E-2,8.4000000000000005E-2,6.3E-2,1.1944945832683738E-2,4.5999999999999999E-3,5.8411214953291157E-4,-7.6E-3,-1.15E-2,7.9417469341446206E-3,-3.1585000000000002E-2,-3.2308000000000003E-2
200005,1420.6,16.723333333333336,51.596666666666664,0.15566873114331997,5.79E-2,7.9899999999999999E-2,8.900000000000001E-2,6.4000000000000001E-2,9.1785275005640786E-3,5.0000000000000001E-3,1.1675423234092097E-3,-5.4000000000000003E-3,-1.61E-2,5.1854233943082161E-3,-2.2304000000000001E-2,-2.3616999999999999E-2
200006,1454.6,16.704000000000001,51.92,0.15677796158526175,5.6900000000000006E-2,7.6700000000000004E-2,8.48E-2,6.2199999999999998E-2,7.1242126858250673E-3,4.0000000000000001E-3,5.2478134110787167E-3,2.4400000000000002E-2,3.2599999999999997E-2,2.3597571671857527E-3,2.6218999999999999E-2,2.5496999999999999E-2
200007,1430.83,16.585000000000001,52.513333333333335,0.15567415100664705,5.96E-2,7.6499999999999999E-2,8.3499999999999991E-2,6.1100000000000002E-2,4.7122338610611943E-3,4.7999999999999996E-3,2.3201856148491462E-3,1.7299999999999999E-2,1.7899999999999999E-2,2.0654328991224109E-3,-1.2795000000000001E-2,-1.3559E-2
200008,1517.68,16.466000000000001,53.106666666666669,0.14605306404363275,6.0899999999999996E-2,7.5499999999999998E-2,8.2599999999999993E-2,5.9400000000000001E-2,4.6746382142272454E-3,5.0000000000000001E-3,0,2.4E-2,1.35E-2,1.0392528774306594E-3,6.2593999999999997E-2,6.1275000000000003E-2
200009,1436.51,16.347000000000001,53.699999999999996,0.1537894628785958,0.06,7.6200000000000004E-2,8.3499999999999991E-2,6.1199999999999997E-2,4.4689257976773854E-3,5.1000000000000004E-3,5.2083333333332593E-3,-1.5699999999999999E-2,4.5999999999999999E-3,1.5999952481591355E-3,-5.2088000000000002E-2,-5.2795000000000002E-2
200010,1429.4,16.321666666666665,52.466666666666669,0.14930078887157974,6.1100000000000002E-2,7.5499999999999998E-2,8.3400000000000002E-2,0.06,3.7442803893113436E-3,5.6000000000000008E-3,1.7271157167531026E-3,1.8700000000000001E-2,4.4999999999999997E-3,5.5682093181707495E-3,-4.1200000000000004E-3,-4.829E-3
200011,1314.95,16.296333333333333,51.233333333333334,0.1572808929257013,6.1699999999999998E-2,7.4499999999999997E-2,8.2799999999999999E-2,5.7599999999999998E-2,1.1574522068565425E-3,5.1000000000000004E-3,5.7471264367814356E-4,3.1899999999999998E-2,2.63E-2,3.2724143892108172E-3,-7.8268000000000004E-2,-7.9557000000000003E-2
200012,1320.28,16.270999999999997,50,0.15185150364920535,5.7699999999999994E-2,7.2099999999999997E-2,8.0199999999999994E-2,5.5800000000000002E-2,-2.26174721750238E-3,5.0000000000000001E-3,-5.7438253877073464E-4,2.4299999999999999E-2,2.7E-2,5.2992480732922901E-3,5.7200000000000003E-3,4.8609999999999999E-3
200101,1366.01,16.171666666666663,48.480000000000004,0.15044966622190453,5.1500000000000004E-2,7.1500000000000008E-2,7.9299999999999995E-2,5.62E-2,-3.1925908364371209E-3,5.4000000000000003E-3,6.3218390804598013E-3,5.0000000000000001E-4,3.5900000000000001E-2,4.9410179635066467E-3,3.2375000000000001E-2,3.1555E-2
200102,1239.94,16.072333333333333,46.960000000000008,0.15607009127121954,4.8799999999999996E-2,7.0999999999999994E-2,7.8700000000000006E-2,5.4899999999999997E-2,-6.855720529202608E-3,3.8E-3,3.9977155910908557E-3,1.9099999999999999E-2,1.2699999999999999E-2,2.5284102284801918E-3,-9.0952000000000005E-2,-9.2131000000000005E-2
200103,1160.33,15.972999999999999,45.440000000000005,0.1331135514482312,4.4199999999999996E-2,6.9800000000000001E-2,7.8399999999999997E-2,5.5899999999999998E-2,-5.2134443887948585E-3,4.1999999999999997E-3,2.2753128555175195E-3,-7.4000000000000003E-3,-2.8999999999999998E-3,7.1395945316393627E-3,-6.3705999999999999E-2,-6.4587000000000006E-2
200104,1249.46,15.877333333333333,42.556666666666672,0.12249690060368182,3.8699999999999998E-2,7.2000000000000008E-2,8.0700000000000008E-2,5.9299999999999999E-2,-2.5430255110118578E-3,3.9000000000000003E-3,3.9727582292850006E-3,-3.1300000000000001E-2,-1.2800000000000001E-2,7.4262611416544199E-3,7.7825000000000005E-2,7.6980999999999994E-2
200105,1255.82,15.781666666666666,39.673333333333332,0.120510187998605,3.6200000000000003E-2,7.2900000000000006E-2,8.0700000000000008E-2,5.9400000000000001E-2,-2.4828572675928936E-4,3.2000000000000002E-3,4.5223289994347216E-3,3.7000000000000002E-3,1.32E-2,2.5362374011015268E-3,6.8700000000000002E-3,5.3299999999999997E-3
200106,1224.42,15.686,36.79,0.12520943283134334,3.49E-2,7.1800000000000003E-2,7.9699999999999993E-2,5.8999999999999997E-2,5.0407545041671409E-3,2.8000000000000004E-3,1.6882386043894915E-3,8.5000000000000006E-3,5.4999999999999997E-3,1.5083582954252322E-3,-2.4506E-2,-2.5183000000000001E-2
200107,1211.23,15.702666666666666,33.963333333333331,0.12496658328228791,3.5099999999999999E-2,7.1300000000000002E-2,7.9699999999999993E-2,5.6099999999999997E-2,7.9138366862566405E-3,3.0000000000000001E-3,-2.8089887640448952E-3,3.7600000000000001E-2,3.61E-2,2.8996134281906237E-3,-9.3170000000000006E-3,-1.0248E-2
200108,1133.58,15.719333333333335,31.136666666666663,0.13216414381465613,3.3599999999999998E-2,7.0199999999999999E-2,7.85E-2,5.4600000000000003E-2,9.9183207636646346E-3,3.0999999999999999E-3,0,2.06E-2,1.5599999999999999E-2,2.2215212165124128E-3,-6.3435000000000005E-2,-6.4933000000000005E-2
200109,1040.94,15.736000000000001,28.31,0.14862858821556416,2.64E-2,7.17E-2,8.0299999999999996E-2,5.4199999999999998E-2,8.6527339623396343E-3,2.8000000000000004E-3,4.5070422535211652E-3,8.0999999999999996E-3,-1.52E-2,7.1675936772919169E-3,-8.0361000000000002E-2,-8.1351999999999994E-2
200110,1059.78,15.737333333333336,27.103333333333332,0.14490139957107073,2.1600000000000001E-2,7.0300000000000001E-2,7.9100000000000004E-2,5.0599999999999999E-2,1.0749273649279025E-2,2.2000000000000001E-3,-3.3651149747617737E-3,4.6399999999999997E-2,4.3700000000000003E-2,3.2497725334085059E-3,1.9539999999999998E-2,1.8546E-2
200111,1139.45,15.738666666666667,25.896666666666668,0.13348136666603183,1.8700000000000001E-2,6.9699999999999998E-2,7.8100000000000003E-2,5.5300000000000002E-2,1.1161766529925211E-2,1.7000000000000001E-3,-1.6882386043892694E-3,-4.7100000000000003E-2,-1.8800000000000001E-2,2.1893580096945513E-3,7.8786999999999996E-2,7.7258999999999994E-2
200112,1148.08,15.74,24.69,0.13121784591378771,1.6899999999999998E-2,6.7699999999999996E-2,8.0500000000000002E-2,5.7500000000000002E-2,1.3464824678992815E-2,1.5E-3,-3.9458850056370842E-3,-1.83E-2,-8.9999999999999993E-3,1.7979581002522842E-3,9.051E-3,7.8490000000000001E-3
200201,1130.2,15.736666666666668,24.693333333333335,0.13256054866795369,1.6500000000000001E-2,6.5500000000000003E-2,7.8700000000000006E-2,5.6899999999999999E-2,1.1191289544376228E-2,1.4000000000000002E-3,2.2637238256932868E-3,1.3800000000000002E-2,1.7500000000000002E-2,2.1838795452332744E-3,-1.4324E-2,-1.532E-2
200202,1106.73,15.733333333333334,24.696666666666669,0.13011908568679617,1.72E-2,6.5099999999999991E-2,7.8899999999999998E-2,5.6300000000000003E-2,1.2499020820665631E-2,1.2999999999999999E-3,3.9525691699606735E-3,1.15E-2,1.3000000000000001E-2,2.5678430299262821E-3,-1.9480999999999998E-2,-2.0972999999999999E-2
200203,1147.3900000000001,15.73,24.700000000000003,0.23683340230085725,1.7899999999999999E-2,6.8099999999999994E-2,8.1099999999999992E-2,6.0400000000000002E-2,1.3759444165422182E-2,1.2999999999999999E-3,5.6242969628796935E-3,-4.36E-2,-2.9500000000000002E-2,2.0148209239029811E-3,3.7572000000000001E-2,3.669E-2
200204,1076.92,15.833,25.380000000000003,0.24773231255207134,1.7100000000000001E-2,6.7599999999999993E-2,8.0299999999999996E-2,5.7500000000000002E-2,1.5106853986869794E-2,1.5E-3,5.5928411633110464E-3,4.1000000000000002E-2,2.53E-2,2.3197779615849955E-3,-6.1001E-2,-6.1825999999999999E-2
200205,1067.1400000000001,15.936,26.06,0.24825561406925717,1.7299999999999999E-2,6.7500000000000004E-2,8.09E-2,5.7799999999999997E-2,2.2277340350859345E-2,1.4000000000000002E-3,0,1.5E-3,1.1300000000000001E-2,4.1016101887377957E-3,-7.7999999999999996E-3,-9.4380000000000002E-3
200206,989.81,16.039000000000001,26.74,0.26657250177680364,1.7000000000000001E-2,6.6299999999999998E-2,7.9500000000000001E-2,5.6599999999999998E-2,2.7522770484178238E-2,1.2999999999999999E-3,5.5617352614012461E-4,1.8700000000000001E-2,7.3000000000000001E-3,3.7079466567304276E-3,-7.1348999999999996E-2,-7.2610999999999995E-2
200207,911.62,15.959,27.839999999999996,0.28203219448297867,1.6799999999999999E-2,6.5299999999999997E-2,7.9000000000000001E-2,5.4399999999999997E-2,2.8441026326771326E-2,1.5E-3,1.1117287381878782E-3,3.0300000000000001E-2,9.4000000000000004E-3,1.5342790699523377E-2,-7.3986999999999997E-2,-7.5074000000000002E-2
200208,916.07,15.879,28.939999999999998,0.28441155599500301,1.6200000000000003E-2,6.3700000000000007E-2,7.5800000000000006E-2,5.0999999999999997E-2,2.4747698435545022E-2,1.4000000000000002E-3,3.331482509716821E-3,4.6400000000000004E-2,4.5200000000000004E-2,9.4092909076165208E-3,7.0609999999999996E-3,5.4010000000000004E-3
200209,815.29,15.798999999999999,30.04,0.3245551554638465,1.6299999999999999E-2,6.1500000000000006E-2,7.400000000000001E-2,4.8000000000000001E-2,2.9299295965488373E-2,1.4000000000000002E-3,1.6602102933038765E-3,4.1700000000000001E-2,3.3000000000000002E-2,7.3661128417694087E-3,-0.10896500000000001,-0.11042100000000001
200210,885.76,15.890666666666664,29.223333333333333,0.29343706375456641,1.5800000000000002E-2,6.3200000000000006E-2,7.7300000000000008E-2,5.0799999999999998E-2,2.567093197374052E-2,1.4000000000000002E-3,1.6574585635360517E-3,-2.9400000000000003E-2,-2.4E-2,1.1589635527735679E-2,8.8598999999999997E-2,8.7103E-2
200211,936.31,15.982333333333333,28.406666666666666,0.27697549934051002,1.23E-2,6.3099999999999989E-2,7.6200000000000004E-2,5.21E-2,2.2907597310901594E-2,1.1999999999999999E-3,0,-1.2200000000000001E-2,1.3000000000000001E-2,4.449075140035735E-3,5.9019000000000002E-2,5.7287999999999999E-2
200212,879.82,16.073999999999998,27.589999999999996,0.29538589561836665,1.1899999999999999E-2,6.2100000000000002E-2,7.4499999999999997E-2,4.8399999999999999E-2,2.5735981424768042E-2,1.1000000000000001E-3,-2.2062879205736463E-3,5.0700000000000002E-2,3.61E-2,2.6395380032735232E-3,-5.8833999999999997E-2,-6.0463999999999997E-2
200301,855.7,16.123999999999999,28.5,0.30594230715093917,1.1699999999999999E-2,6.1699999999999998E-2,7.3499999999999996E-2,4.9500000000000002E-2,2.8288955549523858E-2,1E-3,4.4223327805417156E-3,-1.06E-2,2.1000000000000003E-3,5.1675744301912787E-3,-2.6578999999999998E-2,-2.7859999999999999E-2
200302,841.15,16.173999999999999,29.41,0.31225132058189597,1.1699999999999999E-2,5.9500000000000004E-2,7.0599999999999996E-2,4.7199999999999999E-2,2.791871047941636E-2,8.9999999999999998E-4,7.7050082553660193E-3,3.2899999999999999E-2,2.64E-2,2.564119727906977E-3,-1.5245999999999999E-2,-1.7225000000000001E-2
200303,848.18,16.224,30.32,0.28611770079921678,1.1299999999999999E-2,5.8899999999999994E-2,6.9500000000000006E-2,4.8599999999999997E-2,2.4098595348104834E-2,1E-3,6.007646095030017E-3,-1.35E-2,-8.0000000000000002E-3,6.1361179345498507E-3,1.0307999999999999E-2,8.9669999999999993E-3
200304,916.92,16.204333333333334,31.73,0.26965403060989368,1.1299999999999999E-2,5.74E-2,6.8499999999999991E-2,4.8099999999999997E-2,1.9966884604200333E-2,1E-3,-2.1715526601518986E-3,1.0200000000000001E-2,2.29E-2,3.0648097538564902E-3,8.2774E-2,8.1462000000000007E-2
200305,963.59,16.184666666666665,33.14,0.25837550610750942,1.0700000000000001E-2,5.2199999999999996E-2,6.3799999999999996E-2,4.36E-2,6.4481102195485963E-3,8.9999999999999998E-4,-1.6322089227421843E-3,5.9200000000000003E-2,4.7100000000000003E-2,2.2283195008501585E-3,5.3251E-2,5.1507999999999998E-2
200306,974.51,16.164999999999999,34.549999999999997,0.25448833726539011,9.1999999999999998E-3,4.9699999999999994E-2,6.1900000000000004E-2,4.5199999999999997E-2,1.2618836028216584E-3,1E-3,1.0899182561308063E-3,-1.54E-2,-1.43E-2,1.9977006815544074E-3,1.2815999999999999E-2,1.1351E-2
200307,990.31,16.305333333333333,35.893333333333331,0.24764333478963677,9.0000000000000011E-3,5.4900000000000004E-2,6.6199999999999995E-2,5.4199999999999998E-2,2.7158126878455599E-4,7.000000000000001E-4,1.0887316276537717E-3,-9.820000000000001E-2,-8.8099999999999998E-2,2.0460155901345415E-3,1.7932E-2,1.6504999999999999E-2
200308,1008.01,16.445666666666668,37.236666666666665,0.24285607334599177,9.4999999999999998E-3,5.8799999999999998E-2,7.0099999999999996E-2,5.3199999999999997E-2,2.9170176959839055E-3,7.000000000000001E-4,3.8064165307232223E-3,1.66E-2,2.1899999999999999E-2,9.6605637156809429E-4,1.9597E-2,1.8013999999999999E-2
200309,995.97,16.586000000000002,38.58,0.24654178263370644,9.3999999999999986E-3,5.7200000000000001E-2,6.7900000000000002E-2,4.9000000000000002E-2,7.3234014665108831E-3,8.0000000000000004E-4,3.250270855904569E-3,5.4600000000000003E-2,5.0300000000000004E-2,1.8690885416812872E-3,-1.0737E-2,-1.2107E-2
200310,1050.71,16.852333333333334,41.966666666666669,0.23330896667445805,9.1999999999999998E-3,5.7000000000000002E-2,6.7299999999999999E-2,5.1799999999999999E-2,7.2114258791059118E-3,7.000000000000001E-4,-1.0799136069113979E-3,-2.8300000000000002E-2,-2.0300000000000002E-2,1.4076126595935553E-3,5.5559999999999998E-2,5.3969999999999997E-2
200311,1058.2,17.11866666666667,45.353333333333332,0.2337541521073348,9.300000000000001E-3,5.6500000000000002E-2,6.6600000000000006E-2,5.1900000000000002E-2,1.0000788698399595E-2,7.000000000000001E-4,-2.7027027027026751E-3,-2.7000000000000001E-3,5.2000000000000006E-3,9.1966306348981413E-4,9.2589999999999999E-3,7.6059999999999999E-3
200312,1111.92,17.385000000000002,48.739999999999995,0.21873986475412183,9.0000000000000011E-3,5.62E-2,6.6000000000000003E-2,5.11E-2,6.9463157128053284E-3,8.0000000000000004E-4,-1.0840108401083404E-3,1.3900000000000001E-2,1.3900000000000001E-2,8.9370000017737503E-4,5.178E-2,5.0106999999999999E-2
200401,1131.1300000000001,17.598000000000003,49.826666666666668,0.21802772102016865,8.8000000000000005E-3,5.5399999999999998E-2,6.4399999999999999E-2,4.99E-2,6.8865017008011946E-3,7.000000000000001E-4,4.8833423765597406E-3,1.8700000000000001E-2,1.8700000000000001E-2,9.7879335210184089E-4,1.9078000000000001E-2,1.7991E-2
200402,1144.94,17.811,50.913333333333327,0.21605322035691879,9.300000000000001E-3,5.5E-2,6.2699999999999992E-2,4.8300000000000003E-2,9.3613223834386628E-3,5.9999999999999995E-4,5.3995680345573227E-3,2.3E-2,1.78E-2,6.1075094195148954E-4,1.4402999999999999E-2,1.2716E-2
200403,1126.21,18.024000000000001,52,0.281731465479788,9.3999999999999986E-3,5.33E-2,6.1100000000000002E-2,4.7399999999999998E-2,1.2282038386098938E-2,8.9999999999999998E-4,6.4446831364124435E-3,1.41E-2,1.18E-2,1.9812495110685838E-3,-1.4982000000000001E-2,-1.6267E-2
200404,1107.3,18.216666666666665,53.383333333333326,0.28537186680057935,9.3999999999999986E-3,5.7300000000000004E-2,6.4600000000000005E-2,5.3100000000000001E-2,1.3766279535803826E-2,8.0000000000000004E-4,3.2017075773744796E-3,-5.8799999999999998E-2,-5.3400000000000003E-2,1.2309376648862766E-3,-1.5584000000000001E-2,-1.6719000000000001E-2
200405,1120.68,18.409333333333333,54.766666666666666,0.28641157389004213,1.0200000000000001E-2,6.0400000000000002E-2,6.7500000000000004E-2,5.3900000000000003E-2,1.633008333917163E-2,5.9999999999999995E-4,5.8510638297872841E-3,-5.1000000000000004E-3,-7.1000000000000004E-3,9.776153063593921E-4,1.3629E-2,1.2024E-2
200406,1140.8399999999999,18.601999999999997,56.15,0.27963160295453587,1.2699999999999999E-2,6.0100000000000001E-2,6.7799999999999999E-2,5.3199999999999997E-2,1.4491426944137917E-2,8.0000000000000004E-4,3.1729243786355887E-3,1.21E-2,9.2999999999999992E-3,7.7077038360454911E-4,1.9487999999999998E-2,1.8019E-2
200407,1101.72,18.788999999999998,56.69,0.2877883095275901,1.3300000000000001E-2,5.8200000000000002E-2,6.6199999999999995E-2,5.2299999999999999E-2,1.4720670725473449E-2,1E-3,-1.581444385872377E-3,1.55E-2,1.84E-2,7.7709428708540925E-4,-3.2953999999999997E-2,-3.4111000000000002E-2
200408,1104.24,18.975999999999999,57.230000000000004,0.28682061584915158,1.4800000000000001E-2,5.6500000000000002E-2,6.4600000000000005E-2,4.9299999999999997E-2,1.4278696635115155E-2,1.1000000000000001E-3,5.2798310454060804E-4,3.95E-2,3.95E-2,1.4428520355202347E-3,3.8070000000000001E-3,2.019E-3
200409,1114.58,19.163,57.77,0.28948530148498008,1.6500000000000001E-2,5.4600000000000003E-2,6.2699999999999992E-2,4.8800000000000003E-2,9.1322561442699953E-3,1.1000000000000001E-3,2.1108179419524475E-3,9.5999999999999992E-3,1.01E-2,7.0568318477852508E-4,1.0817E-2,9.3469999999999994E-3
200410,1130.2,19.256,58.03,0.29100959663803533,1.7600000000000001E-2,5.4699999999999999E-2,6.2100000000000002E-2,4.7800000000000002E-2,7.4288561584602963E-3,1.1000000000000001E-3,5.26592943654558E-3,1.54E-2,1.6400000000000001E-2,1.2304685240596162E-3,1.4973E-2,1.3698999999999999E-2
200411,1173.82,19.349,58.29,0.27983164589250886,2.07E-2,5.5199999999999999E-2,6.2E-2,5.0200000000000002E-2,1.2176910013646586E-2,1.5E-3,5.238344683080598E-4,-2.3400000000000001E-2,-0.02,8.5742555277373259E-4,4.0558999999999998E-2,3.5571999999999999E-2
200412,1211.92,19.442,58.55,0.27061924267899223,2.1899999999999999E-2,5.4699999999999999E-2,6.1500000000000006E-2,4.8399999999999999E-2,1.3001504652315223E-2,1.6000000000000001E-3,-3.6649214659685292E-3,2.5000000000000001E-2,2.5700000000000001E-2,7.2785019890025243E-4,3.3734E-2,3.2086000000000003E-2
200501,1181.27,19.703000000000003,59.106666666666669,0.2781798561288244,2.3300000000000001E-2,5.3600000000000002E-2,6.0199999999999997E-2,4.65E-2,1.3545495784971303E-2,1.6000000000000001E-3,2.1019442984759884E-3,0.03,2.7699999999999999E-2,8.214051254810047E-4,-2.3824000000000001E-2,-2.4749E-2
200502,1203.5999999999999,19.964000000000002,59.663333333333334,0.27104102364523147,2.5399999999999999E-2,5.2000000000000005E-2,5.8200000000000002E-2,4.7899999999999998E-2,1.1758413862310869E-2,1.6000000000000001E-3,5.7682223387520715E-3,-1.2800000000000001E-2,-1.12E-2,8.3444374675235139E-4,2.1152000000000001E-2,1.9015000000000001E-2
200503,1180.5899999999999,20.225000000000001,60.22,0.31985688934248308,2.7400000000000001E-2,5.4000000000000006E-2,6.0599999999999994E-2,4.8800000000000003E-2,9.0972309868294719E-3,2.0999999999999999E-3,7.8206465067778286E-3,-7.1999999999999998E-3,-1.2500000000000001E-2,8.5989459647531851E-4,-1.7239999999999998E-2,-1.8728999999999999E-2
200504,1156.8499999999999,20.458333333333336,61.233333333333334,0.32962440066283966,2.7799999999999998E-2,5.33E-2,6.0499999999999998E-2,4.6100000000000002E-2,7.9355618737927004E-3,2.0999999999999999E-3,6.7252974650799935E-3,3.73E-2,3.27E-2,1.8258937395814823E-3,-1.8925999999999998E-2,-2.0076E-2
200505,1191.5,20.69166666666667,62.24666666666667,0.32096550459136297,2.8399999999999998E-2,5.1500000000000004E-2,6.0100000000000001E-2,4.3999999999999997E-2,4.7766125512143914E-3,2.3999999999999998E-3,-1.0277492291880241E-3,2.9700000000000001E-2,2.9499999999999998E-2,8.5941595810016982E-4,3.1994000000000002E-2,3.0155999999999999E-2
200506,1191.33,20.925000000000001,63.26,0.32697905687315876,2.9700000000000001E-2,4.9599999999999998E-2,5.8600000000000006E-2,4.2900000000000001E-2,5.365659888997361E-3,2.3E-3,5.1440329218110925E-4,1.67E-2,1.41E-2,5.4211870585804938E-4,1.717E-3,1.3899999999999999E-4
200507,1234.18,21.107000000000003,64.33,0.31573427460621317,3.2199999999999999E-2,5.0599999999999999E-2,5.9500000000000004E-2,4.5600000000000002E-2,4.4800757809423846E-3,2.3999999999999998E-3,4.6272493573265017E-3,-2.8799999999999999E-2,-2.4400000000000002E-2,6.4990818199600305E-4,3.7364000000000001E-2,3.6163000000000001E-2
200508,1220.33,21.289000000000001,65.400000000000006,0.32053312471378415,3.44E-2,5.0900000000000001E-2,5.96E-2,4.3200000000000002E-2,5.40493937815467E-3,3.0000000000000001E-3,5.1177072671442225E-3,3.3300000000000003E-2,2.3300000000000001E-2,6.9672337650219813E-4,-9.1590000000000005E-3,-1.1265000000000001E-2
200509,1228.81,21.471000000000004,66.47,0.31789150983564674,3.4200000000000001E-2,5.1299999999999998E-2,6.0299999999999999E-2,4.6399999999999997E-2,6.7164013348262287E-3,2.8999999999999998E-3,1.2219959266802416E-2,-3.3799999999999997E-2,-3.1E-2,6.5990069329737962E-4,8.0669999999999995E-3,6.9160000000000003E-3
200510,1207.01,21.719333333333335,67.59,0.32180818710985654,3.7100000000000001E-2,5.3499999999999999E-2,6.3E-2,4.8399999999999999E-2,5.7493057228715141E-3,2.7000000000000001E-3,2.012072434607548E-3,-1.9599999999999999E-2,-2.0400000000000001E-2,1.8179863199098705E-3,-1.5671999999999998E-2,-1.6697E-2
200511,1249.48,21.96766666666667,68.710000000000008,0.31091434562881098,3.8800000000000001E-2,5.4199999999999998E-2,6.3899999999999998E-2,4.8099999999999997E-2,5.7679658500382636E-3,3.0999999999999999E-3,-8.0321285140562138E-3,7.6E-3,9.9000000000000008E-3,5.3989891190620476E-4,3.8288999999999997E-2,3.5674999999999998E-2
200512,1248.29,22.216000000000001,69.83,0.31347795661301608,3.8900000000000004E-2,5.3699999999999998E-2,6.3200000000000006E-2,4.6100000000000002E-2,3.058885646370382E-3,3.2000000000000002E-3,-4.0485829959513442E-3,2.6700000000000002E-2,2.2499999999999999E-2,4.3299762004706769E-4,-6.0000000000000002E-5,-1.3960000000000001E-3
200601,1280.08,22.405333333333335,70.776666666666671,0.30922625786250346,4.24E-2,5.2900000000000003E-2,6.2400000000000004E-2,4.7399999999999998E-2,-4.4574039621964723E-4,3.4999999999999996E-3,7.6219512195121464E-3,-1.18E-2,-9.2999999999999992E-3,9.7542520355785192E-4,2.6442E-2,2.5423999999999999E-2
200602,1280.6600000000001,22.594666666666665,71.723333333333329,0.30561036111634149,4.4299999999999999E-2,5.3499999999999999E-2,6.2699999999999992E-2,4.5699999999999998E-2,2.0383227514139696E-3,3.4000000000000002E-3,2.0171457387794245E-3,2.3800000000000002E-2,1.2800000000000001E-2,6.485364099820686E-4,2.4250000000000001E-3,1.6699999999999999E-4
200603,1294.8699999999999,22.783999999999999,72.67,0.31600944072184439,4.5100000000000001E-2,5.5300000000000002E-2,6.4100000000000004E-2,5.0700000000000002E-2,2.1519945273199229E-3,3.7000000000000002E-3,5.5359838953197293E-3,-5.3900000000000003E-2,-4.0399999999999998E-2,5.4525077589459992E-4,1.2909E-2,1.1511E-2
200604,1310.6099999999999,23.001666666666665,73.276666666666671,0.30884197784139195,4.5999999999999999E-2,5.8400000000000001E-2,6.6799999999999998E-2,5.3199999999999997E-2,-3.4725183274703273E-3,3.5999999999999999E-3,8.5085085085083723E-3,-2.47E-2,-2.24E-2,5.9980729319040061E-4,1.2064E-2,1.085E-2
200605,1270.0899999999999,23.219333333333335,73.883333333333326,0.3143403075308619,4.7199999999999999E-2,5.9500000000000004E-2,6.7500000000000004E-2,5.3499999999999999E-2,-2.6567381951168563E-3,4.3E-3,4.9627791563275903E-3,1E-3,-2E-3,1.3551637127247164E-3,-2.8319E-2,-3.0519000000000001E-2
200606,1270.2,23.437000000000001,74.489999999999995,0.31485028994943598,4.7899999999999998E-2,5.8899999999999994E-2,6.7799999999999999E-2,5.3100000000000001E-2,-2.1954893929029295E-3,4.0000000000000001E-3,1.9753086419753707E-3,9.1999999999999998E-3,3.8999999999999998E-3,2.1028156555683245E-3,1.5870000000000001E-3,3.48E-4
200607,1276.6600000000001,23.656666666666666,75.849999999999994,0.31385217528125248,4.9500000000000002E-2,5.8499999999999996E-2,6.7599999999999993E-2,5.1799999999999999E-2,-2.3631202828282706E-3,4.0000000000000001E-3,2.9571217348447476E-3,1.9900000000000001E-2,2.3699999999999999E-2,1.4516632187408847E-3,5.5710000000000004E-3,4.5100000000000001E-3
200608,1303.82,23.876333333333331,77.209999999999994,0.30846179867588075,4.9599999999999998E-2,5.6799999999999996E-2,6.59E-2,4.9599999999999998E-2,-8.4739866765052244E-3,4.1999999999999997E-3,1.9656019656020263E-3,2.9899999999999999E-2,3.61E-2,4.6925153147518912E-4,2.4150000000000001E-2,2.1679E-2
200609,1335.85,24.095999999999997,78.569999999999993,0.30059328354055592,4.8099999999999997E-2,5.5099999999999996E-2,6.4299999999999996E-2,4.8399999999999999E-2,-9.4934855776689121E-3,4.0999999999999995E-3,-4.9043648847474364E-3,1.7000000000000001E-2,1.83E-2,5.1339521046218776E-4,2.6487E-2,2.5295999999999999E-2
200610,1377.94,24.358666666666664,79.55,0.29059916081230192,4.9200000000000001E-2,5.5099999999999996E-2,6.4199999999999993E-2,4.8099999999999997E-2,-8.934739985365793E-3,4.0999999999999995E-3,-5.4213898472152966E-3,7.7000000000000002E-3,1.2699999999999999E-2,4.5058820816370787E-4,3.2527E-2,3.1419999999999997E-2
200611,1400.63,24.621333333333332,80.53,0.28724186769192755,4.9400000000000006E-2,5.33E-2,6.2E-2,4.6699999999999998E-2,-1.5111028781144929E-2,4.1999999999999997E-3,-1.4866204162538033E-3,2.07E-2,2.46E-2,5.9219511512645069E-4,1.8384999999999999E-2,1.5886999999999998E-2
200612,1418.3,24.884,81.509999999999991,0.28168239971435793,4.8499999999999995E-2,5.3200000000000004E-2,6.2199999999999998E-2,4.9099999999999998E-2,-1.5036779086330618E-2,4.0000000000000001E-3,1.4888337468983437E-3,-2.3599999999999999E-2,-2.3199999999999998E-2,3.5753076534906901E-4,1.3768000000000001E-2,1.2293999999999999E-2
200701,1438.24,25.087333333333333,82.056666666666658,0.27814421048211452,4.9800000000000004E-2,5.4000000000000006E-2,6.3399999999999998E-2,5.0200000000000002E-2,-1.3986663485516117E-2,4.4000000000000003E-3,3.0525272547075044E-3,-1.0200000000000001E-2,-5.1000000000000004E-3,4.5048378439812626E-4,1.5313E-2,1.4345E-2
200702,1406.82,25.290666666666667,82.603333333333325,0.28614849416764548,5.0300000000000004E-2,5.3899999999999997E-2,6.2800000000000009E-2,4.7699999999999999E-2,-1.5141024061268861E-2,3.8E-3,5.3503675598767231E-3,3.3500000000000002E-2,2.87E-2,1.4768551543765929E-3,-1.9288E-2,-2.1597999999999999E-2
200703,1420.86,25.494,83.149999999999991,0.26905001346109259,4.9400000000000006E-2,5.2999999999999999E-2,6.2699999999999992E-2,4.9299999999999997E-2,-1.248635258056803E-2,4.3E-3,9.1056958510853381E-3,-1.4500000000000001E-2,-2.3099999999999999E-2,1.5875258859558124E-3,1.0893999999999999E-2,9.6790000000000001E-3
200704,1482.37,25.719333333333331,83.740248104907636,0.25445616893961986,4.87E-2,5.4699999999999999E-2,6.3899999999999998E-2,4.8899999999999999E-2,-8.9118997432612711E-3,4.4000000000000003E-3,6.4961626865089883E-3,8.5000000000000006E-3,1.4E-2,5.8214615876541528E-4,4.3991000000000002E-2,4.2856999999999999E-2
200705,1530.62,25.944666666666663,84.33049620981528,0.24391149412539881,4.7300000000000002E-2,5.4699999999999999E-2,6.3899999999999998E-2,5.0999999999999997E-2,-1.0283117668599852E-2,4.0999999999999995E-3,6.110718674704696E-3,-0.02,-1.78E-2,6.9657339303615931E-4,3.4458999999999997E-2,3.2154000000000002E-2
200706,1503.35,26.169999999999998,84.920744314722924,0.24789560997351326,4.6100000000000002E-2,5.79E-2,6.7000000000000004E-2,5.21E-2,-1.1064005574304005E-2,4.0000000000000001E-3,1.9379751766057662E-3,-9.1000000000000004E-3,-1.4800000000000001E-2,1.4724362327397814E-3,-1.6619999999999999E-2,-1.7829000000000001E-2
200707,1455.27,26.43933333333333,82.814077648056269,0.25158496439999195,4.82E-2,5.7300000000000004E-2,6.6500000000000004E-2,5.0099999999999999E-2,-1.5261855052461764E-2,4.0000000000000001E-3,-2.543772078021922E-4,2.8400000000000002E-2,-3.2000000000000002E-3,2.4262615025348799E-3,-3.1196999999999999E-2,-3.2282999999999999E-2
200708,1473.99,26.708666666666666,80.7074109813896,0.24883985118762977,4.2000000000000003E-2,5.79E-2,6.6500000000000004E-2,4.87E-2,-1.2197537478741444E-2,4.1999999999999997E-3,-1.8339022270870142E-3,1.9900000000000001E-2,1.52E-2,5.1339638120970754E-3,1.5094E-2,1.2859000000000001E-2
200709,1526.75,26.978000000000002,78.600744314722931,0.23920743671233688,3.8900000000000004E-2,5.74E-2,6.59E-2,4.8899999999999999E-2,-1.3015004021967343E-2,3.2000000000000002E-3,2.755907405358915E-3,1.1999999999999999E-3,1.35E-2,1.8684768372137549E-3,3.7468000000000001E-2,3.5922999999999997E-2
200710,1549.38,27.229333333333333,74.46074431472293,0.2386170601315469,3.9E-2,5.6600000000000004E-2,6.480000000000001E-2,4.8000000000000001E-2,-1.7954799851332619E-2,3.2000000000000002E-3,2.1391913281212371E-3,1.55E-2,8.8000000000000005E-3,1.682877827927416E-3,1.736E-2,1.6292000000000001E-2
200711,1481.14,27.480666666666664,70.32074431472293,0.24857969160310339,3.27E-2,5.4400000000000004E-2,6.4000000000000001E-2,4.4499999999999998E-2,-2.5158604030400853E-2,3.4000000000000002E-3,5.9396178734156813E-3,4.6800000000000001E-2,7.9000000000000008E-3,5.6368359827884762E-3,-4.1382000000000002E-2,-4.3581000000000002E-2
200712,1468.36,27.731999999999999,66.180744314722929,0.2505829731427226,0.03,5.4900000000000004E-2,6.6500000000000004E-2,4.4999999999999998E-2,-4.063729411760849E-2,2.7000000000000001E-3,-6.7086312964781403E-4,-2.8999999999999998E-3,2.8E-3,2.345330443473616E-3,-6.1159999999999999E-3,-7.9030000000000003E-3
200801,1378.55,27.921999999999997,64.250744314722937,0.2627544223091714,2.75E-2,5.33E-2,6.54E-2,4.36E-2,-4.317915327534521E-2,2.0999999999999999E-3,4.9705764726046819E-3,2.1299999999999999E-2,1.6999999999999999E-3,4.831785710264179E-3,-6.1165999999999998E-2,-6.2331999999999999E-2
200802,1330.63,28.111999999999998,62.320744314722937,0.27097932103928291,2.12E-2,5.5300000000000002E-2,6.8199999999999997E-2,4.3799999999999999E-2,-4.9608215288993437E-2,1.2999999999999999E-3,2.9041121849535667E-3,1.8E-3,-7.1000000000000004E-3,3.2256416654840104E-3,-3.1419000000000002E-2,-3.3693000000000001E-2
200803,1322.7,28.302,60.390744314722937,0.25405756718033023,1.26E-2,5.5099999999999996E-2,6.8900000000000003E-2,4.3200000000000002E-2,-5.183155862581227E-2,1.7000000000000001E-3,8.6682129309896272E-3,1.06E-2,-5.8999999999999999E-3,6.3376728223022705E-3,-3.3999999999999998E-3,-5.0540000000000003E-3
200804,1385.59,28.438666666666666,57.383829543148622,0.24301469641883508,1.29E-2,5.5500000000000001E-2,6.9699999999999998E-2,4.58E-2,-4.8844729263634666E-2,1.8E-3,6.0647783897194163E-3,-2.8799999999999999E-2,9.1000000000000004E-3,2.9037294854902507E-3,4.8628999999999999E-2,4.7489999999999997E-2
200805,1400.38,28.575333333333333,54.376914771574306,0.24651061216997197,1.7299999999999999E-2,5.57E-2,6.93E-2,4.7500000000000001E-2,-4.5462389716164009E-2,1.8E-3,8.4208860317562806E-3,-1.6400000000000001E-2,-2.7699999999999999E-2,1.6406529901543739E-3,1.2985999999999999E-2,1.0708000000000001E-2
200806,1280,28.712000000000003,51.37,0.27449138811331442,1.8600000000000002E-2,5.6799999999999996E-2,7.0699999999999999E-2,4.5999999999999999E-2,-4.7376885923600502E-2,1.7000000000000001E-3,1.0076996934894167E-2,2.1999999999999999E-2,-6.1000000000000004E-3,3.425240482590618E-3,-8.2841999999999999E-2,-8.4569000000000005E-2
200807,1267.3800000000001,28.759333333333338,49.563333333333333,0.27381565509640515,1.6299999999999999E-2,5.67E-2,7.1599999999999997E-2,4.65E-2,-4.693184528633302E-2,1.5E-3,5.2510111281218741E-3,-2.5000000000000001E-3,-1.09E-2,4.4658468471836434E-3,-7.306E-3,-8.7379999999999992E-3
200808,1282.83,28.806666666666668,47.756666666666668,0.26988924550939702,1.72E-2,5.6399999999999999E-2,7.1500000000000008E-2,4.4900000000000002E-2,-4.6333436707354805E-2,1.2999999999999999E-3,-3.9915622556417896E-3,2.4199999999999999E-2,1.21E-2,3.447847225659779E-3,1.4955E-2,1.2682000000000001E-2
200809,1166.3599999999999,28.854000000000003,45.95,0.28712354824499153,1.1299999999999999E-2,5.6500000000000002E-2,7.3099999999999998E-2,4.4299999999999999E-2,-4.8922844429760484E-2,1.5E-3,-1.3830185406644713E-3,1.12E-2,-8.6300000000000002E-2,2.3774669175021204E-2,-8.5467000000000001E-2,-8.7287000000000003E-2
200810,968.75,28.698333333333334,35.593333333333334,0.33409937361997466,6.7000000000000002E-3,6.2800000000000009E-2,8.8800000000000004E-2,4.7800000000000002E-2,-5.5954166740540177E-2,8.0000000000000004E-4,-1.010133328457874E-2,-3.8300000000000001E-2,-4.4999999999999998E-2,5.8088524686249587E-2,-0.16697999999999999,-0.16845499999999999
200811,896.24,28.542666666666669,25.236666666666665,0.35286735590732399,1.9E-3,6.1200000000000004E-2,9.2100000000000015E-2,3.7199999999999997E-2,-5.2779575137137165E-2,2.9999999999999997E-4,-1.9152895328595876E-2,0.14430000000000001,0.1174,3.625688051113956E-2,-7.3511999999999994E-2,-7.6513999999999999E-2
200812,903.25,28.387,14.879999999999995,0.35498422472109836,2.9999999999999997E-4,5.0499999999999996E-2,8.43E-2,3.0300000000000001E-2,-2.4498463552055576E-2,0,-1.0342473814287434E-2,9.6699999999999994E-2,0.156,2.0090081348220136E-2,1.1995E-2,9.2289999999999994E-3
200901,825.88,28.009666666666668,12.206666666666663,0.3893931402374245,1.2999999999999999E-3,5.0499999999999996E-2,8.14E-2,3.9399999999999998E-2,-2.5056137819373984E-2,0,4.3524173754210249E-3,-0.1124,-9.4899999999999998E-2,1.197109600555081E-2,-8.2614999999999994E-2,-8.4039000000000003E-2
200902,735.09,27.632333333333335,9.5333333333333314,0.44110305496444108,3.0000000000000001E-3,5.2699999999999997E-2,8.0799999999999997E-2,4.0099999999999997E-2,-2.4927494710036111E-2,1E-4,4.9729330359047363E-3,-5.6000000000000008E-3,-3.0800000000000001E-2,9.9612091726442951E-3,-0.103588,-0.107402
200903,797.87,27.255000000000003,6.8599999999999994,0.29652828522313285,2.0999999999999999E-3,5.5E-2,8.4199999999999997E-2,3.5499999999999997E-2,-3.7427387583303981E-2,2.0000000000000001E-4,2.4317484554154944E-3,6.4100000000000004E-2,-1.8E-3,2.0364378680067623E-2,8.7634000000000004E-2,8.4154000000000007E-2
200904,872.81,26.701333333333338,7.0766666666666662,0.27622757745968474,1.6000000000000001E-3,5.3899999999999997E-2,8.3900000000000002E-2,4.0999999999999995E-2,-3.0993036961516885E-2,1E-4,2.4963682777880969E-3,-6.4899999999999999E-2,-3.0000000000000001E-3,7.5510402627314765E-3,9.4229999999999994E-2,9.2549999999999993E-2
200905,919.14,26.147666666666669,7.293333333333333,0.26543204793225678,1.8E-3,5.5399999999999998E-2,8.0600000000000005E-2,4.3200000000000002E-2,-2.4348757405885071E-2,0,2.8887638341774657E-3,-2.4799999999999999E-2,4.8899999999999999E-2,6.3811402683786747E-3,5.4640000000000001E-2,5.1847999999999998E-2
200906,919.32,25.594000000000001,7.51,0.26710784894045225,1.8E-3,5.6100000000000004E-2,7.4999999999999997E-2,4.2900000000000001E-2,-2.2097491340393075E-2,1E-4,8.589892263953347E-3,8.3000000000000001E-3,3.5000000000000003E-2,3.4725262232549034E-3,2.4759999999999999E-3,6.8000000000000005E-4
200907,987.48,25.029666666666667,9.1866666666666674,0.24600479087095942,1.8E-3,5.4100000000000002E-2,7.0900000000000005E-2,4.2999999999999997E-2,-1.3781643001128795E-2,1E-4,-1.5855869221532704E-3,1.9E-3,5.6500000000000002E-2,3.7710547463786904E-3,7.4482000000000007E-2,7.3100999999999999E-2
200908,1020.62,24.465333333333334,10.863333333333333,0.23759408947503655,1.7000000000000001E-3,5.2600000000000001E-2,6.5799999999999997E-2,4.1500000000000002E-2,-7.9214037196561529E-3,1E-4,2.2428500448106181E-3,2.3099999999999999E-2,2.35E-2,2.1777240316582847E-3,3.4750999999999997E-2,3.2254999999999999E-2
200909,1057.08,23.901,12.54,0.23231002401083989,1.1999999999999999E-3,5.1299999999999998E-2,6.3099999999999989E-2,4.0300000000000002E-2,-1.4332157265967402E-5,1E-4,6.2548069349599444E-4,1.7600000000000001E-2,2.7300000000000001E-2,1.9126284568230288E-3,3.6533999999999997E-2,3.4978000000000002E-2
200910,1036.19,23.402333333333331,25.349999999999998,0.23229926086692415,7.000000000000001E-4,5.1500000000000004E-2,6.2899999999999998E-2,4.2000000000000003E-2,3.1975992034780111E-3,0,9.6310118581843795E-4,-1.7100000000000001E-2,1.6000000000000001E-3,3.8979662948849334E-3,-1.8259000000000001E-2,-1.9458E-2
200911,1095.6300000000001,22.903666666666666,38.159999999999997,0.21810487160748743,5.0000000000000001E-4,5.1900000000000002E-2,6.3200000000000006E-2,4.0599999999999997E-2,7.5319202702966593E-3,0,7.0775336876738315E-4,2.0799999999999999E-2,4.4000000000000003E-3,2.0013189924019776E-3,6.0256999999999998E-2,5.7606999999999998E-2
200912,1115.0999999999999,22.405000000000001,50.97,0.21636451685597982,5.0000000000000001E-4,5.2600000000000001E-2,6.3700000000000007E-2,4.58E-2,1.0594467949089192E-2,1E-4,-1.7611981694632961E-3,-5.8400000000000001E-2,-2.75E-2,9.3343534814837833E-4,1.8983E-2,1.7346E-2
201001,1073.8699999999999,22.238,54.29,0.22411702010364221,5.9999999999999995E-4,5.2600000000000001E-2,6.25E-2,4.4058899999999998E-2,1.3409685435639048E-2,0,3.4174735701484327E-3,2.63637E-2,9.5528000000000002E-3,1.9917025463290212E-3,-3.5750999999999998E-2,-3.6781000000000001E-2
201002,1104.49,22.070999999999998,57.61,0.21851846830007188,1.1000000000000001E-3,5.3499999999999999E-2,6.3399999999999998E-2,4.4071199999999998E-2,1.3932076589446993E-2,0,2.4920738207656612E-4,3.1541999999999998E-3,3.8800000000000002E-3,2.3732453709424889E-3,3.0424E-2,2.8014000000000001E-2
201003,1169.43,21.904,60.930000000000007,0.38187817029778121,1.5E-3,5.2699999999999997E-2,6.2699999999999992E-2,4.5777699999999998E-2,2.6390107465545504E-2,1E-4,4.1062835365712758E-3,-1.7875499999999999E-2,4.5082999999999998E-3,6.3340883198182026E-4,6.1013999999999999E-2,5.9429999999999997E-2
201004,1186.69,21.948333333333331,62.986666666666665,0.37660612920250602,1.6000000000000001E-3,5.2900000000000003E-2,6.25E-2,4.3735799999999998E-2,2.6651120629446728E-2,1E-4,1.736884910697345E-3,3.03965E-2,3.57402E-2,1.7938347506958996E-3,1.5977000000000002E-2,1.4957E-2
201005,1089.4100000000001,21.992666666666665,65.043333333333322,0.40900279481445018,1.6000000000000001E-3,4.9599999999999998E-2,6.0499999999999998E-2,4.0681000000000002E-2,2.5719664224431237E-2,1E-4,7.75197354237811E-4,4.3683600000000003E-2,-5.1031000000000002E-3,8.1078431952013186E-3,-8.0111000000000002E-2,-8.2336999999999994E-2
201006,1030.71,22.036999999999999,67.099999999999994,0.42417654148446593,1.1999999999999999E-3,4.8799999999999996E-2,6.2300000000000001E-2,3.7607399999999999E-2,1.8775880843890366E-2,1E-4,-9.7626708467390966E-4,4.4564300000000001E-2,5.1945400000000003E-2,5.5917547911312482E-3,-5.3525000000000003E-2,-5.5114999999999997E-2
201007,1101.5999999999999,22.142333333333333,68.686666666666667,0.39613355322121085,1.6000000000000001E-3,4.7199999999999999E-2,6.0100000000000001E-2,3.7657599999999999E-2,1.5556761446646928E-2,1E-4,2.1104305737162932E-4,2.4380999999999999E-3,1.69798E-2,3.3487857875525752E-3,7.0451E-2,6.862E-2
201008,1049.33,22.247666666666667,70.273333333333326,0.41398161905674846,1.6000000000000001E-3,4.4900000000000002E-2,5.6600000000000004E-2,3.2707800000000002E-2,1.1217719354637511E-2,1E-4,1.3806642784079948E-3,7.02126E-2,4.7318800000000001E-2,2.7046020741628919E-3,-4.5434000000000002E-2,-4.7840000000000001E-2
201009,1141.2,22.353000000000002,71.86,0.3843057827874361,1.5E-3,4.53E-2,5.6600000000000004E-2,3.4063000000000003E-2,3.3375091320580388E-3,1E-4,5.8173623071566816E-4,-1.5330099999999999E-2,-1.4394799999999999E-2,2.3371834354522858E-3,9.0383000000000005E-2,8.8750999999999997E-2
201010,1183.26,22.478333333333335,73.69,0.37288728594042309,1.2999999999999999E-3,4.6799999999999994E-2,5.7200000000000001E-2,3.6715699999999997E-2,7.2316414999466653E-3,1E-4,1.2451988884769616E-3,-3.1738700000000002E-2,-2.0274500000000001E-2,1.080070447467861E-3,3.8725999999999997E-2,3.7081000000000003E-2
201011,1180.55,22.603666666666669,75.52,0.37669475432536009,1.4000000000000002E-3,4.87E-2,5.9200000000000003E-2,3.80256E-2,1.4798007305748375E-2,1E-4,4.206464238194485E-4,-1.37264E-2,-5.7273999999999997E-3,1.737952020951429E-3,-5.1E-5,-2.5709999999999999E-3
201012,1257.6400000000001,22.728999999999999,77.349999999999994,0.35810031690752153,1.4000000000000002E-3,5.0199999999999995E-2,6.0999999999999999E-2,4.1378199999999997E-2,1.261184894228388E-2,1E-4,1.718440789203024E-3,-3.8814300000000003E-2,-3.6191000000000001E-3,8.321360373712551E-4,6.7054000000000002E-2,6.5249000000000001E-2
201101,1286.1199999999999,22.963000000000001,78.67,0.34863222370128311,1.5E-3,5.04E-2,6.0899999999999996E-2,4.3200000000000002E-2,1.5367884875180222E-2,1E-4,4.7632300539741657E-3,-1.9599999999999999E-2,-1.9800000000000002E-2,8.6323005418803035E-4,2.3349000000000002E-2,2.2318999999999999E-2
201102,1327.22,23.197000000000003,79.990000000000009,0.33909657346352218,1.2999999999999999E-3,5.2199999999999996E-2,6.1500000000000006E-2,4.2599999999999999E-2,1.5918107872049402E-2,1E-4,4.9313650254514396E-3,1.1299999999999999E-2,1.5699999999999999E-2,1.0655333840297581E-3,3.2508000000000002E-2,3.0251E-2
201103,1325.83,23.431000000000004,81.31,0.35426993935743722,1E-3,5.1299999999999998E-2,6.0299999999999999E-2,4.2900000000000001E-2,1.2476022425309838E-2,1E-4,9.7510720305094001E-3,-5.9999999999999995E-4,-7.1999999999999998E-3,2.3472642623941094E-3,6.2500000000000001E-4,-8.6700000000000004E-4
201104,1363.61,23.734333333333339,82.163333333333327,0.34069680122773904,5.9999999999999995E-4,5.16E-2,6.0199999999999997E-2,4.1599999999999998E-2,9.3802003581015831E-3,0,6.4394295354570641E-3,1.9900000000000001E-2,2.3900000000000001E-2,6.3653030118415721E-4,2.9440999999999998E-2,2.8358000000000001E-2
201105,1345.2,24.03766666666667,83.016666666666666,0.34722218907396224,4.0000000000000002E-4,4.9599999999999998E-2,5.7800000000000004E-2,3.9100000000000003E-2,9.116843627235206E-3,0,4.7041875272335609E-3,3.5499999999999997E-2,2.5700000000000001E-2,9.3420362216688961E-4,-1.1313E-2,-1.3572000000000001E-2
201106,1320.64,24.341000000000001,83.86999999999999,0.35157003916438573,4.0000000000000002E-4,4.99E-2,5.7500000000000002E-2,4.0899999999999999E-2,1.1733553158478681E-2,0,-1.0709670566992902E-3,-1.7899999999999999E-2,-2.1000000000000001E-2,2.2947473904577844E-3,-1.6545000000000001E-2,-1.8106000000000001E-2
201107,1292.28,24.621000000000002,84.906666666666652,0.3594189030275281,4.0000000000000002E-4,4.9299999999999997E-2,5.7599999999999998E-2,3.78E-2,1.2370560472654652E-2,0,8.8604566679362229E-4,4.2199999999999994E-2,4.7300000000000002E-2,1.8307399767004712E-3,-1.9827999999999998E-2,-2.0982000000000001E-2
201108,1218.8900000000001,24.901,85.943333333333328,0.37581252211859789,2.0000000000000001E-4,4.3700000000000003E-2,5.3600000000000002E-2,3.15E-2,1.2726561949920605E-2,1E-4,2.7575889023645495E-3,8.6199999999999999E-2,2.4E-2,1.9222216236125848E-2,-5.4323000000000003E-2,-5.6735000000000001E-2
201109,1131.42,25.181000000000001,86.97999999999999,0.39992284700065428,1E-4,4.0899999999999999E-2,5.2699999999999997E-2,2.6499999999999999E-2,1.3049301456841913E-2,0,1.5184621156945077E-3,7.0400000000000004E-2,5.7500000000000002E-2,6.9158593554289318E-3,-7.0237999999999995E-2,-7.1738999999999997E-2
201110,1253.3,25.595666666666666,86.97,0.36507790457724421,2.0000000000000001E-4,3.9800000000000002E-2,5.3699999999999998E-2,2.9100000000000001E-2,7.8925078330824381E-3,0,-2.0626826333582926E-3,-3.0600000000000002E-2,9.4000000000000004E-3,7.40085535063373E-3,0.109014,0.107554
201111,1246.96,26.010333333333328,86.96,0.36232989752342748,1E-4,3.8699999999999998E-2,5.1399999999999994E-2,2.7300000000000001E-2,-4.3403130078784194E-3,0,-8.4356133044194426E-4,2.5099999999999997E-2,-3.56E-2,7.6796025081654357E-3,-2.7269999999999998E-3,-5.5519999999999996E-3
201112,1257.5999999999999,26.424999999999997,86.95,0.35723254070370847,1E-4,3.9300000000000002E-2,5.2499999999999998E-2,2.5499999999999998E-2,-6.4973311889083537E-3,0,-2.4665163771382392E-3,2.7000000000000003E-2,5.1200000000000002E-2,2.7640924377300533E-3,9.4269999999999996E-3,7.613E-3
201201,1312.41,26.734333333333332,87.48,0.34548730260882093,2.9999999999999997E-4,3.85E-2,5.2300000000000006E-2,2.4899999999999999E-2,-1.3062132269354676E-2,0,4.4001914282676413E-3,2.0000000000000001E-4,1.9400000000000001E-2,6.4813402485915409E-4,4.5205000000000002E-2,4.4003E-2
201202,1365.68,27.043666666666667,88.009999999999991,0.33697393544043541,8.9999999999999998E-4,3.85E-2,5.1399999999999994E-2,2.7199999999999998E-2,-1.446631326189792E-2,0,4.4029735512762791E-3,-1.9599999999999999E-2,5.7000000000000002E-3,6.2370002441887223E-4,4.3340999999999998E-2,4.0744000000000002E-2
201203,1408.47,27.352999999999998,88.539999999999992,0.34618196735704709,8.0000000000000004E-4,3.9900000000000005E-2,5.2300000000000006E-2,2.9700000000000001E-2,-1.3775049926613828E-2,0,7.5945586239309915E-3,-3.0200000000000001E-2,-3.0300000000000001E-2,1.1552698926965471E-3,3.2865999999999999E-2,3.1281999999999997E-2
201204,1397.91,27.675333333333334,88.333333333333329,0.34614031117868449,8.0000000000000004E-4,3.9599999999999996E-2,5.1900000000000002E-2,2.6800000000000001E-2,-1.2414025701192556E-2,0,3.0210295040804525E-3,4.0899999999999999E-2,2.5100000000000001E-2,1.6275451387254404E-3,-6.0340000000000003E-3,-7.2370000000000004E-3
201205,1310.33,27.997666666666667,88.126666666666665,0.36904735969403196,8.9999999999999998E-4,3.7999999999999999E-2,5.0700000000000002E-2,2.2100000000000002E-2,-1.5270753909324281E-2,1E-4,-1.1734793663211729E-3,6.4299999999999996E-2,3.44E-2,1.4960906320587932E-3,-5.9790000000000003E-2,-6.2433000000000002E-2
201206,1362.16,28.32,87.92,0.35510388514365976,8.9999999999999998E-4,3.6400000000000002E-2,5.0199999999999995E-2,2.3300000000000001E-2,-1.9043064433598531E-2,0,-1.4663968844504938E-3,-1.3600000000000001E-2,6.4000000000000003E-3,3.4372280349494926E-3,4.1465000000000002E-2,3.9888E-2
201207,1379.32,28.743333333333332,87.446666666666673,0.35159370512611582,1E-3,3.4000000000000002E-2,4.87E-2,2.1600000000000001E-2,-2.032077278386319E-2,0,-1.6297858618254946E-3,2.4700000000000003E-2,6.1199999999999997E-2,1.5528398791272563E-3,1.4363000000000001E-2,1.3096E-2
201208,1406.58,29.166666666666664,86.973333333333329,0.34938705232055395,1E-3,3.4799999999999998E-2,4.9100000000000005E-2,2.23E-2,-1.9782956415226278E-2,1E-4,5.5651581814371021E-3,-6.8000000000000005E-3,-9.2999999999999992E-3,7.2712740244161545E-4,2.2744E-2,1.9938000000000001E-2
201209,1440.67,29.59,86.5,0.34038295380040234,1.1000000000000001E-3,3.49E-2,4.8399999999999999E-2,2.35E-2,-1.7424901147275757E-2,1E-4,4.4622122676112319E-3,-1.46E-2,-1.26E-2,1.0446353443037957E-3,2.512E-2,2.3546999999999998E-2
201210,1412.16,30.142314022689746,86.50333333333333,0.34923712209253499,1E-3,3.4700000000000002E-2,4.58E-2,2.3800000000000002E-2,-1.5713137147174136E-2,1E-4,-3.8892514055322014E-4,-1.4000000000000002E-3,2.06E-2,9.2553326096827724E-4,-1.7836999999999999E-2,-1.9227000000000001E-2
201211,1416.18,30.694628045379496,86.506666666666675,0.35113753091992839,8.9999999999999998E-4,3.5000000000000003E-2,4.5100000000000001E-2,2.2800000000000001E-2,-1.2093925472226309E-2,1E-4,-4.73808669488196E-3,1.44E-2,-9.1999999999999998E-3,1.9026489332142663E-3,5.326E-3,2.1540000000000001E-3
201212,1426.19,31.246942068069245,86.510000000000019,0.34903244318207838,7.000000000000001E-4,3.6499999999999998E-2,4.6300000000000001E-2,2.46E-2,-1.1549117601262241E-2,1E-4,-2.6930644902072309E-3,-2.0199999999999999E-2,-6.1999999999999998E-3,1.0357072324698067E-3,8.5079999999999999E-3,5.9020000000000001E-3
201301,1498.11,31.535275401402576,86.90666666666668,0.32998402664246379,7.000000000000001E-4,3.7999999999999999E-2,4.7300000000000002E-2,2.9100000000000001E-2,-8.0167340651691784E-3,0,2.957304192926058E-3,-3.32E-2,-3.1300000000000001E-2,9.0680129036915748E-4,5.2360999999999998E-2,5.1024E-2
201302,1514.68,31.823608734735906,87.303333333333342,0.32543123229658283,1E-3,3.9E-2,4.8499999999999995E-2,2.8500000000000001E-2,-8.8642492813681261E-3,0,8.1900295292687275E-3,1.1399999999999999E-2,9.2999999999999992E-3,1.2427426703674584E-3,1.3013E-2,1.0511E-2
201303,1569.19,32.11194206806924,87.699999999999989,0.34612999655658244,8.9999999999999998E-4,3.9300000000000002E-2,4.8499999999999995E-2,2.87E-2,-8.9106395251122173E-3,0,2.6145085843749527E-3,-6.1999999999999998E-3,-1.8E-3,4.8451997703589835E-4,3.7583999999999999E-2,3.6025000000000001E-2
201304,1597.57,32.496741819554359,88.783333333333331,0.34003625385786868,5.9999999999999995E-4,3.73E-2,4.5899999999999996E-2,2.64E-2,-8.0048588907301009E-3,0,-1.0396394770870732E-3,3.78E-2,3.49E-2,1.6827472494780206E-3,1.9621E-2,1.8481999999999998E-2
201305,1630.74,32.881541571039477,89.86666666666666,0.33383259777831731,4.0000000000000002E-4,3.8900000000000004E-2,4.7300000000000002E-2,3.09E-2,-4.7046810719405512E-3,0,1.7804077735872337E-3,-6.2899999999999998E-2,-5.3600000000000002E-2,1.0155556413159745E-3,2.3120000000000002E-2,2.0441000000000001E-2
201306,1606.28,33.266341322524596,90.95,0.33844435799753175,5.0000000000000001E-4,4.2699999999999995E-2,5.1900000000000002E-2,3.3000000000000002E-2,1.1870876807282187E-4,0,2.3997080855995279E-3,-2.8500000000000001E-2,-3.7100000000000001E-2,2.2476742801164954E-3,-1.3601E-2,-1.5262E-2
201307,1685.73,33.645531342082776,92.09,0.32556256508257658,4.0000000000000002E-4,4.3400000000000001E-2,5.3200000000000004E-2,3.44E-2,8.360605949428241E-3,0,3.9399753323299258E-4,-1.7299999999999999E-2,3.0999999999999999E-3,5.0206535780765156E-4,5.0672000000000002E-2,4.9286999999999997E-2
201308,1632.97,34.024721361640957,93.22999999999999,0.34071332740503069,4.0000000000000002E-4,4.5400000000000003E-2,5.4199999999999998E-2,3.5099999999999999E-2,1.0332115921113293E-2,0,1.2029315570472043E-3,-7.9000000000000008E-3,-7.4000000000000003E-3,9.5042459261886105E-4,-2.9207E-2,-3.1637999999999999E-2
201309,1681.55,34.403911381199144,94.36999999999999,0.33352148460607534,2.0000000000000001E-4,4.6399999999999997E-2,5.4699999999999999E-2,3.49E-2,1.0118701041020341E-2,0,1.1630044852635191E-3,6.0999999999999995E-3,1.4E-3,6.222223076099544E-4,3.1660000000000001E-2,3.0064E-2
201310,1756.54,34.599955624045137,96.313333333333333,0.3245948249521573,5.0000000000000001E-4,4.53E-2,5.3099999999999994E-2,3.4200000000000001E-2,9.6228184002905854E-3,0,-2.5752832598047171E-3,1.2800000000000001E-2,2.1100000000000001E-2,1.4383685762422156E-3,4.6267999999999997E-2,4.4953E-2
201311,1805.81,34.79599986689113,98.256666666666661,0.31368527844310817,7.000000000000001E-4,4.6300000000000001E-2,5.3800000000000001E-2,3.61E-2,1.0324774938618499E-2,0,-2.042424190523473E-3,-2.3599999999999999E-2,-8.6E-3,6.4439890744477353E-4,3.0817000000000001E-2,2.8398E-2
201312,1848.36,34.992044109737122,100.2,0.30440812564171549,7.000000000000001E-4,4.6199999999999998E-2,5.3800000000000001E-2,3.78E-2,1.2143942273063067E-2,0,-8.5811497882559706E-5,-2.07E-2,2.0000000000000001E-4,7.4551649486530671E-4,2.5950000000000001E-2,2.4195999999999999E-2
201401,1782.59,35.403922430760261,100.41666666666666,0.32142927666676219,4.0000000000000002E-4,4.4900000000000002E-2,5.1900000000000002E-2,3.4200000000000001E-2,1.376521668058331E-2,0,3.7202476732360878E-3,5.4800000000000001E-2,3.3099999999999997E-2,1.3035883972254401E-3,-3.4666000000000002E-2,-3.5730999999999999E-2
201402,1859.45,35.815800751783399,100.63333333333333,0.30916307176147595,5.0000000000000001E-4,4.4500000000000005E-2,5.0999999999999997E-2,3.39E-2,1.6576162420561043E-2,0,3.6979086509687509E-3,7.4000000000000003E-3,1.6799999999999999E-2,1.2535647470090863E-3,4.5756999999999999E-2,4.3194000000000003E-2
201403,1872.34,36.227679072806538,100.85000000000001,0.35061606571043513,5.0000000000000001E-4,4.3799999999999999E-2,5.0599999999999999E-2,3.3700000000000001E-2,1.6416380408334708E-2,0,6.4400441262282282E-3,6.3E-3,6.1999999999999998E-3,8.6903254595359738E-4,8.0560000000000007E-3,6.5370000000000003E-3
201404,1883.95,36.612011647511487,101.60666666666667,0.34801131908877958,2.9999999999999997E-4,4.24E-2,4.9000000000000002E-2,3.2599999999999997E-2,1.6623264614524822E-2,0,3.2967544531576909E-3,1.8100000000000002E-2,1.6E-2,1.3626924538060882E-3,6.5550000000000001E-3,5.3880000000000004E-3
201405,1923.57,36.996344222216443,102.36333333333334,0.3451732559996698,2.9999999999999997E-4,4.1599999999999998E-2,4.7599999999999996E-2,3.09E-2,1.3985264986324119E-2,0,3.4926098400485106E-3,2.7900000000000001E-2,1.8800000000000001E-2,5.5520416527989058E-4,2.3309E-2,2.0895E-2
201406,1960.23,37.380676796921392,103.12,0.34292845851211773,4.0000000000000002E-4,4.2500000000000003E-2,4.8000000000000001E-2,3.1300000000000001E-2,1.3885435560775376E-2,0,1.8621269440941557E-3,-2.5000000000000001E-3,2E-3,2.8199979941279161E-4,2.0635000000000001E-2,1.9047999999999999E-2
201407,1930.67,37.75198829679195,104.06666666666666,0.34837985184111864,2.9999999999999997E-4,4.1599999999999998E-2,4.7300000000000002E-2,3.1E-2,8.4371730605535267E-3,0,-3.901939641608454E-4,5.6999999999999993E-3,2.3999999999999998E-3,9.4912188449221713E-4,-1.3974E-2,-1.5278E-2
201408,2003.37,38.123299796662501,105.01333333333334,0.33747620398340195,2.9999999999999997E-4,4.0800000000000003E-2,4.6900000000000004E-2,2.87E-2,6.7389899806345396E-3,0,-1.6705141657922251E-3,3.6900000000000002E-2,3.56E-2,5.4620174589489214E-4,3.9777E-2,3.7446E-2
201409,1972.29,38.494611296533051,105.96000000000001,0.33857618128370165,2.0000000000000001E-4,4.1100000000000005E-2,4.8000000000000001E-2,0.03,7.991443016999028E-3,0,7.5256882431085081E-4,-1.7000000000000001E-2,-2.7099999999999999E-2,7.2102321026521734E-4,-1.3927999999999999E-2,-1.5467E-2
201410,2018.05,38.810787895265349,104.74333333333334,0.3318083645572415,2.0000000000000001E-4,3.9199999999999999E-2,4.6900000000000004E-2,2.8199999999999999E-2,8.0322916650984039E-3,0,-2.5122778125539202E-3,0.03,2.2499999999999999E-2,2.9439983039257623E-3,2.3972E-2,2.2800000000000001E-2
201411,2067.56,39.126964493997647,103.52666666666667,0.32366178602038109,2.0000000000000001E-4,3.9199999999999999E-2,4.7899999999999998E-2,2.64E-2,6.8915800935411458E-3,0,-5.3994179410612464E-3,2.86E-2,1.7299999999999999E-2,1.5025395227272122E-4,2.7630999999999999E-2,2.5159000000000001E-2
201412,2058.9,39.443141092729945,102.31,0.32375567172209951,2.9999999999999997E-4,3.7900000000000003E-2,4.7400000000000005E-2,2.46E-2,5.6250385361949484E-3,0,-5.6701009100109667E-3,2.8999999999999998E-2,1.83E-2,1.9928394364508968E-3,-2.4729999999999999E-3,-4.2490000000000002E-3
201501,1994.98999,39.8976306774656,101.28999999999999,0.33616876250731864,2.9999999999999997E-4,3.4599999999999999E-2,4.4500000000000005E-2,0.02,1.9091769041446776E-4,0,-4.7058923734732971E-3,7.0900000000000005E-2,5.9900000000000002E-2,2.2266292360955367E-3,-2.9430000000000001E-2,-3.0467999999999999E-2
201502,2104.5,40.352120262201254,100.27000000000001,0.3182272910267086,2.0000000000000001E-4,3.61E-2,4.5100000000000001E-2,2.3800000000000002E-2,-3.7666738874743764E-3,0,4.3430449237722435E-3,-5.2300000000000006E-2,-3.2000000000000001E-2,8.1353969853155785E-4,5.6975999999999999E-2,5.4304999999999999E-2
201503,2067.889893,40.806609846936908,99.25,0.30745404508970464,2.9999999999999997E-4,3.6400000000000002E-2,4.5400000000000003E-2,2.3E-2,-6.8894585082669773E-3,0,5.9517216110973603E-3,1.37E-2,5.7999999999999996E-3,1.7203749998785591E-3,-1.4992999999999999E-2,-1.6628E-2
201504,2085.51001,41.118407167935921,97.803333333333342,0.30634420969792359,2.0000000000000001E-4,3.5200000000000002E-2,4.4800000000000006E-2,2.4899999999999999E-2,-7.0747676053279076E-3,0,2.0328732545877859E-3,-2.5000000000000001E-2,-2.23E-2,5.7434276048798024E-4,9.1009999999999997E-3,8.0040000000000007E-3
201505,2107.389893,41.430204488934933,96.356666666666669,0.30344995302787015,2.0000000000000001E-4,3.9800000000000002E-2,4.8899999999999999E-2,2.6200000000000001E-2,-8.0783905535926018E-3,0,5.0972320254947245E-3,-1.5900000000000001E-2,-2.0400000000000001E-2,8.8699541850926881E-4,1.2522E-2,1.0141000000000001E-2
201506,2063.110107,41.742001809933939,94.91,0.31018683266447256,2.0000000000000001E-4,4.1900000000000007E-2,5.1299999999999998E-2,2.8500000000000001E-2,-8.7253357838651801E-3,0,3.5028699985282241E-3,-2.98E-2,-3.2000000000000001E-2,1.0521575969268848E-3,-1.9342999999999999E-2,-2.102E-2
201507,2103.8400879999999,41.998133376446901,93.493333333333339,0.30895326475167129,2.9999999999999997E-4,4.1500000000000002E-2,5.2000000000000005E-2,2.63E-2,-8.7016887115267463E-3,0,6.7047159295618997E-5,3.2899999999999999E-2,2.3900000000000001E-2,1.1597789569311196E-3,2.1297E-2,2.0101000000000001E-2
201508,1972.1800539999999,42.254264942959864,92.076666666666668,0.33067098740745271,7.000000000000001E-4,4.0399999999999998E-2,5.1900000000000002E-2,2.64E-2,-1.0170348050382144E-2,0,-1.4162762828194841E-3,1.1999999999999999E-3,-6.7000000000000002E-3,5.8469489447891439E-3,-6.0086000000000001E-2,-6.2433000000000002E-2
201509,1920.030029,42.510396509472827,90.66,0.33561195477963979,2.0000000000000001E-4,4.07E-2,5.3399999999999996E-2,2.53E-2,-1.3647475460494694E-2,0,-1.5567565753034085E-3,1.7399999999999999E-2,1.3300000000000001E-2,4.0534912496429402E-3,-2.4546999999999999E-2,-2.6258E-2
201510,2079.360107,42.802893459958597,89.283333333333331,0.30941362829874419,2.0000000000000001E-4,3.95E-2,5.3399999999999996E-2,2.5899999999999999E-2,-1.6841721274074874E-2,0,-4.4968375044651676E-4,-5.3E-3,2E-3,1.6189066553081932E-3,8.3448999999999995E-2,8.2048999999999997E-2
201511,2080.4099120000001,43.095390410444374,87.906666666666666,0.30842915769371421,1.1999999999999999E-3,4.0599999999999997E-2,5.4600000000000003E-2,2.6499999999999999E-2,-1.8447402883085613E-2,0,-2.1106803790814643E-3,-6.5000000000000006E-3,2E-3,1.1187586249908424E-3,3.3730000000000001E-3,8.1700000000000002E-4
201512,2043.9399410000001,43.387887360930144,86.53,0.31364881437793796,2.3E-3,3.9699999999999999E-2,5.4600000000000003E-2,2.6800000000000001E-2,-2.2261832875444258E-2,1E-4,-3.4170964371187385E-3,-2.2000000000000001E-3,0,2.838486129710513E-3,-1.5247E-2,-1.7076000000000001E-2
201601,1940.24,43.550571438386221,86.5,0.33191062958891798,2.5999999999999999E-3,0.04,5.45E-2,2.3599999999999999E-2,-2.095466149727453E-2,1E-4,1.6531022090686687E-3,4.7600000000000003E-2,6.7000000000000002E-3,4.3013138501109488E-3,-4.9099999999999998E-2,-5.0250000000000003E-2
201602,1932.23,43.713255515842299,86.47,0.33090182544728003,3.0999999999999999E-3,3.9599999999999996E-2,5.3399999999999996E-2,2.1700000000000001E-2,-2.4726501533838111E-2,2.0000000000000001E-4,8.2307653345492504E-4,2.9399999999999999E-2,2.3199999999999998E-2,2.6015443282468059E-3,-1.7420000000000001E-3,-4.457E-3
201603,2059.7399999999998,43.875939593298376,86.44,0.32795479129594479,2.8999999999999998E-3,3.8199999999999998E-2,5.1299999999999998E-2,2.18E-2,-2.3715133746041738E-2,2.0000000000000001E-4,4.3060001433927741E-3,-2.9999999999999997E-4,4.2299999999999997E-2,1.274156639981947E-3,6.7339999999999997E-2,6.5145999999999996E-2
201604,2065.3000000000002,44.07058552145557,86.6,0.32632088868684189,2.3E-3,3.6200000000000003E-2,4.7899999999999998E-2,2.23E-2,-2.4215916311499431E-2,1E-4,4.7410679791040078E-3,-5.3E-3,1.46E-2,8.1776354072902763E-4,3.7469999999999999E-3,2.5760000000000002E-3
201605,2096.9499999999998,44.265231449612763,86.759999999999991,0.32607211927678326,2.7000000000000001E-3,3.6499999999999998E-2,4.6799999999999994E-2,2.1899999999999999E-2,-2.7053686285841854E-2,1E-4,4.0457909981150841E-3,8.2000000000000007E-3,1.6000000000000001E-3,9.9556871367548097E-4,1.8487E-2,1.5886000000000001E-2
201606,2098.86,44.459877377769956,86.92,0.32347536167058649,2.7000000000000001E-3,3.5000000000000003E-2,4.53E-2,1.7899999999999999E-2,-2.8684678270255788E-2,2.0000000000000001E-4,3.2843661672818936E-3,5.8999999999999997E-2,3.7699999999999997E-2,2.8644087471100393E-3,2.6749999999999999E-3,1.0020000000000001E-3
201607,2173.6,44.64848202109421,87.643333333333331,0.31466115892588198,3.0000000000000001E-3,3.2799999999999996E-2,4.2199999999999994E-2,1.7500000000000002E-2,-3.1674661255135156E-2,2.0000000000000001E-4,-1.618136404749948E-3,8.0999999999999996E-3,2.4500000000000001E-2,4.7766359049526561E-4,3.6570999999999999E-2,3.5324000000000001E-2
201608,2170.9499999999998,44.837086664418464,88.366666666666674,0.31519742534052719,3.0000000000000001E-3,3.32E-2,4.24E-2,1.8599999999999998E-2,-3.0781760528956589E-2,2.0000000000000001E-4,9.1843010788439372E-4,-1.4E-2,1.6000000000000001E-3,2.791631629746401E-4,1.2470000000000001E-3,-1.3960000000000001E-3
201609,2168.27,45.025691307742711,89.09,0.31679388687551713,2.8999999999999998E-3,3.4099999999999998E-2,4.3099999999999999E-2,1.9599999999999999E-2,-3.2603226850481233E-2,2.0000000000000001E-4,2.4039958646289161E-3,-1.24E-2,-1.1900000000000001E-2,1.6731125316166715E-3,4.46E-4,-1.0330000000000001E-3
201610,2126.15,45.250662033594431,90.91,0.31968778145363191,3.3E-3,3.5099999999999999E-2,4.3799999999999999E-2,2.1999999999999999E-2,-2.9033998857132814E-2,2.0000000000000001E-4,1.2467485130143174E-3,-3.1399999999999997E-2,-2.63E-2,3.6405192231051697E-4,-1.7957999999999998E-2,-1.9206000000000001E-2
201611,2198.81,45.475632759446142,92.73,0.30328578644793491,4.5000000000000005E-3,3.8599999999999995E-2,4.7100000000000003E-2,2.6700000000000002E-2,-2.7452480366786956E-2,1E-4,-1.5554608673349346E-3,-5.9900000000000002E-2,-5.0999999999999997E-2,9.4637214296865385E-4,3.5790000000000002E-2,3.3007000000000002E-2
201612,2238.83,45.700603485297862,94.55,0.29347909687996521,5.1000000000000004E-3,4.0599999999999997E-2,4.8300000000000003E-2,2.7199999999999998E-2,-2.5103573561601759E-2,2.9999999999999997E-4,3.2732139231739232E-4,-5.7000000000000002E-3,5.8999999999999999E-3,5.2402192186100079E-4,1.9195E-2,1.7569000000000001E-2
201701,2278.8701169999999,45.927876940745954,96.463333333333338,0.29197964998894116,5.1000000000000004E-3,3.9199999999999999E-2,4.6600000000000003E-2,2.7799999999999998E-2,-2.2657605468913763E-2,4.0000000000000002E-4,5.8277278902547636E-3,4.3E-3,-2.0999999999999999E-3,3.3557127172311282E-4,1.9383999999999998E-2,1.8311000000000001E-2
201702,2363.639893,46.155150396194053,98.376666666666665,0.27867783260184326,5.1999999999999998E-3,3.95E-2,4.6399999999999997E-2,2.7E-2,-1.8708851466829324E-2,4.0000000000000002E-4,3.1461173864164582E-3,1.37E-2,2.12E-2,2.2391289789916826E-4,3.9459000000000001E-2,3.7052000000000002E-2
201703,2362.719971,46.382423851642145,100.28999999999999,0.28159888933263938,7.4000000000000003E-3,4.0099999999999997E-2,4.6799999999999994E-2,2.7400000000000001E-2,-1.6198860572175896E-2,2.9999999999999997E-4,8.1279787194721287E-4,-4.0000000000000001E-3,-6.1999999999999998E-3,5.7530400163254166E-4,1.6639999999999999E-3,5.5000000000000002E-5
201704,2384.1999510000001,46.661289040974012,101.53333333333333,0.27787002632799229,8.0000000000000002E-3,3.8699999999999998E-2,4.5700000000000005E-2,2.6499999999999999E-2,-1.5574557753589473E-2,5.0000000000000001E-4,2.965533365326678E-3,1.4499999999999999E-2,1.7600000000000001E-2,3.9054711006855441E-4,1.0591E-2,9.4389999999999995E-3
201705,2411.8000489999999,46.940154230305879,102.77666666666667,0.27696876723184077,8.8999999999999999E-3,3.85E-2,4.5499999999999999E-2,2.5600000000000001E-2,-1.0186140296460304E-2,5.9999999999999995E-4,8.5472182689638743E-4,1.5800000000000002E-2,2.2599999999999999E-2,5.0309847094479586E-4,1.4552000000000001E-2,1.192E-2
201706,2423.4099120000001,47.219019419637746,104.02,0.27254522752308352,9.7999999999999997E-3,3.6799999999999999E-2,4.3700000000000003E-2,2.58E-2,-9.7840063345329825E-3,5.9999999999999995E-4,9.0711101486107282E-4,-1E-3,1.0800000000000001E-2,4.4755991824232158E-4,5.7980000000000002E-3,4.3639999999999998E-3
201707,2470.3000489999999,47.537047272445676,105.03999999999999,0.26580367876679495,1.0700000000000001E-2,3.7000000000000005E-2,4.3899999999999995E-2,2.6200000000000001E-2,-1.3163550805265605E-2,7.000000000000001E-4,-6.8992263885203631E-4,-2.7000000000000001E-3,6.0000000000000001E-3,2.5884365881884749E-4,2.0695999999999999E-2,1.9161999999999998E-2
201708,2471.6499020000001,47.855075125253613,106.06,0.26511361364580183,1.01E-2,3.6299999999999999E-2,4.3099999999999999E-2,2.4199999999999999E-2,-1.2212825087824532E-2,8.9999999999999998E-4,2.9944522971085963E-3,2.8900000000000002E-2,1.5300000000000001E-2,7.5337576855279804E-4,2.238E-3,-3.2400000000000001E-4
201709,2519.360107,48.173102978061543,107.08000000000001,0.25970616679130332,1.03E-2,3.6299999999999999E-2,4.2999999999999997E-2,2.5899999999999999E-2,-1.1085179589316823E-2,8.9999999999999998E-4,5.2949058932301174E-3,-2.0499999999999997E-2,-3.7000000000000002E-3,2.572471807716921E-4,2.0049999999999998E-2,1.8742000000000002E-2
201710,2575.26001,48.426075097243597,108.01333333333334,0.24890619858272187,1.0700000000000001E-2,3.6000000000000004E-2,4.3200000000000002E-2,2.6100000000000002E-2,-1.237806885406424E-2,8.9999999999999998E-4,-6.3204210372769243E-4,-1.2999999999999999E-3,7.6E-3,2.1815287274513484E-4,2.4157999999999999E-2,2.3005999999999999E-2
201711,2584.8400879999999,48.679047216425658,108.94666666666666,0.23972710074357431,1.23E-2,3.5699999999999996E-2,4.2699999999999995E-2,2.5999999999999999E-2,-1.2192513281936098E-2,8.0000000000000004E-4,2.4324685907517463E-5,3.5999999999999999E-3,2E-3,3.5533690058538647E-4,3.1389E-2,2.886E-2
201712,2673.610107,48.932019335607713,109.88,0.2353933430957158,1.32E-2,3.5099999999999999E-2,4.2199999999999994E-2,2.5399999999999999E-2,-1.9878874655718796E-2,8.9999999999999998E-4,-5.8783227726233456E-4,1.0200000000000001E-2,2.5600000000000001E-2,2.4411328490383253E-4,1.1148999999999999E-2,9.8510000000000004E-3
201801,2823.81,49.289022753262884,111.73333333333332,0.22251914863023572,1.41E-2,3.5499999999999997E-2,4.2599999999999999E-2,2.8400000000000002E-2,-1.9043602222493967E-2,1.1000000000000001E-3,5.4477454527752656E-3,-3.15E-2,-2.4300000000000002E-2,7.7426155005067086E-4,5.806E-2,5.7017999999999999E-2
201802,2713.83,49.646026170918063,113.58666666666666,0.23247806561935658,1.5700000000000002E-2,3.8199999999999998E-2,4.5100000000000001E-2,3.0099999999999998E-2,-1.8319797581262405E-2,1.1000000000000001E-3,4.5346899748657243E-3,-2.2400000000000003E-2,-3.1300000000000001E-2,5.3616628148893614E-3,-3.7661E-2,-3.9702000000000001E-2
201803,2640.87,50.003029588573234,115.44,0.25946153836579594,1.7000000000000001E-2,3.8699999999999998E-2,4.6399999999999997E-2,2.8500000000000001E-2,-1.8221349066915589E-2,1.1999999999999999E-3,2.2611259041491749E-3,2.5899999999999999E-2,1.24E-2,3.2467403430562294E-3,-2.5458999999999999E-2,-2.7092000000000001E-2
201804,2648.05,50.332116442041254,117.78666666666666,0.25881683472560491,1.7600000000000001E-2,3.85E-2,4.6699999999999998E-2,0.03,-1.8605662613232387E-2,1.4000000000000002E-3,3.9750915633489647E-3,-1.77E-2,-0.02,2.3626692590858812E-3,3.7699999999999999E-3,2.6559999999999999E-3
201805,2705.27,50.661203295509267,120.13333333333333,0.25613822829769528,1.8600000000000002E-2,0.04,4.8300000000000003E-2,2.8899999999999999E-2,-1.8933503449156352E-2,1.4000000000000002E-3,4.1589169254347969E-3,1.6399999999999998E-2,1.3999999999999999E-2,9.2271166004713261E-4,2.3800000000000002E-2,2.1316999999999999E-2
201806,2718.37,50.990290148977294,122.48,0.25766241021844222,1.9E-2,3.9599999999999996E-2,4.8300000000000003E-2,2.9100000000000001E-2,-2.2101276016534815E-2,1.4000000000000002E-3,1.5938757015439009E-3,7.000000000000001E-4,-1.24E-2,6.2286550214242194E-4,6.8399999999999997E-3,5.5069999999999997E-3
201807,2816.29,51.439858607598609,125.11666666666667,0.24606662393631526,1.9599999999999999E-2,3.8699999999999998E-2,4.7899999999999998E-2,3.0200000000000001E-2,-1.709592176038632E-2,1.6000000000000001E-3,6.7463262285238912E-5,-1.3100000000000001E-2,1.01E-2,6.5442890370334521E-4,3.7144000000000003E-2,3.5970000000000002E-2
201808,2901.52,51.889427066219938,127.75333333333333,0.24085782223793578,2.0299999999999999E-2,3.8800000000000001E-2,4.7699999999999992E-2,2.93E-2,-2.145123019651925E-2,1.6000000000000001E-3,5.5554232835719475E-4,1.52E-2,5.7999999999999996E-3,4.7127352844317997E-4,3.2938000000000002E-2,3.0647000000000001E-2
201809,2913.98,52.338995524841252,130.38999999999999,0.23636543679471589,2.1299999999999999E-2,3.9800000000000002E-2,4.8799999999999996E-2,3.3399999999999999E-2,-2.0834449108608315E-2,1.5E-3,1.1620251758901468E-3,-5.1799999999999999E-2,-1.2E-2,2.3007407698824586E-4,5.1380000000000002E-3,3.7580000000000001E-3
201810,2711.74,52.80872304476646,131.05666666666667,0.249000229338073,2.2499999999999999E-2,4.1399999999999999E-2,5.0700000000000002E-2,3.5200000000000002E-2,-2.1216895043775049E-2,1.9E-3,1.766763455725906E-3,-2.0400000000000001E-2,-3.2300000000000002E-2,4.5776015768846995E-3,-6.8408999999999998E-2,-6.9491999999999998E-2
201811,2760.17,53.278450564691667,131.72333333333333,0.24487890029390966,2.3300000000000001E-2,4.2199999999999994E-2,5.2199999999999996E-2,3.1699999999999999E-2,-2.4593067416848663E-2,1.8E-3,-3.3493485181009808E-3,5.0499999999999996E-2,7.0999999999999995E-3,2.837641673083945E-3,1.9751999999999999E-2,1.7259E-2
201812,2506.85,53.748178084616868,132.38999999999999,0.26808876748690169,2.3700000000000002E-2,4.0199999999999993E-2,5.1299999999999998E-2,2.8400000000000002E-2,-1.9227909317654845E-2,1.9E-3,-3.1939628151310684E-3,4.8099999999999997E-2,3.7000000000000005E-2,6.7931027177002504E-3,-9.0646000000000004E-2,-9.2188000000000006E-2
201901,2704.1000979999999,54.144423206880788,133.05666666666667,0.25015650284632585,2.3700000000000002E-2,3.9300000000000002E-2,5.1200000000000002E-2,2.7099999999999999E-2,-1.9304705350600016E-2,2.0999999999999999E-3,1.9065966652469513E-3,8.0000000000000002E-3,2.7699999999999999E-2,3.0113953589607357E-3,8.1408999999999995E-2,8.0023999999999998E-2
201902,2784.48999,54.540668329144701,133.72333333333336,0.24131154499151103,2.3900000000000001E-2,3.7900000000000003E-2,4.9500000000000002E-2,2.6800000000000001E-2,-2.315933559424482E-2,1.8E-3,4.2270531400967482E-3,-9.1000000000000004E-3,-7.4000000000000003E-3,5.3240270921526439E-4,3.1708E-2,2.9398000000000001E-2
201903,2834.3999020000001,54.936913451408614,134.39000000000001,0.25308808928813514,2.4E-2,3.7699999999999997E-2,4.8399999999999999E-2,2.5699999999999997E-2,-2.3231494177042178E-2,1.9E-3,5.6413583568060144E-3,4.4699999999999997E-2,4.8499999999999995E-2,1.1070680507806062E-3,1.9531E-2,1.8006999999999999E-2
201904,2945.830078,55.317033881531785,134.68333333333334,0.2467665239157513,2.3799999999999998E-2,3.6900000000000002E-2,4.7E-2,2.53E-2,-2.169969456574157E-2,2.0999999999999999E-3,5.2950016128905375E-3,-1.26E-2,-8.8999999999999999E-3,3.7443825487763744E-4,4.0628999999999998E-2,3.9468999999999997E-2
201905,2752.0600589999999,55.697154311654955,134.97666666666669,0.26444608784777229,2.35E-2,3.6699999999999997E-2,4.6300000000000001E-2,2.4E-2,-2.0358318131803322E-2,2.0999999999999999E-3,2.1287585893843275E-3,5.2999999999999999E-2,3.7599999999999995E-2,1.8316356252328031E-3,-6.3186999999999993E-2,-6.5503000000000006E-2
201906,2941.76001,56.077274741778126,135.27000000000001,0.24670111415935794,2.1700000000000001E-2,3.4200000000000001E-2,4.4600000000000001E-2,2.07E-2,-1.2538346453199277E-2,1.8E-3,1.9914718148150712E-4,1.04E-2,3.3700000000000001E-2,1.0648135710654557E-3,6.9560999999999998E-2,6.8056000000000005E-2
201907,2980.3798830000001,56.458018792514657,134.48000000000002,0.24427390413230884,2.1000000000000001E-2,3.2899999999999999E-2,4.2800000000000005E-2,2.06E-2,-1.2604295962608139E-2,1.9E-3,1.6709416224534035E-3,2.3999999999999998E-3,8.3999999999999995E-3,5.9353764477574136E-4,1.4603E-2,1.3367E-2
201908,2926.459961,56.838762843251189,133.69,0.24853882452190762,1.95E-2,2.98E-2,3.8699999999999998E-2,1.6299999999999999E-2,-1.0142434984533511E-2,1.6000000000000001E-3,-5.0668236082906937E-5,7.9699999999999993E-2,7.3800000000000004E-2,4.3178808177833632E-3,-1.6084999999999999E-2,-1.8377000000000001E-2
201909,2976.73999,57.219506893987713,132.9,0.24379690999957429,1.89E-2,3.0299999999999997E-2,3.9100000000000003E-2,1.7000000000000001E-2,-1.0838109321562565E-2,1.8E-3,7.8344857693002368E-4,-1.9199999999999998E-2,-1.9E-2,6.05424559191392E-4,1.8790999999999999E-2,1.7271999999999999E-2
201910,3037.5600589999999,57.559878781239121,135.09,0.24263048440415921,1.6500000000000001E-2,3.0099999999999998E-2,3.9199999999999999E-2,1.7100000000000001E-2,-1.3157409468745463E-2,1.5E-3,2.2861905522297832E-3,-5.1999999999999998E-3,5.9999999999999995E-4,1.5103083102834933E-3,2.1621000000000001E-2,2.0441000000000001E-2
201911,3140.9799800000001,57.900250668490521,137.28,0.23393618942883634,1.54E-2,3.0600000000000002E-2,3.9399999999999998E-2,1.8100000000000002E-2,-7.7962379179899099E-3,1.1999999999999999E-3,-5.3624303466914824E-4,-5.8999999999999999E-3,1.4000000000000002E-3,3.0636315609378897E-4,3.6206000000000002E-2,3.3979000000000002E-2
201912,3230.780029,58.240622555741929,139.47,0.22994389762647544,1.54E-2,3.0099999999999998E-2,3.8800000000000001E-2,1.8600000000000002E-2,-7.1991554732725041E-3,1.4000000000000002E-3,-9.0976952505383846E-4,-2.53E-2,-8.8999999999999999E-3,5.0237285112427778E-4,2.9787000000000001E-2,2.8136000000000001E-2
202001,3225.52,58.687282899287993,131.75666666666666,0.23224211480757226,1.52E-2,2.9399999999999999E-2,3.7699999999999997E-2,1.7600000000000001E-2,-7.6936915499227774E-3,1.2999999999999999E-3,3.8797699378148032E-3,6.3200000000000006E-2,5.1900000000000002E-2,1.119022019250861E-3,1.08E-4,-1.129E-3
202002,2954.22,59.13394324283405,124.04333333333332,0.25826074176653657,1.52E-2,2.7799999999999998E-2,3.61E-2,1.4999999999999999E-2,-5.5601644424803035E-3,1.1999999999999999E-3,2.7406181314952871E-3,5.8799999999999998E-2,2.7999999999999997E-2,4.77663938273672E-3,-8.1872E-2,-8.4080000000000002E-2
202003,2584.59,59.580603586380121,116.33,0.30609713814421419,2.8999999999999998E-3,3.0200000000000001E-2,4.2900000000000001E-2,8.6999999999999994E-3,-7.7002938181847157E-3,1.1999999999999999E-3,-2.1764510317846542E-3,6.25E-2,-3.5099999999999999E-2,7.315314315888613E-2,-0.12199699999999999,-0.123686
202004,2912.43,59.614872925097941,110.63,0.27556301477220635,1.4000000000000002E-3,2.4300000000000002E-2,4.1299999999999996E-2,6.6E-3,-1.0538060114986507E-2,0,-6.6869418669972536E-3,8.199999999999999E-3,3.4700000000000002E-2,1.4307539698100818E-2,0.12889400000000001,0.12765399999999999
202005,3044.31,59.649142263815762,104.93,0.26430094657431652,1.2999999999999999E-3,2.5000000000000001E-2,3.95E-2,6.7000000000000002E-3,-1.4966918251563033E-2,1E-4,1.9501616683959E-5,-9.7000000000000003E-3,8.3999999999999995E-3,4.0720312789169905E-3,4.7817999999999999E-2,4.5587000000000003E-2
202006,3100.29,59.683411602533575,99.23,0.25990048378948805,1.6000000000000001E-3,2.4399999999999998E-2,3.6400000000000002E-2,7.3000000000000001E-3,-1.6845021634731359E-2,1E-4,5.4720469277753647E-3,2.3E-3,1.46E-2,7.2085510640153005E-3,2.0348000000000002E-2,1.8884999999999999E-2
202007,3271.12,59.406019973059159,98.893333333333345,0.25384814471748485,1.2999999999999999E-3,2.1400000000000002E-2,3.3099999999999997E-2,6.1999999999999998E-3,-1.1998151659958678E-2,1E-4,5.0582435016697236E-3,2.87E-2,6.0999999999999999E-2,1.607945663152107E-3,5.6910000000000002E-2,5.5682000000000002E-2
202008,3500.31,59.128628343584751,98.556666666666672,0.23597496311121507,1E-3,2.2499999999999999E-2,3.27E-2,6.5000000000000006E-3,-8.5038846400749199E-3,1E-4,3.1532105240814623E-3,-3.49E-2,-4.8799999999999996E-2,7.4339207122669278E-4,7.2067999999999993E-2,7.0307999999999995E-2
202009,3363,58.851236714110328,98.22,0.24148198274403654,1.1000000000000001E-3,2.3099999999999999E-2,3.3599999999999998E-2,6.8000000000000005E-3,-5.6980777973292809E-3,1E-4,1.3927469432666317E-3,8.0000000000000002E-3,4.0999999999999995E-3,4.9074420533684283E-3,-3.8150999999999997E-2,-3.9365999999999998E-2
202010,3269.96,58.660439854743615,96.856666666666669,0.25314622513357682,1E-3,2.35E-2,3.44E-2,7.9000000000000008E-3,-1.8951133871559481E-3,1E-4,4.1493775933609811E-4,-2.3799999999999998E-2,-1.9E-2,3.6611054259359406E-3,-2.6408999999999998E-2,-2.7507E-2
202011,3621.63,58.469642995376887,95.493333333333339,0.22635249120742382,8.9999999999999998E-4,2.3E-2,3.3000000000000002E-2,8.6999999999999994E-3,-5.2618187247591812E-3,1E-4,-6.1062721784410634E-4,9.300000000000001E-3,5.0900000000000001E-2,2.4920324671429228E-3,0.109404,0.107624
202012,3756.07,58.278846136010173,94.13,0.21919475875696912,8.9999999999999998E-4,2.2599999999999999E-2,3.1600000000000003E-2,9.300000000000001E-3,-9.7882523408711401E-5,1E-4,9.4147846704251137E-4,-1.15E-2,0,6.7817687716559293E-4,4.1571999999999998E-2,4.0136999999999999E-2
202101,3714.24,58.063693112307661,105.48666666666665,0.2237556290944554,8.0000000000000004E-4,2.4500000000000001E-2,3.2400000000000005E-2,1.0800000000000001E-2,2.697342709545145E-3,2.697342709545145E-3,4.2537834870275404E-3,-3.04E-2,-3.3099999999999997E-2,2.0775882684989188E-3,-1.0052E-2,-1.1089999999999999E-2
202102,3811.15,57.848540088605148,116.84333333333332,0.21688541809114528,4.0000000000000002E-4,2.7000000000000003E-2,3.4200000000000001E-2,1.26E-2,7.0137029172199069E-3,7.0137029172199069E-3,5.4743827939232048E-3,-5.8099999999999999E-2,-4.0199999999999993E-2,1.5012682977941583E-3,2.6103999999999999E-2,2.4631E-2
202103,3972.89,57.633387064902642,128.19999999999999,0.19808377714206879,2.9999999999999997E-4,3.04E-2,3.7400000000000003E-2,1.61E-2,1.5718343245799401E-2,1.5718343245799401E-2,7.083273133749568E-3,-3.2199999999999999E-2,-3.3000000000000002E-2,2.4731909665210135E-3,4.3313999999999998E-2,4.197E-2
202104,4181.17,57.710605421407145,138.38666666666666,0.19286018978681824,2.0000000000000001E-4,2.8999999999999998E-2,3.6000000000000004E-2,1.6399999999999998E-2,2.0054240104618561E-2,2.0054240104618561E-2,8.2189091540600945E-3,2.3799999999999998E-2,2.2200000000000001E-2,1.0592842816029829E-3,5.3906000000000003E-2,5.2991000000000003E-2
202105,4204.1099999999997,57.787823777911647,148.57333333333332,0.1892039983260666,2.0000000000000001E-4,2.9600000000000001E-2,3.6200000000000003E-2,1.6200000000000003E-2,1.7464302791206723E-2,1.7464302791206723E-2,8.017105154762838E-3,1E-4,4.5000000000000005E-3,1.4964819250018642E-3,6.208E-3,4.7369999999999999E-3
202106,4297.5,57.86504213441615,158.76,0.1893517312218734,4.0000000000000002E-4,2.7900000000000001E-2,3.44E-2,1.52E-2,1.7254589462653392E-2,1.7254589462653392E-2,9.2906629023572496E-3,2.8399999999999998E-2,4.4199999999999996E-2,6.0737746976183E-4,2.3682000000000002E-2,2.2564000000000001E-2
202107,4395.26,58.328189005792169,164.29666666666665,0.18700506963266844,5.0000000000000001E-4,2.5699999999999997E-2,3.2400000000000005E-2,1.32E-2,1.6079030907507865E-2,1.6079030907507865E-2,4.8105235262938528E-3,3.0499999999999999E-2,2.3900000000000001E-2,1.1239920578749402E-3,2.4305E-2,2.3309E-2
202108,4522.68,58.791335877168194,169.83333333333334,0.18475608393831233,5.0000000000000001E-4,2.5499999999999998E-2,3.2400000000000005E-2,1.2800000000000001E-2,1.4845666425118613E-2,1.4845666425118613E-2,2.0659113636114501E-3,-3.4999999999999996E-3,-4.5000000000000005E-3,6.020919278129697E-4,3.0599999999999999E-2,2.9204999999999998E-2
202109,4307.54,59.254482748544213,175.37,0.19303644495082131,4.0000000000000002E-4,2.53E-2,3.2300000000000002E-2,1.37E-2,1.5597883520887536E-2,1.5597883520887536E-2,2.715970859058281E-3,-2.5000000000000001E-2,-1.9400000000000001E-2,1.3934414975313358E-3,-4.6075999999999999E-2,-4.7151999999999999E-2
202110,4605.38,59.635360926493675,182.86,0.1823894542534861,5.0000000000000001E-4,2.6800000000000001E-2,3.3500000000000002E-2,1.5800000000000002E-2,1.3368227505638352E-2,1.3368227505638352E-2,8.3081185520030854E-3,5.1000000000000004E-3,1.5900000000000001E-2,1.151121168675858E-3,7.0510000000000003E-2,6.9626999999999994E-2
202111,4567,60.01623910444313,190.35000000000002,0.18945490799716502,5.0000000000000001E-4,2.6200000000000001E-2,3.2799999999999996E-2,1.5600000000000001E-2,1.5639778423332709E-2,1.5639778423332709E-2,4.913427504347645E-3,2.1000000000000001E-2,9.3999999999999986E-3,1.3266664758552213E-3,-7.2560000000000003E-3,-8.6650000000000008E-3
202112,4766.18,60.397117282392585,197.84,0.17978579074970483,5.9999999999999995E-4,2.6499999999999999E-2,3.3000000000000002E-2,1.46E-2,1.297002296321096E-2,1.297002296321096E-2,3.0725171614836011E-3,-1.1000000000000001E-2,-1.29E-2,2.5184151118767435E-3,4.3485000000000003E-2,4.2285000000000003E-2
