"yyyymm","Index","D12","E12","b/m","tbl","AAA","BAA","lty","ntis","Rfree","infl","ltr","corpr","svar","csp","CRSP_SPvw","CRSP_SPvwx"
"187101","4.44","0.2600","0.4000","NaN","NaN","NaN","NaN","NaN","NaN","","NaN","NaN","NaN","NaN","NaN","NaN","NaN"
"187102","4.50","0.2600","0.4000","NaN","NaN","NaN","NaN","NaN","NaN","0.004967","NaN","NaN","NaN","NaN","NaN","NaN","NaN"
"187103","4.61","0.2600","0.4000","NaN","NaN","NaN","NaN","NaN","NaN","0.004525","NaN","NaN","NaN","NaN","NaN","NaN","NaN"
"187104","4.74","0.2600","0.4000","NaN","NaN","NaN","NaN","NaN","NaN","0.004252","NaN","NaN","NaN","NaN","NaN","NaN","NaN"
"187105","4.86","0.2600","0.4000","NaN","NaN","NaN","NaN","NaN","NaN","0.004643","NaN","NaN","NaN","NaN","NaN","NaN","NaN"
"187106","4.82","0.2600","0.4000","NaN","NaN","NaN","NaN","NaN","NaN","0.003698","NaN","NaN","NaN","NaN","NaN","NaN","NaN"
"187107","4.73","0.2600","0.4000","NaN","NaN","NaN","NaN","NaN","NaN","0.003373","NaN","NaN","NaN","NaN","NaN","NaN","NaN"
"187108","4.79","0.2600","0.4000","NaN","NaN","NaN","NaN","NaN","NaN","0.003255","NaN","NaN","NaN","NaN","NaN","NaN","NaN"
"187109","4.84","0.2600","0.4000","NaN","NaN","NaN","NaN","NaN","NaN","0.003713","NaN","NaN","NaN","NaN","NaN","NaN","NaN"
"187110","4.59","0.2600","0.4000","NaN","NaN","NaN","NaN","NaN","NaN","0.004554","NaN","NaN","NaN","NaN","NaN","NaN","NaN"
"187111","4.64","0.2600","0.4000","NaN","NaN","NaN","NaN","NaN","NaN","0.007041","NaN","NaN","NaN","NaN","NaN","NaN","NaN"
"187112","4.74","0.2600","0.4000","NaN","NaN","NaN","NaN","NaN","NaN","0.006488","NaN","NaN","NaN","NaN","NaN","NaN","NaN"
"187201","4.86","0.2633","0.4025","NaN","NaN","NaN","NaN","NaN","NaN","0.006975","NaN","NaN","NaN","NaN","NaN","NaN","NaN"
"187202","4.88","0.2667","0.4050","NaN","NaN","NaN","NaN","NaN","NaN","0.005764","NaN","NaN","NaN","NaN","NaN","NaN","NaN"
"187203","5.04","0.2700","0.4075","NaN","NaN","NaN","NaN","NaN","NaN","0.005218","NaN","NaN","NaN","NaN","NaN","NaN","NaN"
"187204","5.18","0.2733","0.4100","NaN","NaN","NaN","NaN","NaN","NaN","0.006001","NaN","NaN","NaN","NaN","NaN","NaN","NaN"
"187205","5.18","0.2767","0.4125","NaN","NaN","NaN","NaN","NaN","NaN","0.006030","NaN","NaN","NaN","NaN","NaN","NaN","NaN"
"187206","5.13","0.2800","0.4150","NaN","NaN","NaN","NaN","NaN","NaN","0.004953","NaN","NaN","NaN","NaN","NaN","NaN","NaN"
"187207","5.10","0.2833","0.4175","NaN","NaN","NaN","NaN","NaN","NaN","0.004067","NaN","NaN","NaN","NaN","NaN","NaN","NaN"
"187208","5.04","0.2867","0.4200","NaN","NaN","NaN","NaN","NaN","NaN","0.004399","NaN","NaN","NaN","NaN","NaN","NaN","NaN"
"187209","4.95","0.2900","0.4225","NaN","NaN","NaN","NaN","NaN","NaN","0.005218","NaN","NaN","NaN","NaN","NaN","NaN","NaN"
"187210","4.97","0.2933","0.4250","NaN","NaN","NaN","NaN","NaN","NaN","0.007019","NaN","NaN","NaN","NaN","NaN","NaN","NaN"
"187211","4.95","0.2967","0.4275","NaN","NaN","NaN","NaN","NaN","NaN","0.007609","NaN","NaN","NaN","NaN","NaN","NaN","NaN"
"187212","5.07","0.3000","0.4300","NaN","NaN","NaN","NaN","NaN","NaN","0.008214","NaN","NaN","NaN","NaN","NaN","NaN","NaN"
"187301","5.11","0.3025","0.4325","NaN","NaN","NaN","NaN","NaN","NaN","0.007631","NaN","NaN","NaN","NaN","NaN","NaN","NaN"
"187302","5.15","0.3050","0.4350","NaN","NaN","NaN","NaN","NaN","NaN","0.006488","NaN","NaN","NaN","NaN","NaN","NaN","NaN"
"187303","5.11","0.3075","0.4375","NaN","NaN","NaN","NaN","NaN","NaN","0.006561","NaN","NaN","NaN","NaN","NaN","NaN","NaN"
"187304","5.04","0.3100","0.4400","NaN","NaN","NaN","NaN","NaN","NaN","0.007107","NaN","NaN","NaN","NaN","NaN","NaN","NaN"
"187305","5.05","0.3125","0.4425","NaN","NaN","NaN","NaN","NaN","NaN","0.008052","NaN","NaN","NaN","NaN","NaN","NaN","NaN"
"187306","4.98","0.3150","0.4450","NaN","NaN","NaN","NaN","NaN","NaN","0.005632","NaN","NaN","NaN","NaN","NaN","NaN","NaN"
"187307","4.97","0.3175","0.4475","NaN","NaN","NaN","NaN","NaN","NaN","0.004680","NaN","NaN","NaN","NaN","NaN","NaN","NaN"
"187308","4.97","0.3200","0.4500","NaN","NaN","NaN","NaN","NaN","NaN","0.004392","NaN","NaN","NaN","NaN","NaN","NaN","NaN"
"187309","4.59","0.3225","0.4525","NaN","NaN","NaN","NaN","NaN","NaN","0.004849","NaN","NaN","NaN","NaN","NaN","NaN","NaN"
"187310","4.19","0.3250","0.4550","NaN","NaN","NaN","NaN","NaN","NaN","0.010177","NaN","NaN","NaN","NaN","NaN","NaN","NaN"
"187311","4.04","0.3275","0.4575","NaN","NaN","NaN","NaN","NaN","NaN","0.011815","NaN","NaN","NaN","NaN","NaN","NaN","NaN"
"187312","4.42","0.3300","0.4600","NaN","NaN","NaN","NaN","NaN","NaN","0.010340","NaN","NaN","NaN","NaN","NaN","NaN","NaN"
"187401","4.66","0.3300","0.4600","NaN","NaN","NaN","NaN","NaN","NaN","0.006871","NaN","NaN","NaN","NaN","NaN","NaN","NaN"
"187402","4.80","0.3300","0.4600","NaN","NaN","NaN","NaN","NaN","NaN","0.005130","NaN","NaN","NaN","NaN","NaN","NaN","NaN"
"187403","4.73","0.3300","0.4600","NaN","NaN","NaN","NaN","NaN","NaN","0.004067","NaN","NaN","NaN","NaN","NaN","NaN","NaN"
"187404","4.60","0.3300","0.4600","NaN","NaN","NaN","NaN","NaN","NaN","0.004170","NaN","NaN","NaN","NaN","NaN","NaN","NaN"
"187405","4.48","0.3300","0.4600","NaN","NaN","NaN","NaN","NaN","NaN","0.004252","NaN","NaN","NaN","NaN","NaN","NaN","NaN"
"187406","4.46","0.3300","0.4600","NaN","NaN","NaN","NaN","NaN","NaN","0.003816","NaN","NaN","NaN","NaN","NaN","NaN","NaN"
"187407","4.46","0.3300","0.4600","NaN","NaN","NaN","NaN","NaN","NaN","0.003742","NaN","NaN","NaN","NaN","NaN","NaN","NaN"
"187408","4.47","0.3300","0.4600","NaN","NaN","NaN","NaN","NaN","NaN","0.003779","NaN","NaN","NaN","NaN","NaN","NaN","NaN"
"187409","4.54","0.3300","0.4600","NaN","NaN","NaN","NaN","NaN","NaN","0.003654","NaN","NaN","NaN","NaN","NaN","NaN","NaN"
"187410","4.53","0.3300","0.4600","NaN","NaN","NaN","NaN","NaN","NaN","0.004252","NaN","NaN","NaN","NaN","NaN","NaN","NaN"
"187411","4.57","0.3300","0.4600","NaN","NaN","NaN","NaN","NaN","NaN","0.003927","NaN","NaN","NaN","NaN","NaN","NaN","NaN"
"187412","4.54","0.3300","0.4600","NaN","NaN","NaN","NaN","NaN","NaN","0.003787","NaN","NaN","NaN","NaN","NaN","NaN","NaN"
"187501","4.54","0.3275","0.4517","NaN","NaN","NaN","NaN","NaN","NaN","0.004067","NaN","NaN","NaN","NaN","NaN","NaN","NaN"
"187502","4.53","0.3250","0.4433","NaN","NaN","NaN","NaN","NaN","NaN","0.003514","NaN","NaN","NaN","NaN","NaN","NaN","NaN"
"187503","4.59","0.3225","0.4350","NaN","NaN","NaN","NaN","NaN","NaN","0.003469","NaN","NaN","NaN","NaN","NaN","NaN","NaN"
"187504","4.65","0.3200","0.4267","NaN","NaN","NaN","NaN","NaN","NaN","0.003993","NaN","NaN","NaN","NaN","NaN","NaN","NaN"
"187505","4.47","0.3175","0.4183","NaN","NaN","NaN","NaN","NaN","NaN","0.003654","NaN","NaN","NaN","NaN","NaN","NaN","NaN"
"187506","4.38","0.3150","0.4100","NaN","NaN","NaN","NaN","NaN","NaN","0.003005","NaN","NaN","NaN","NaN","NaN","NaN","NaN"
"187507","4.39","0.3125","0.4017","NaN","NaN","NaN","NaN","NaN","NaN","0.002997","NaN","NaN","NaN","NaN","NaN","NaN","NaN"
"187508","4.41","0.3100","0.3933","NaN","NaN","NaN","NaN","NaN","NaN","0.002820","NaN","NaN","NaN","NaN","NaN","NaN","NaN"
"187509","4.37","0.3075","0.3850","NaN","NaN","NaN","NaN","NaN","NaN","0.003285","NaN","NaN","NaN","NaN","NaN","NaN","NaN"
"187510","4.30","0.3050","0.3767","NaN","NaN","NaN","NaN","NaN","NaN","0.003986","NaN","NaN","NaN","NaN","NaN","NaN","NaN"
"187511","4.37","0.3025","0.3683","NaN","NaN","NaN","NaN","NaN","NaN","0.004296","NaN","NaN","NaN","NaN","NaN","NaN","NaN"
"187512","4.37","0.3000","0.3600","NaN","NaN","NaN","NaN","NaN","NaN","0.004355","NaN","NaN","NaN","NaN","NaN","NaN","NaN"
"187601","4.46","0.3000","0.3533","NaN","NaN","NaN","NaN","NaN","NaN","0.004517","NaN","NaN","NaN","NaN","NaN","NaN","NaN"
"187602","4.52","0.3000","0.3467","NaN","NaN","NaN","NaN","NaN","NaN","0.004392","NaN","NaN","NaN","NaN","NaN","NaN","NaN"
"187603","4.51","0.3000","0.3400","NaN","NaN","NaN","NaN","NaN","NaN","0.003573","NaN","NaN","NaN","NaN","NaN","NaN","NaN"
"187604","4.34","0.3000","0.3333","NaN","NaN","NaN","NaN","NaN","NaN","0.003617","NaN","NaN","NaN","NaN","NaN","NaN","NaN"
"187605","4.18","0.3000","0.3267","NaN","NaN","NaN","NaN","NaN","NaN","0.003698","NaN","NaN","NaN","NaN","NaN","NaN","NaN"
"187606","4.15","0.3000","0.3200","NaN","NaN","NaN","NaN","NaN","NaN","0.003366","NaN","NaN","NaN","NaN","NaN","NaN","NaN"
"187607","4.10","0.3000","0.3133","NaN","NaN","NaN","NaN","NaN","NaN","0.003145","NaN","NaN","NaN","NaN","NaN","NaN","NaN"
"187608","3.93","0.3000","0.3067","NaN","NaN","NaN","NaN","NaN","NaN","0.002451","NaN","NaN","NaN","NaN","NaN","NaN","NaN"
"187609","3.69","0.3000","0.3000","NaN","NaN","NaN","NaN","NaN","NaN","0.002296","NaN","NaN","NaN","NaN","NaN","NaN","NaN"
"187610","3.67","0.3000","0.2933","NaN","NaN","NaN","NaN","NaN","NaN","0.003145","NaN","NaN","NaN","NaN","NaN","NaN","NaN"
"187611","3.60","0.3000","0.2867","NaN","NaN","NaN","NaN","NaN","NaN","0.003824","NaN","NaN","NaN","NaN","NaN","NaN","NaN"
"187612","3.58","0.3000","0.2800","NaN","NaN","NaN","NaN","NaN","NaN","0.003654","NaN","NaN","NaN","NaN","NaN","NaN","NaN"
"187701","3.55","0.2908","0.2817","NaN","NaN","NaN","NaN","NaN","NaN","0.003979","NaN","NaN","NaN","NaN","NaN","NaN","NaN"
"187702","3.34","0.2817","0.2833","NaN","NaN","NaN","NaN","NaN","NaN","0.003735","NaN","NaN","NaN","NaN","NaN","NaN","NaN"
"187703","3.17","0.2725","0.2850","NaN","NaN","NaN","NaN","NaN","NaN","0.002960","NaN","NaN","NaN","NaN","NaN","NaN","NaN"
"187704","2.94","0.2633","0.2867","NaN","NaN","NaN","NaN","NaN","NaN","0.002916","NaN","NaN","NaN","NaN","NaN","NaN","NaN"
"187705","2.94","0.2542","0.2883","NaN","NaN","NaN","NaN","NaN","NaN","0.002872","NaN","NaN","NaN","NaN","NaN","NaN","NaN"
"187706","2.73","0.2450","0.2900","NaN","NaN","NaN","NaN","NaN","NaN","0.002591","NaN","NaN","NaN","NaN","NaN","NaN","NaN"
"187707","2.85","0.2358","0.2917","NaN","NaN","NaN","NaN","NaN","NaN","0.002636","NaN","NaN","NaN","NaN","NaN","NaN","NaN"
"187708","3.05","0.2267","0.2933","NaN","NaN","NaN","NaN","NaN","NaN","0.002695","NaN","NaN","NaN","NaN","NaN","NaN","NaN"
"187709","3.24","0.2175","0.2950","NaN","NaN","NaN","NaN","NaN","NaN","0.003801","NaN","NaN","NaN","NaN","NaN","NaN","NaN"
"187710","3.31","0.2083","0.2967","NaN","NaN","NaN","NaN","NaN","NaN","0.004348","NaN","NaN","NaN","NaN","NaN","NaN","NaN"
"187711","3.26","0.1992","0.2983","NaN","NaN","NaN","NaN","NaN","NaN","0.004990","NaN","NaN","NaN","NaN","NaN","NaN","NaN"
"187712","3.25","0.1900","0.3000","NaN","NaN","NaN","NaN","NaN","NaN","0.004207","NaN","NaN","NaN","NaN","NaN","NaN","NaN"
"187801","3.25","0.1892","0.3008","NaN","NaN","NaN","NaN","NaN","NaN","0.003787","NaN","NaN","NaN","NaN","NaN","NaN","NaN"
"187802","3.18","0.1883","0.3017","NaN","NaN","NaN","NaN","NaN","NaN","0.003956","NaN","NaN","NaN","NaN","NaN","NaN","NaN"
"187803","3.24","0.1875","0.3025","NaN","NaN","NaN","NaN","NaN","NaN","0.003558","NaN","NaN","NaN","NaN","NaN","NaN","NaN"
"187804","3.33","0.1867","0.3033","NaN","NaN","NaN","NaN","NaN","NaN","0.003418","NaN","NaN","NaN","NaN","NaN","NaN","NaN"
"187805","3.34","0.1858","0.3042","NaN","NaN","NaN","NaN","NaN","NaN","0.003595","NaN","NaN","NaN","NaN","NaN","NaN","NaN"
"187806","3.41","0.1850","0.3050","NaN","NaN","NaN","NaN","NaN","NaN","0.002982","NaN","NaN","NaN","NaN","NaN","NaN","NaN"
"187807","3.48","0.1842","0.3058","NaN","NaN","NaN","NaN","NaN","NaN","0.002451","NaN","NaN","NaN","NaN","NaN","NaN","NaN"
"187808","3.45","0.1833","0.3067","NaN","NaN","NaN","NaN","NaN","NaN","0.002296","NaN","NaN","NaN","NaN","NaN","NaN","NaN"
"187809","3.52","0.1825","0.3075","NaN","NaN","NaN","NaN","NaN","NaN","0.002451","NaN","NaN","NaN","NaN","NaN","NaN","NaN"
"187810","3.48","0.1817","0.3083","NaN","NaN","NaN","NaN","NaN","NaN","0.003049","NaN","NaN","NaN","NaN","NaN","NaN","NaN"
"187811","3.47","0.1808","0.3092","NaN","NaN","NaN","NaN","NaN","NaN","0.003661","NaN","NaN","NaN","NaN","NaN","NaN","NaN"
"187812","3.45","0.1800","0.3100","NaN","NaN","NaN","NaN","NaN","NaN","0.003418","NaN","NaN","NaN","NaN","NaN","NaN","NaN"
"187901","3.58","0.1817","0.3158","NaN","NaN","NaN","NaN","NaN","NaN","0.003373","NaN","NaN","NaN","NaN","NaN","NaN","NaN"
"187902","3.71","0.1833","0.3217","NaN","NaN","NaN","NaN","NaN","NaN","0.002835","NaN","NaN","NaN","NaN","NaN","NaN","NaN"
"187903","3.65","0.1850","0.3275","NaN","NaN","NaN","NaN","NaN","NaN","0.002451","NaN","NaN","NaN","NaN","NaN","NaN","NaN"
"187904","3.77","0.1867","0.3333","NaN","NaN","NaN","NaN","NaN","NaN","0.003373","NaN","NaN","NaN","NaN","NaN","NaN","NaN"
"187905","3.94","0.1883","0.3392","NaN","NaN","NaN","NaN","NaN","NaN","0.003661","NaN","NaN","NaN","NaN","NaN","NaN","NaN"
"187906","3.96","0.1900","0.3450","NaN","NaN","NaN","NaN","NaN","NaN","0.002916","NaN","NaN","NaN","NaN","NaN","NaN","NaN"
"187907","4.04","0.1917","0.3508","NaN","NaN","NaN","NaN","NaN","NaN","0.002776","NaN","NaN","NaN","NaN","NaN","NaN","NaN"
"187908","4.07","0.1933","0.3567","NaN","NaN","NaN","NaN","NaN","NaN","0.002517","NaN","NaN","NaN","NaN","NaN","NaN","NaN"
"187909","4.22","0.1950","0.3625","NaN","NaN","NaN","NaN","NaN","NaN","0.003742","NaN","NaN","NaN","NaN","NaN","NaN","NaN"
"187910","4.68","0.1967","0.3683","NaN","NaN","NaN","NaN","NaN","NaN","0.003905","NaN","NaN","NaN","NaN","NaN","NaN","NaN"
"187911","4.93","0.1983","0.3742","NaN","NaN","NaN","NaN","NaN","NaN","0.004023","NaN","NaN","NaN","NaN","NaN","NaN","NaN"
"187912","4.92","0.2000","0.3800","NaN","NaN","NaN","NaN","NaN","NaN","0.004252","NaN","NaN","NaN","NaN","NaN","NaN","NaN"
"188001","5.11","0.2050","0.3892","NaN","NaN","NaN","NaN","NaN","NaN","0.004030","NaN","NaN","NaN","NaN","NaN","NaN","NaN"
"188002","5.20","0.2100","0.3983","NaN","NaN","NaN","NaN","NaN","NaN","0.003610","NaN","NaN","NaN","NaN","NaN","NaN","NaN"
"188003","5.30","0.2150","0.4075","NaN","NaN","NaN","NaN","NaN","NaN","0.003558","NaN","NaN","NaN","NaN","NaN","NaN","NaN"
"188004","5.18","0.2200","0.4167","NaN","NaN","NaN","NaN","NaN","NaN","0.003698","NaN","NaN","NaN","NaN","NaN","NaN","NaN"
"188005","4.77","0.2250","0.4258","NaN","NaN","NaN","NaN","NaN","NaN","0.003698","NaN","NaN","NaN","NaN","NaN","NaN","NaN"
"188006","4.79","0.2300","0.4350","NaN","NaN","NaN","NaN","NaN","NaN","0.003469","NaN","NaN","NaN","NaN","NaN","NaN","NaN"
"188007","5.01","0.2350","0.4442","NaN","NaN","NaN","NaN","NaN","NaN","0.002997","NaN","NaN","NaN","NaN","NaN","NaN","NaN"
"188008","5.19","0.2400","0.4533","NaN","NaN","NaN","NaN","NaN","NaN","0.002916","NaN","NaN","NaN","NaN","NaN","NaN","NaN"
"188009","5.18","0.2450","0.4625","NaN","NaN","NaN","NaN","NaN","NaN","0.003351","NaN","NaN","NaN","NaN","NaN","NaN","NaN"
"188010","5.33","0.2500","0.4717","NaN","NaN","NaN","NaN","NaN","NaN","0.003514","NaN","NaN","NaN","NaN","NaN","NaN","NaN"
"188011","5.61","0.2550","0.4808","NaN","NaN","NaN","NaN","NaN","NaN","0.003418","NaN","NaN","NaN","NaN","NaN","NaN","NaN"
"188012","5.84","0.2600","0.4900","NaN","NaN","NaN","NaN","NaN","NaN","0.003654","NaN","NaN","NaN","NaN","NaN","NaN","NaN"
"188101","6.19","0.2650","0.4858","NaN","NaN","NaN","NaN","NaN","NaN","0.004067","NaN","NaN","NaN","NaN","NaN","NaN","NaN"
"188102","6.17","0.2700","0.4817","NaN","NaN","NaN","NaN","NaN","NaN","0.003514","NaN","NaN","NaN","NaN","NaN","NaN","NaN"
"188103","6.24","0.2750","0.4775","NaN","NaN","NaN","NaN","NaN","NaN","0.003610","NaN","NaN","NaN","NaN","NaN","NaN","NaN"
"188104","6.22","0.2800","0.4733","NaN","NaN","NaN","NaN","NaN","NaN","0.003735","NaN","NaN","NaN","NaN","NaN","NaN","NaN"
"188105","6.50","0.2850","0.4692","NaN","NaN","NaN","NaN","NaN","NaN","0.003469","NaN","NaN","NaN","NaN","NaN","NaN","NaN"
"188106","6.58","0.2900","0.4650","NaN","NaN","NaN","NaN","NaN","NaN","0.002636","NaN","NaN","NaN","NaN","NaN","NaN","NaN"
"188107","6.35","0.2950","0.4608","NaN","NaN","NaN","NaN","NaN","NaN","0.002222","NaN","NaN","NaN","NaN","NaN","NaN","NaN"
"188108","6.20","0.3000","0.4567","NaN","NaN","NaN","NaN","NaN","NaN","0.002591","NaN","NaN","NaN","NaN","NaN","NaN","NaN"
"188109","6.25","0.3050","0.4525","NaN","NaN","NaN","NaN","NaN","NaN","0.003292","NaN","NaN","NaN","NaN","NaN","NaN","NaN"
"188110","6.15","0.3100","0.4483","NaN","NaN","NaN","NaN","NaN","NaN","0.003838","NaN","NaN","NaN","NaN","NaN","NaN","NaN"
"188111","6.19","0.3150","0.4442","NaN","NaN","NaN","NaN","NaN","NaN","0.004252","NaN","NaN","NaN","NaN","NaN","NaN","NaN"
"188112","6.01","0.3200","0.4400","NaN","NaN","NaN","NaN","NaN","NaN","0.004289","NaN","NaN","NaN","NaN","NaN","NaN","NaN"
"188201","5.92","0.3200","0.4392","NaN","NaN","NaN","NaN","NaN","NaN","0.004252","NaN","NaN","NaN","NaN","NaN","NaN","NaN"
"188202","5.79","0.3200","0.4383","NaN","NaN","NaN","NaN","NaN","NaN","0.003698","NaN","NaN","NaN","NaN","NaN","NaN","NaN"
"188203","5.78","0.3200","0.4375","NaN","NaN","NaN","NaN","NaN","NaN","0.003676","NaN","NaN","NaN","NaN","NaN","NaN","NaN"
"188204","5.78","0.3200","0.4367","NaN","NaN","NaN","NaN","NaN","NaN","0.003801","NaN","NaN","NaN","NaN","NaN","NaN","NaN"
"188205","5.71","0.3200","0.4358","NaN","NaN","NaN","NaN","NaN","NaN","0.003373","NaN","NaN","NaN","NaN","NaN","NaN","NaN"
"188206","5.68","0.3200","0.4350","NaN","NaN","NaN","NaN","NaN","NaN","0.003219","NaN","NaN","NaN","NaN","NaN","NaN","NaN"
"188207","6.00","0.3200","0.4342","NaN","NaN","NaN","NaN","NaN","NaN","0.003418","NaN","NaN","NaN","NaN","NaN","NaN","NaN"
"188208","6.18","0.3200","0.4333","NaN","NaN","NaN","NaN","NaN","NaN","0.003049","NaN","NaN","NaN","NaN","NaN","NaN","NaN"
"188209","6.24","0.3200","0.4325","NaN","NaN","NaN","NaN","NaN","NaN","0.003809","NaN","NaN","NaN","NaN","NaN","NaN","NaN"
"188210","6.07","0.3200","0.4317","NaN","NaN","NaN","NaN","NaN","NaN","0.004621","NaN","NaN","NaN","NaN","NaN","NaN","NaN"
"188211","5.81","0.3200","0.4308","NaN","NaN","NaN","NaN","NaN","NaN","0.004562","NaN","NaN","NaN","NaN","NaN","NaN","NaN"
"188212","5.84","0.3200","0.4300","NaN","NaN","NaN","NaN","NaN","NaN","0.004436","NaN","NaN","NaN","NaN","NaN","NaN","NaN"
"188301","5.81","0.3208","0.4275","NaN","NaN","NaN","NaN","NaN","NaN","0.003979","NaN","NaN","NaN","NaN","NaN","NaN","NaN"
"188302","5.68","0.3217","0.4250","NaN","NaN","NaN","NaN","NaN","NaN","0.003698","NaN","NaN","NaN","NaN","NaN","NaN","NaN"
"188303","5.75","0.3225","0.4225","NaN","NaN","NaN","NaN","NaN","NaN","0.003610","NaN","NaN","NaN","NaN","NaN","NaN","NaN"
"188304","5.87","0.3233","0.4200","NaN","NaN","NaN","NaN","NaN","NaN","0.004348","NaN","NaN","NaN","NaN","NaN","NaN","NaN"
"188305","5.77","0.3242","0.4175","NaN","NaN","NaN","NaN","NaN","NaN","0.003927","NaN","NaN","NaN","NaN","NaN","NaN","NaN"
"188306","5.82","0.3250","0.4150","NaN","NaN","NaN","NaN","NaN","NaN","0.003587","NaN","NaN","NaN","NaN","NaN","NaN","NaN"
"188307","5.73","0.3258","0.4125","NaN","NaN","NaN","NaN","NaN","NaN","0.003698","NaN","NaN","NaN","NaN","NaN","NaN","NaN"
"188308","5.47","0.3267","0.4100","NaN","NaN","NaN","NaN","NaN","NaN","0.003167","NaN","NaN","NaN","NaN","NaN","NaN","NaN"
"188309","5.53","0.3275","0.4075","NaN","NaN","NaN","NaN","NaN","NaN","0.003779","NaN","NaN","NaN","NaN","NaN","NaN","NaN"
"188310","5.38","0.3283","0.4050","NaN","NaN","NaN","NaN","NaN","NaN","0.004067","NaN","NaN","NaN","NaN","NaN","NaN","NaN"
"188311","5.46","0.3292","0.4025","NaN","NaN","NaN","NaN","NaN","NaN","0.004067","NaN","NaN","NaN","NaN","NaN","NaN","NaN"
"188312","5.34","0.3300","0.4000","NaN","NaN","NaN","NaN","NaN","NaN","0.003838","NaN","NaN","NaN","NaN","NaN","NaN","NaN"
"188401","5.18","0.3283","0.3925","NaN","NaN","NaN","NaN","NaN","NaN","0.003698","NaN","NaN","NaN","NaN","NaN","NaN","NaN"
"188402","5.32","0.3267","0.3850","NaN","NaN","NaN","NaN","NaN","NaN","0.003248","NaN","NaN","NaN","NaN","NaN","NaN","NaN"
"188403","5.30","0.3250","0.3775","NaN","NaN","NaN","NaN","NaN","NaN","0.003145","NaN","NaN","NaN","NaN","NaN","NaN","NaN"
"188404","5.06","0.3233","0.3700","NaN","NaN","NaN","NaN","NaN","NaN","0.003049","NaN","NaN","NaN","NaN","NaN","NaN","NaN"
"188405","4.65","0.3217","0.3625","NaN","NaN","NaN","NaN","NaN","NaN","0.003123","NaN","NaN","NaN","NaN","NaN","NaN","NaN"
"188406","4.46","0.3200","0.3550","NaN","NaN","NaN","NaN","NaN","NaN","0.003373","NaN","NaN","NaN","NaN","NaN","NaN","NaN"
"188407","4.46","0.3183","0.3475","NaN","NaN","NaN","NaN","NaN","NaN","0.003883","NaN","NaN","NaN","NaN","NaN","NaN","NaN"
"188408","4.74","0.3167","0.3400","NaN","NaN","NaN","NaN","NaN","NaN","0.004030","NaN","NaN","NaN","NaN","NaN","NaN","NaN"
"188409","4.59","0.3150","0.3325","NaN","NaN","NaN","NaN","NaN","NaN","0.003698","NaN","NaN","NaN","NaN","NaN","NaN","NaN"
"188410","4.44","0.3133","0.3250","NaN","NaN","NaN","NaN","NaN","NaN","0.003698","NaN","NaN","NaN","NaN","NaN","NaN","NaN"
"188411","4.35","0.3117","0.3175","NaN","NaN","NaN","NaN","NaN","NaN","0.003698","NaN","NaN","NaN","NaN","NaN","NaN","NaN"
"188412","4.34","0.3100","0.3100","NaN","NaN","NaN","NaN","NaN","NaN","0.003469","NaN","NaN","NaN","NaN","NaN","NaN","NaN"
"188501","4.24","0.3042","0.3067","NaN","NaN","NaN","NaN","NaN","NaN","0.003329","NaN","NaN","NaN","NaN","NaN","NaN","NaN"
"188502","4.37","0.2983","0.3033","NaN","NaN","NaN","NaN","NaN","NaN","0.003100","NaN","NaN","NaN","0.0015390211","NaN","NaN","NaN"
"188503","4.38","0.2925","0.3000","NaN","NaN","NaN","NaN","NaN","NaN","0.002960","NaN","NaN","NaN","0.0015445583","NaN","NaN","NaN"
"188504","4.37","0.2867","0.2967","NaN","NaN","NaN","NaN","NaN","NaN","0.002938","NaN","NaN","NaN","0.0017984027","NaN","NaN","NaN"
"188505","4.32","0.2808","0.2933","NaN","NaN","NaN","NaN","NaN","NaN","0.002569","NaN","NaN","NaN","0.0018053802","NaN","NaN","NaN"
"188506","4.30","0.2750","0.2900","NaN","NaN","NaN","NaN","NaN","NaN","0.002355","NaN","NaN","NaN","0.0010968395","NaN","NaN","NaN"
"188507","4.46","0.2692","0.2867","NaN","NaN","NaN","NaN","NaN","NaN","0.002259","NaN","NaN","NaN","0.0029360528","NaN","NaN","NaN"
"188508","4.71","0.2633","0.2833","NaN","NaN","NaN","NaN","NaN","NaN","0.002222","NaN","NaN","NaN","0.0024502347","NaN","NaN","NaN"
"188509","4.65","0.2575","0.2800","NaN","NaN","NaN","NaN","NaN","NaN","0.002355","NaN","NaN","NaN","0.0017322996","NaN","NaN","NaN"
"188510","4.92","0.2517","0.2767","NaN","NaN","NaN","NaN","NaN","NaN","0.002407","NaN","NaN","NaN","0.0029958516","NaN","NaN","NaN"
"188511","5.24","0.2458","0.2733","NaN","NaN","NaN","NaN","NaN","NaN","0.002591","NaN","NaN","NaN","0.0028138303","NaN","NaN","NaN"
"188512","5.20","0.2400","0.2700","NaN","NaN","NaN","NaN","NaN","NaN","0.002916","NaN","NaN","NaN","0.0030264326","NaN","NaN","NaN"
"188601","5.20","0.2383","0.2750","NaN","NaN","NaN","NaN","NaN","NaN","0.002960","NaN","NaN","NaN","0.0017293802","NaN","NaN","NaN"
"188602","5.30","0.2367","0.2800","NaN","NaN","NaN","NaN","NaN","NaN","0.002820","NaN","NaN","NaN","0.0015474234","NaN","NaN","NaN"
"188603","5.19","0.2350","0.2850","NaN","NaN","NaN","NaN","NaN","NaN","0.002517","NaN","NaN","NaN","0.0018321070","NaN","NaN","NaN"
"188604","5.12","0.2333","0.2900","NaN","NaN","NaN","NaN","NaN","NaN","0.002495","NaN","NaN","NaN","0.0012226229","NaN","NaN","NaN"
"188605","5.02","0.2317","0.2950","NaN","NaN","NaN","NaN","NaN","NaN","0.002776","NaN","NaN","NaN","0.0019091118","NaN","NaN","NaN"
"188606","5.25","0.2300","0.3000","NaN","NaN","NaN","NaN","NaN","NaN","0.002636","NaN","NaN","NaN","0.0012828002","NaN","NaN","NaN"
"188607","5.33","0.2283","0.3050","NaN","NaN","NaN","NaN","NaN","NaN","0.002481","NaN","NaN","NaN","0.0010352907","NaN","NaN","NaN"
"188608","5.37","0.2267","0.3100","NaN","NaN","NaN","NaN","NaN","NaN","0.002547","NaN","NaN","NaN","0.0009496314","NaN","NaN","NaN"
"188609","5.51","0.2250","0.3150","NaN","NaN","NaN","NaN","NaN","NaN","0.003469","NaN","NaN","NaN","0.0008519433","NaN","NaN","NaN"
"188610","5.65","0.2233","0.3200","NaN","NaN","NaN","NaN","NaN","NaN","0.003927","NaN","NaN","NaN","0.0008899615","NaN","NaN","NaN"
"188611","5.79","0.2217","0.3250","NaN","NaN","NaN","NaN","NaN","NaN","0.004111","NaN","NaN","NaN","0.0003930134","NaN","NaN","NaN"
"188612","5.64","0.2200","0.3300","NaN","NaN","NaN","NaN","NaN","NaN","0.004008","NaN","NaN","NaN","0.0028153164","NaN","NaN","NaN"
"188701","5.58","0.2225","0.3325","NaN","NaN","NaN","NaN","NaN","NaN","0.004045","NaN","NaN","NaN","0.0018256316","NaN","NaN","NaN"
"188702","5.54","0.2250","0.3350","NaN","NaN","NaN","NaN","NaN","NaN","0.003698","NaN","NaN","NaN","0.0020424080","NaN","NaN","NaN"
"188703","5.67","0.2275","0.3375","NaN","NaN","NaN","NaN","NaN","NaN","0.003189","NaN","NaN","NaN","0.0006220686","NaN","NaN","NaN"
"188704","5.80","0.2300","0.3400","NaN","NaN","NaN","NaN","NaN","NaN","0.003587","NaN","NaN","NaN","0.0003531394","NaN","NaN","NaN"
"188705","5.90","0.2325","0.3425","NaN","NaN","NaN","NaN","NaN","NaN","0.003610","NaN","NaN","NaN","0.0003857557","NaN","NaN","NaN"
"188706","5.73","0.2350","0.3450","NaN","NaN","NaN","NaN","NaN","NaN","0.003484","NaN","NaN","NaN","0.0014579603","NaN","NaN","NaN"
"188707","5.59","0.2375","0.3475","NaN","NaN","NaN","NaN","NaN","NaN","0.003425","NaN","NaN","NaN","0.0017047236","NaN","NaN","NaN"
"188708","5.45","0.2400","0.3500","NaN","NaN","NaN","NaN","NaN","NaN","0.004207","NaN","NaN","NaN","0.0023355685","NaN","NaN","NaN"
"188709","5.38","0.2425","0.3525","NaN","NaN","NaN","NaN","NaN","NaN","0.004325","NaN","NaN","NaN","0.0019951612","NaN","NaN","NaN"
"188710","5.20","0.2450","0.3550","NaN","NaN","NaN","NaN","NaN","NaN","0.004761","NaN","NaN","NaN","0.0029552460","NaN","NaN","NaN"
"188711","5.30","0.2475","0.3575","NaN","NaN","NaN","NaN","NaN","NaN","0.004348","NaN","NaN","NaN","0.0016079858","NaN","NaN","NaN"
"188712","5.27","0.2500","0.3600","NaN","NaN","NaN","NaN","NaN","NaN","0.003883","NaN","NaN","NaN","0.0010128110","NaN","NaN","NaN"
"188801","5.31","0.2483","0.3517","NaN","NaN","NaN","NaN","NaN","NaN","0.004067","NaN","NaN","NaN","0.0005819192","NaN","NaN","NaN"
"188802","5.28","0.2467","0.3433","NaN","NaN","NaN","NaN","NaN","NaN","0.003772","NaN","NaN","NaN","0.0004439174","NaN","NaN","NaN"
"188803","5.08","0.2450","0.3350","NaN","NaN","NaN","NaN","NaN","NaN","0.003219","NaN","NaN","NaN","0.0013294999","NaN","NaN","NaN"
"188804","5.10","0.2433","0.3267","NaN","NaN","NaN","NaN","NaN","NaN","0.003492","NaN","NaN","NaN","0.0014588103","NaN","NaN","NaN"
"188805","5.17","0.2417","0.3183","NaN","NaN","NaN","NaN","NaN","NaN","0.003624","NaN","NaN","NaN","0.0010815978","NaN","NaN","NaN"
"188806","5.01","0.2400","0.3100","NaN","NaN","NaN","NaN","NaN","NaN","0.003196","NaN","NaN","NaN","0.0007697690","NaN","NaN","NaN"
"188807","5.14","0.2383","0.3017","NaN","NaN","NaN","NaN","NaN","NaN","0.002776","NaN","NaN","NaN","0.0019251105","NaN","NaN","NaN"
"188808","5.25","0.2367","0.2933","NaN","NaN","NaN","NaN","NaN","NaN","0.002650","NaN","NaN","NaN","0.0008984656","NaN","NaN","NaN"
"188809","5.38","0.2350","0.2850","NaN","NaN","NaN","NaN","NaN","NaN","0.002857","NaN","NaN","NaN","0.0012635538","NaN","NaN","NaN"
"188810","5.35","0.2333","0.2767","NaN","NaN","NaN","NaN","NaN","NaN","0.003536","NaN","NaN","NaN","0.0007084946","NaN","NaN","NaN"
"188811","5.24","0.2317","0.2683","NaN","NaN","NaN","NaN","NaN","NaN","0.003381","NaN","NaN","NaN","0.0009363229","NaN","NaN","NaN"
"188812","5.14","0.2300","0.2600","NaN","NaN","NaN","NaN","NaN","NaN","0.003145","NaN","NaN","NaN","0.0014531409","NaN","NaN","NaN"
"188901","5.24","0.2292","0.2633","NaN","NaN","NaN","NaN","NaN","NaN","0.003307","NaN","NaN","NaN","0.0004682999","NaN","NaN","NaN"
"188902","5.30","0.2283","0.2667","NaN","NaN","NaN","NaN","NaN","NaN","0.003071","NaN","NaN","NaN","0.0003978916","NaN","NaN","NaN"
"188903","5.19","0.2275","0.2700","NaN","NaN","NaN","NaN","NaN","NaN","0.002776","NaN","NaN","NaN","0.0008328490","NaN","NaN","NaN"
"188904","5.18","0.2267","0.2733","NaN","NaN","NaN","NaN","NaN","NaN","0.002960","NaN","NaN","NaN","0.0004265515","NaN","NaN","NaN"
"188905","5.32","0.2258","0.2767","NaN","NaN","NaN","NaN","NaN","NaN","0.002805","NaN","NaN","NaN","0.0003564911","NaN","NaN","NaN"
"188906","5.41","0.2250","0.2800","NaN","NaN","NaN","NaN","NaN","NaN","0.002481","NaN","NaN","NaN","0.0002467207","NaN","NaN","NaN"
"188907","5.30","0.2242","0.2833","NaN","NaN","NaN","NaN","NaN","NaN","0.002503","NaN","NaN","NaN","0.0007961597","NaN","NaN","NaN"
"188908","5.37","0.2233","0.2867","NaN","NaN","NaN","NaN","NaN","NaN","0.002886","NaN","NaN","NaN","0.0005355929","NaN","NaN","NaN"
"188909","5.50","0.2225","0.2900","NaN","NaN","NaN","NaN","NaN","NaN","0.003447","NaN","NaN","NaN","0.0004371140","NaN","NaN","NaN"
"188910","5.40","0.2217","0.2933","NaN","NaN","NaN","NaN","NaN","NaN","0.003536","NaN","NaN","NaN","0.0008217409","NaN","NaN","NaN"
"188911","5.35","0.2208","0.2967","NaN","NaN","NaN","NaN","NaN","NaN","0.004067","NaN","NaN","NaN","0.0008281586","NaN","NaN","NaN"
"188912","5.32","0.2200","0.3000","NaN","NaN","NaN","NaN","NaN","NaN","0.004067","NaN","NaN","NaN","0.0007264676","NaN","NaN","NaN"
"189001","5.38","0.2200","0.2992","NaN","NaN","NaN","NaN","NaN","NaN","0.004134","NaN","NaN","NaN","0.0003125311","NaN","NaN","NaN"
"189002","5.32","0.2200","0.2983","NaN","NaN","NaN","NaN","NaN","NaN","0.003587","NaN","NaN","NaN","0.0002374072","NaN","NaN","NaN"
"189003","5.28","0.2200","0.2975","NaN","NaN","NaN","NaN","NaN","NaN","0.003351","NaN","NaN","NaN","0.0002728577","NaN","NaN","NaN"
"189004","5.39","0.2200","0.2967","NaN","NaN","NaN","NaN","NaN","NaN","0.003698","NaN","NaN","NaN","0.0004125476","NaN","NaN","NaN"
"189005","5.62","0.2200","0.2958","NaN","NaN","NaN","NaN","NaN","NaN","0.003410","NaN","NaN","NaN","0.0007482020","NaN","NaN","NaN"
"189006","5.58","0.2200","0.2950","NaN","NaN","NaN","NaN","NaN","NaN","0.003373","NaN","NaN","NaN","0.0008752802","NaN","NaN","NaN"
"189007","5.54","0.2200","0.2942","NaN","NaN","NaN","NaN","NaN","NaN","0.003329","NaN","NaN","NaN","0.0004360968","NaN","NaN","NaN"
"189008","5.41","0.2200","0.2933","NaN","NaN","NaN","NaN","NaN","NaN","0.003366","NaN","NaN","NaN","0.0019591990","NaN","NaN","NaN"
"189009","5.32","0.2200","0.2925","NaN","NaN","NaN","NaN","NaN","NaN","0.003765","NaN","NaN","NaN","0.0010215900","NaN","NaN","NaN"
"189010","5.08","0.2200","0.2917","NaN","NaN","NaN","NaN","NaN","NaN","0.003883","NaN","NaN","NaN","0.0018990477","NaN","NaN","NaN"
"189011","4.71","0.2200","0.2908","NaN","NaN","NaN","NaN","NaN","NaN","0.003993","NaN","NaN","NaN","0.0085015896","NaN","NaN","NaN"
"189012","4.60","0.2200","0.2900","NaN","NaN","NaN","NaN","NaN","NaN","0.004621","NaN","NaN","NaN","0.0059447098","NaN","NaN","NaN"
"189101","4.84","0.2200","0.2942","NaN","NaN","NaN","NaN","NaN","NaN","0.005049","NaN","NaN","NaN","0.0016956910","NaN","NaN","NaN"
"189102","4.90","0.2200","0.2983","NaN","NaN","NaN","NaN","NaN","NaN","0.003942","NaN","NaN","NaN","0.0008054942","NaN","NaN","NaN"
"189103","4.81","0.2200","0.3025","NaN","NaN","NaN","NaN","NaN","NaN","0.003329","NaN","NaN","NaN","0.0010066135","NaN","NaN","NaN"
"189104","4.97","0.2200","0.3067","NaN","NaN","NaN","NaN","NaN","NaN","0.003514","NaN","NaN","NaN","0.0013569389","NaN","NaN","NaN"
"189105","4.95","0.2200","0.3108","NaN","NaN","NaN","NaN","NaN","NaN","0.003388","NaN","NaN","NaN","0.0019748726","NaN","NaN","NaN"
"189106","4.85","0.2200","0.3150","NaN","NaN","NaN","NaN","NaN","NaN","0.003610","NaN","NaN","NaN","0.0009915706","NaN","NaN","NaN"
"189107","4.77","0.2200","0.3192","NaN","NaN","NaN","NaN","NaN","NaN","0.003698","NaN","NaN","NaN","0.0007849770","NaN","NaN","NaN"
"189108","4.93","0.2200","0.3233","NaN","NaN","NaN","NaN","NaN","NaN","0.003772","NaN","NaN","NaN","0.0017710528","NaN","NaN","NaN"
"189109","5.33","0.2200","0.3275","NaN","NaN","NaN","NaN","NaN","NaN","0.003883","NaN","NaN","NaN","0.0021104053","NaN","NaN","NaN"
"189110","5.33","0.2200","0.3317","NaN","NaN","NaN","NaN","NaN","NaN","0.003905","NaN","NaN","NaN","0.0016616208","NaN","NaN","NaN"
"189111","5.25","0.2200","0.3358","NaN","NaN","NaN","NaN","NaN","NaN","0.003757","NaN","NaN","NaN","0.0014091129","NaN","NaN","NaN"
"189112","5.41","0.2200","0.3400","NaN","NaN","NaN","NaN","NaN","NaN","0.003373","NaN","NaN","NaN","0.0005551822","NaN","NaN","NaN"
"189201","5.51","0.2217","0.3425","NaN","NaN","NaN","NaN","NaN","NaN","0.003204","NaN","NaN","NaN","0.0015107813","NaN","NaN","NaN"
"189202","5.52","0.2233","0.3450","NaN","NaN","NaN","NaN","NaN","NaN","0.002709","NaN","NaN","NaN","0.0013500144","NaN","NaN","NaN"
"189203","5.58","0.2250","0.3475","NaN","NaN","NaN","NaN","NaN","NaN","0.002363","NaN","NaN","NaN","0.0010302216","NaN","NaN","NaN"
"189204","5.57","0.2267","0.3500","NaN","NaN","NaN","NaN","NaN","NaN","0.002577","NaN","NaN","NaN","0.0007060077","NaN","NaN","NaN"
"189205","5.57","0.2283","0.3525","NaN","NaN","NaN","NaN","NaN","NaN","0.002200","NaN","NaN","NaN","0.0007100526","NaN","NaN","NaN"
"189206","5.54","0.2300","0.3550","NaN","NaN","NaN","NaN","NaN","NaN","0.001971","NaN","NaN","NaN","0.0007011437","NaN","NaN","NaN"
"189207","5.54","0.2317","0.3575","NaN","NaN","NaN","NaN","NaN","NaN","0.001816","NaN","NaN","NaN","0.0008278846","NaN","NaN","NaN"
"189208","5.62","0.2333","0.3600","NaN","NaN","NaN","NaN","NaN","NaN","0.002200","NaN","NaN","NaN","0.0009315347","NaN","NaN","NaN"
"189209","5.48","0.2350","0.3625","NaN","NaN","NaN","NaN","NaN","NaN","0.002562","NaN","NaN","NaN","0.0010237990","NaN","NaN","NaN"
"189210","5.59","0.2367","0.3650","NaN","NaN","NaN","NaN","NaN","NaN","0.003115","NaN","NaN","NaN","0.0003598215","NaN","NaN","NaN"
"189211","5.57","0.2383","0.3675","NaN","NaN","NaN","NaN","NaN","NaN","0.003447","NaN","NaN","NaN","0.0007783808","NaN","NaN","NaN"
"189212","5.51","0.2400","0.3700","NaN","NaN","NaN","NaN","NaN","NaN","0.003433","NaN","NaN","NaN","0.0009565178","NaN","NaN","NaN"
"189301","5.61","0.2408","0.3608","NaN","NaN","NaN","NaN","NaN","NaN","0.003698","NaN","NaN","NaN","0.0009023187","NaN","NaN","NaN"
"189302","5.51","0.2417","0.3517","NaN","NaN","NaN","NaN","NaN","NaN","0.003403","NaN","NaN","NaN","0.0017157776","NaN","NaN","NaN"
"189303","5.31","0.2425","0.3425","NaN","NaN","NaN","NaN","NaN","NaN","0.003307","NaN","NaN","NaN","0.0012405729","NaN","NaN","NaN"
"189304","5.31","0.2433","0.3333","NaN","NaN","NaN","NaN","NaN","NaN","0.004657","NaN","NaN","NaN","0.0016310348","NaN","NaN","NaN"
"189305","4.84","0.2442","0.3242","NaN","NaN","NaN","NaN","NaN","NaN","0.003883","NaN","NaN","NaN","0.0060655018","NaN","NaN","NaN"
"189306","4.61","0.2450","0.3150","NaN","NaN","NaN","NaN","NaN","NaN","0.004576","NaN","NaN","NaN","0.0029707873","NaN","NaN","NaN"
"189307","4.18","0.2458","0.3058","NaN","NaN","NaN","NaN","NaN","NaN","0.005890","NaN","NaN","NaN","0.0174387166","NaN","NaN","NaN"
"189308","4.08","0.2467","0.2967","NaN","NaN","NaN","NaN","NaN","NaN","0.007668","NaN","NaN","NaN","0.0096775586","NaN","NaN","NaN"
"189309","4.37","0.2475","0.2875","NaN","NaN","NaN","NaN","NaN","NaN","0.007462","NaN","NaN","NaN","0.0044530380","NaN","NaN","NaN"
"189310","4.50","0.2483","0.2783","NaN","NaN","NaN","NaN","NaN","NaN","0.005750","NaN","NaN","NaN","0.0045942154","NaN","NaN","NaN"
"189311","4.57","0.2492","0.2692","NaN","NaN","NaN","NaN","NaN","NaN","0.004001","NaN","NaN","NaN","0.0022244477","NaN","NaN","NaN"
"189312","4.41","0.2500","0.2600","NaN","NaN","NaN","NaN","NaN","NaN","0.002872","NaN","NaN","NaN","0.0016704211","NaN","NaN","NaN"
"189401","4.32","0.2467","0.2517","NaN","NaN","NaN","NaN","NaN","NaN","0.002340","NaN","NaN","NaN","0.0030611546","NaN","NaN","NaN"
"189402","4.38","0.2433","0.2433","NaN","NaN","NaN","NaN","NaN","NaN","0.002208","NaN","NaN","NaN","0.0004687629","NaN","NaN","NaN"
"189403","4.51","0.2400","0.2350","NaN","NaN","NaN","NaN","NaN","NaN","0.002075","NaN","NaN","NaN","0.0011852547","NaN","NaN","NaN"
"189404","4.57","0.2367","0.2267","NaN","NaN","NaN","NaN","NaN","NaN","0.001875","NaN","NaN","NaN","0.0007072682","NaN","NaN","NaN"
"189405","4.40","0.2333","0.2183","NaN","NaN","NaN","NaN","NaN","NaN","0.001927","NaN","NaN","NaN","0.0016138179","NaN","NaN","NaN"
"189406","4.34","0.2300","0.2100","NaN","NaN","NaN","NaN","NaN","NaN","0.001802","NaN","NaN","NaN","0.0010679602","NaN","NaN","NaN"
"189407","4.25","0.2267","0.2017","NaN","NaN","NaN","NaN","NaN","NaN","0.001787","NaN","NaN","NaN","0.0006023604","NaN","NaN","NaN"
"189408","4.41","0.2233","0.1933","NaN","NaN","NaN","NaN","NaN","NaN","0.001853","NaN","NaN","NaN","0.0024540504","NaN","NaN","NaN"
"189409","4.48","0.2200","0.1850","NaN","NaN","NaN","NaN","NaN","NaN","0.001905","NaN","NaN","NaN","0.0011129513","NaN","NaN","NaN"
"189410","4.34","0.2167","0.1767","NaN","NaN","NaN","NaN","NaN","NaN","0.002060","NaN","NaN","NaN","0.0012013283","NaN","NaN","NaN"
"189411","4.34","0.2133","0.1683","NaN","NaN","NaN","NaN","NaN","NaN","0.001676","NaN","NaN","NaN","0.0019034743","NaN","NaN","NaN"
"189412","4.30","0.2100","0.1600","NaN","NaN","NaN","NaN","NaN","NaN","0.001698","NaN","NaN","NaN","0.0013603551","NaN","NaN","NaN"
"189501","4.25","0.2083","0.1675","NaN","NaN","NaN","NaN","NaN","NaN","0.001765","NaN","NaN","NaN","0.0009261424","NaN","NaN","NaN"
"189502","4.19","0.2067","0.1750","NaN","NaN","NaN","NaN","NaN","NaN","0.001927","NaN","NaN","NaN","0.0008998998","NaN","NaN","NaN"
"189503","4.19","0.2050","0.1825","NaN","NaN","NaN","NaN","NaN","NaN","0.002311","NaN","NaN","NaN","0.0016711344","NaN","NaN","NaN"
"189504","4.37","0.2033","0.1900","NaN","NaN","NaN","NaN","NaN","NaN","0.002525","NaN","NaN","NaN","0.0008847499","NaN","NaN","NaN"
"189505","4.61","0.2017","0.1975","NaN","NaN","NaN","NaN","NaN","NaN","0.002569","NaN","NaN","NaN","0.0030111123","NaN","NaN","NaN"
"189506","4.70","0.2000","0.2050","NaN","NaN","NaN","NaN","NaN","NaN","0.001684","NaN","NaN","NaN","0.0009137186","NaN","NaN","NaN"
"189507","4.72","0.1983","0.2125","NaN","NaN","NaN","NaN","NaN","NaN","0.001573","NaN","NaN","NaN","0.0008380014","NaN","NaN","NaN"
"189508","4.79","0.1967","0.2200","NaN","NaN","NaN","NaN","NaN","NaN","0.001809","NaN","NaN","NaN","0.0005809942","NaN","NaN","NaN"
"189509","4.82","0.1950","0.2275","NaN","NaN","NaN","NaN","NaN","NaN","0.002200","NaN","NaN","NaN","0.0020191396","NaN","NaN","NaN"
"189510","4.75","0.1933","0.2350","NaN","NaN","NaN","NaN","NaN","NaN","0.002613","NaN","NaN","NaN","0.0009002614","NaN","NaN","NaN"
"189511","4.59","0.1917","0.2425","NaN","NaN","NaN","NaN","NaN","NaN","0.003167","NaN","NaN","NaN","0.0015394194","NaN","NaN","NaN"
"189512","4.32","0.1900","0.2500","NaN","NaN","NaN","NaN","NaN","NaN","0.002687","NaN","NaN","NaN","0.0145051323","NaN","NaN","NaN"
"189601","4.27","0.1892","0.2467","NaN","NaN","NaN","NaN","NaN","NaN","0.003145","NaN","NaN","NaN","0.0034854132","NaN","NaN","NaN"
"189602","4.45","0.1883","0.2433","NaN","NaN","NaN","NaN","NaN","NaN","0.004067","NaN","NaN","NaN","0.0017888725","NaN","NaN","NaN"
"189603","4.38","0.1875","0.2400","NaN","NaN","NaN","NaN","NaN","NaN","0.003927","NaN","NaN","NaN","0.0014566434","NaN","NaN","NaN"
"189604","4.42","0.1867","0.2367","NaN","NaN","NaN","NaN","NaN","NaN","0.003492","NaN","NaN","NaN","0.0006532004","NaN","NaN","NaN"
"189605","4.40","0.1858","0.2333","NaN","NaN","NaN","NaN","NaN","NaN","0.003528","NaN","NaN","NaN","0.0010398274","NaN","NaN","NaN"
"189606","4.32","0.1850","0.2300","NaN","NaN","NaN","NaN","NaN","NaN","0.002982","NaN","NaN","NaN","0.0043587505","NaN","NaN","NaN"
"189607","4.04","0.1842","0.2267","NaN","NaN","NaN","NaN","NaN","NaN","0.002776","NaN","NaN","NaN","0.0076856938","NaN","NaN","NaN"
"189608","3.81","0.1833","0.2233","NaN","NaN","NaN","NaN","NaN","NaN","0.003366","NaN","NaN","NaN","0.0079656373","NaN","NaN","NaN"
"189609","4.01","0.1825","0.2200","NaN","NaN","NaN","NaN","NaN","NaN","0.005403","NaN","NaN","NaN","0.0043088770","NaN","NaN","NaN"
"189610","4.10","0.1817","0.2167","NaN","NaN","NaN","NaN","NaN","NaN","0.005764","NaN","NaN","NaN","0.0045148133","NaN","NaN","NaN"
"189611","4.38","0.1808","0.2133","NaN","NaN","NaN","NaN","NaN","NaN","0.005809","NaN","NaN","NaN","0.0042137166","NaN","NaN","NaN"
"189612","4.22","0.1800","0.2100","NaN","NaN","NaN","NaN","NaN","NaN","0.003580","NaN","NaN","NaN","0.0049617891","NaN","NaN","NaN"
"189701","4.22","0.1800","0.2183","NaN","NaN","NaN","NaN","NaN","NaN","0.002392","NaN","NaN","NaN","0.0014186862","NaN","NaN","NaN"
"189702","4.18","0.1800","0.2267","NaN","NaN","NaN","NaN","NaN","NaN","0.002082","NaN","NaN","NaN","0.0010347079","NaN","NaN","NaN"
"189703","4.19","0.1800","0.2350","NaN","NaN","NaN","NaN","NaN","NaN","0.001853","NaN","NaN","NaN","0.0019187941","NaN","NaN","NaN"
"189704","4.06","0.1800","0.2433","NaN","NaN","NaN","NaN","NaN","NaN","0.002097","NaN","NaN","NaN","0.0020920644","NaN","NaN","NaN"
"189705","4.08","0.1800","0.2517","NaN","NaN","NaN","NaN","NaN","NaN","0.002244","NaN","NaN","NaN","0.0010858080","NaN","NaN","NaN"
"189706","4.27","0.1800","0.2600","NaN","NaN","NaN","NaN","NaN","NaN","0.002244","NaN","NaN","NaN","0.0011649759","NaN","NaN","NaN"
"189707","4.46","0.1800","0.2683","NaN","NaN","NaN","NaN","NaN","NaN","0.001942","NaN","NaN","NaN","0.0009982965","NaN","NaN","NaN"
"189708","4.75","0.1800","0.2767","NaN","NaN","NaN","NaN","NaN","NaN","0.002149","NaN","NaN","NaN","0.0020235290","NaN","NaN","NaN"
"189709","4.98","0.1800","0.2850","NaN","NaN","NaN","NaN","NaN","NaN","0.002385","NaN","NaN","NaN","0.0031743872","NaN","NaN","NaN"
"189710","4.82","0.1800","0.2933","NaN","NaN","NaN","NaN","NaN","NaN","0.002665","NaN","NaN","NaN","0.0034575288","NaN","NaN","NaN"
"189711","4.65","0.1800","0.3017","NaN","NaN","NaN","NaN","NaN","NaN","0.002731","NaN","NaN","NaN","0.0031859508","NaN","NaN","NaN"
"189712","4.75","0.1800","0.3100","NaN","NaN","NaN","NaN","NaN","NaN","0.002134","NaN","NaN","NaN","0.0011967887","NaN","NaN","NaN"
"189801","4.88","0.1817","0.3133","NaN","NaN","NaN","NaN","NaN","NaN","0.002163","NaN","NaN","NaN","0.0020065062","NaN","NaN","NaN"
"189802","4.87","0.1833","0.3167","NaN","NaN","NaN","NaN","NaN","NaN","0.002038","NaN","NaN","NaN","0.0028627302","NaN","NaN","NaN"
"189803","4.65","0.1850","0.3200","NaN","NaN","NaN","NaN","NaN","NaN","0.001942","NaN","NaN","NaN","0.0109767556","NaN","NaN","NaN"
"189804","4.57","0.1867","0.3233","NaN","NaN","NaN","NaN","NaN","NaN","0.003071","NaN","NaN","NaN","0.0043488035","NaN","NaN","NaN"
"189805","4.87","0.1883","0.3267","NaN","NaN","NaN","NaN","NaN","NaN","0.003883","NaN","NaN","NaN","0.0046970238","NaN","NaN","NaN"
"189806","5.06","0.1900","0.3300","NaN","NaN","NaN","NaN","NaN","NaN","0.003071","NaN","NaN","NaN","0.0012237441","NaN","NaN","NaN"
"189807","5.08","0.1917","0.3333","NaN","NaN","NaN","NaN","NaN","NaN","0.002030","NaN","NaN","NaN","0.0008520289","NaN","NaN","NaN"
"189808","5.27","0.1933","0.3367","NaN","NaN","NaN","NaN","NaN","NaN","0.002340","NaN","NaN","NaN","0.0013010349","NaN","NaN","NaN"
"189809","5.26","0.1950","0.3400","NaN","NaN","NaN","NaN","NaN","NaN","0.002326","NaN","NaN","NaN","0.0014933782","NaN","NaN","NaN"
"189810","5.15","0.1967","0.3433","NaN","NaN","NaN","NaN","NaN","NaN","0.002672","NaN","NaN","NaN","0.0010858963","NaN","NaN","NaN"
"189811","5.32","0.1983","0.3467","NaN","NaN","NaN","NaN","NaN","NaN","0.002156","NaN","NaN","NaN","0.0007460238","NaN","NaN","NaN"
"189812","5.65","0.2000","0.3500","NaN","NaN","NaN","NaN","NaN","NaN","0.002075","NaN","NaN","NaN","0.0008304822","NaN","NaN","NaN"
"189901","6.08","0.2008","0.3608","NaN","NaN","NaN","NaN","NaN","NaN","0.001875","NaN","NaN","NaN","0.0017113599","NaN","NaN","NaN"
"189902","6.31","0.2017","0.3717","NaN","NaN","NaN","NaN","NaN","NaN","0.001780","NaN","NaN","NaN","0.0008945259","NaN","NaN","NaN"
"189903","6.40","0.2025","0.3825","NaN","NaN","NaN","NaN","NaN","NaN","0.001890","NaN","NaN","NaN","0.0012913102","NaN","NaN","NaN"
"189904","6.48","0.2033","0.3933","NaN","NaN","NaN","NaN","NaN","NaN","0.002488","NaN","NaN","NaN","0.0012558573","NaN","NaN","NaN"
"189905","6.21","0.2042","0.4042","NaN","NaN","NaN","NaN","NaN","NaN","0.002363","NaN","NaN","NaN","0.0050315495","NaN","NaN","NaN"
"189906","6.07","0.2050","0.4150","NaN","NaN","NaN","NaN","NaN","NaN","0.002296","NaN","NaN","NaN","0.0015474262","NaN","NaN","NaN"
"189907","6.28","0.2058","0.4258","NaN","NaN","NaN","NaN","NaN","NaN","0.002082","NaN","NaN","NaN","0.0008671237","NaN","NaN","NaN"
"189908","6.44","0.2067","0.4367","NaN","NaN","NaN","NaN","NaN","NaN","0.002340","NaN","NaN","NaN","0.0005065934","NaN","NaN","NaN"
"189909","6.37","0.2075","0.4475","NaN","NaN","NaN","NaN","NaN","NaN","0.002850","NaN","NaN","NaN","0.0019000421","NaN","NaN","NaN"
"189910","6.34","0.2083","0.4583","NaN","NaN","NaN","NaN","NaN","NaN","0.003285","NaN","NaN","NaN","0.0012869481","NaN","NaN","NaN"
"189911","6.46","0.2092","0.4692","NaN","NaN","NaN","NaN","NaN","NaN","0.003469","NaN","NaN","NaN","0.0009189348","NaN","NaN","NaN"
"189912","6.02","0.2100","0.4800","NaN","NaN","NaN","NaN","NaN","NaN","0.003639","NaN","NaN","NaN","0.0098848709","NaN","NaN","NaN"
"190001","6.10","0.2175","0.4800","NaN","NaN","NaN","NaN","NaN","NaN","0.003979","NaN","NaN","NaN","0.0024324624","NaN","NaN","NaN"
"190002","6.21","0.2250","0.4800","NaN","NaN","NaN","NaN","NaN","NaN","0.003278","NaN","NaN","NaN","0.0008380407","NaN","NaN","NaN"
"190003","6.26","0.2325","0.4800","NaN","NaN","NaN","NaN","NaN","NaN","0.002886","NaN","NaN","NaN","0.0012217033","NaN","NaN","NaN"
"190004","6.34","0.2400","0.4800","NaN","NaN","NaN","NaN","NaN","NaN","0.003241","NaN","NaN","NaN","0.0014254609","NaN","NaN","NaN"
"190005","6.04","0.2475","0.4800","NaN","NaN","NaN","NaN","NaN","NaN","0.002776","NaN","NaN","NaN","0.0016912917","NaN","NaN","NaN"
"190006","5.86","0.2550","0.4800","NaN","NaN","NaN","NaN","NaN","NaN","0.002370","NaN","NaN","NaN","0.0015714951","NaN","NaN","NaN"
"190007","5.86","0.2625","0.4800","NaN","NaN","NaN","NaN","NaN","NaN","0.002355","NaN","NaN","NaN","0.0012871561","NaN","NaN","NaN"
"190008","5.94","0.2700","0.4800","NaN","NaN","NaN","NaN","NaN","NaN","0.002613","NaN","NaN","NaN","0.0003048213","NaN","NaN","NaN"
"190009","5.80","0.2775","0.4800","NaN","NaN","NaN","NaN","NaN","NaN","0.002731","NaN","NaN","NaN","0.0014458538","NaN","NaN","NaN"
"190010","6.01","0.2850","0.4800","NaN","NaN","NaN","NaN","NaN","NaN","0.002842","NaN","NaN","NaN","0.0012551927","NaN","NaN","NaN"
"190011","6.48","0.2925","0.4800","NaN","NaN","NaN","NaN","NaN","NaN","0.003366","NaN","NaN","NaN","0.0024582298","NaN","NaN","NaN"
"190012","6.87","0.3000","0.4800","NaN","NaN","NaN","NaN","NaN","NaN","0.002886","NaN","NaN","NaN","0.0012284067","NaN","NaN","NaN"
"190101","7.07","0.3017","0.4817","NaN","NaN","NaN","NaN","NaN","NaN","0.003145","NaN","NaN","NaN","0.0025292517","NaN","NaN","NaN"
"190102","7.25","0.3033","0.4833","NaN","NaN","NaN","NaN","NaN","NaN","0.002613","NaN","NaN","NaN","0.0009435573","NaN","NaN","NaN"
"190103","7.51","0.3050","0.4850","NaN","NaN","NaN","NaN","NaN","NaN","0.002363","NaN","NaN","NaN","0.0004476118","NaN","NaN","NaN"
"190104","8.14","0.3067","0.4867","NaN","NaN","NaN","NaN","NaN","NaN","0.002407","NaN","NaN","NaN","0.0018041452","NaN","NaN","NaN"
"190105","7.73","0.3083","0.4883","NaN","NaN","NaN","NaN","NaN","NaN","0.002569","NaN","NaN","NaN","0.0151293251","NaN","NaN","NaN"
"190106","8.50","0.3100","0.4900","NaN","NaN","NaN","NaN","NaN","NaN","0.002569","NaN","NaN","NaN","0.0011166340","NaN","NaN","NaN"
"190107","7.93","0.3117","0.4917","NaN","NaN","NaN","NaN","NaN","NaN","0.002547","NaN","NaN","NaN","0.0049890226","NaN","NaN","NaN"
"190108","8.04","0.3133","0.4933","NaN","NaN","NaN","NaN","NaN","NaN","0.002813","NaN","NaN","NaN","0.0013683812","NaN","NaN","NaN"
"190109","8.00","0.3150","0.4950","NaN","NaN","NaN","NaN","NaN","NaN","0.002960","NaN","NaN","NaN","0.0059129993","NaN","NaN","NaN"
"190110","7.91","0.3167","0.4967","NaN","NaN","NaN","NaN","NaN","NaN","0.003285","NaN","NaN","NaN","0.0009998371","NaN","NaN","NaN"
"190111","8.08","0.3183","0.4983","NaN","NaN","NaN","NaN","NaN","NaN","0.003071","NaN","NaN","NaN","0.0008218961","NaN","NaN","NaN"
"190112","7.95","0.3200","0.5000","NaN","NaN","NaN","NaN","NaN","NaN","0.003123","NaN","NaN","NaN","0.0012303252","NaN","NaN","NaN"
"190201","8.12","0.3208","0.5108","NaN","NaN","NaN","NaN","NaN","NaN","0.003285","NaN","NaN","NaN","0.0008418224","NaN","NaN","NaN"
"190202","8.19","0.3217","0.5217","NaN","NaN","NaN","NaN","NaN","NaN","0.002960","NaN","NaN","NaN","0.0005069032","NaN","NaN","NaN"
"190203","8.20","0.3225","0.5325","NaN","NaN","NaN","NaN","NaN","NaN","0.002591","NaN","NaN","NaN","0.0003537138","NaN","NaN","NaN"
"190204","8.48","0.3233","0.5433","NaN","NaN","NaN","NaN","NaN","NaN","0.002842","NaN","NaN","NaN","0.0006210731","NaN","NaN","NaN"
"190205","8.46","0.3242","0.5542","NaN","NaN","NaN","NaN","NaN","NaN","0.002945","NaN","NaN","NaN","0.0012370249","NaN","NaN","NaN"
"190206","8.41","0.3250","0.5650","NaN","NaN","NaN","NaN","NaN","NaN","0.002982","NaN","NaN","NaN","0.0002609764","NaN","NaN","NaN"
"190207","8.60","0.3258","0.5758","NaN","NaN","NaN","NaN","NaN","NaN","0.002916","NaN","NaN","NaN","0.0003693229","NaN","NaN","NaN"
"190208","8.83","0.3267","0.5867","NaN","NaN","NaN","NaN","NaN","NaN","0.003049","NaN","NaN","NaN","0.0003363733","NaN","NaN","NaN"
"190209","8.85","0.3275","0.5975","NaN","NaN","NaN","NaN","NaN","NaN","0.003211","NaN","NaN","NaN","0.0033788785","NaN","NaN","NaN"
"190210","8.57","0.3283","0.6083","NaN","NaN","NaN","NaN","NaN","NaN","0.003779","NaN","NaN","NaN","0.0016801434","NaN","NaN","NaN"
"190211","8.24","0.3292","0.6192","NaN","NaN","NaN","NaN","NaN","NaN","0.004023","NaN","NaN","NaN","0.0021199081","NaN","NaN","NaN"
"190212","8.05","0.3300","0.6300","NaN","NaN","NaN","NaN","NaN","NaN","0.003883","NaN","NaN","NaN","0.0016868877","NaN","NaN","NaN"
"190301","8.46","0.3317","0.6217","NaN","NaN","NaN","NaN","NaN","NaN","0.004067","NaN","NaN","NaN","0.0006760279","NaN","NaN","NaN"
"190302","8.41","0.3333","0.6133","NaN","NaN","NaN","NaN","NaN","NaN","0.003418","NaN","NaN","NaN","0.0004724462","NaN","NaN","NaN"
"190303","8.08","0.3350","0.6050","NaN","NaN","NaN","NaN","NaN","NaN","0.003211","NaN","NaN","NaN","0.0017076353","NaN","NaN","NaN"
"190304","7.75","0.3367","0.5967","NaN","NaN","NaN","NaN","NaN","NaN","0.003779","NaN","NaN","NaN","0.0016186947","NaN","NaN","NaN"
"190305","7.60","0.3383","0.5883","NaN","NaN","NaN","NaN","NaN","NaN","0.003492","NaN","NaN","NaN","0.0013952707","NaN","NaN","NaN"
"190306","7.18","0.3400","0.5800","NaN","NaN","NaN","NaN","NaN","NaN","0.003145","NaN","NaN","NaN","0.0025605329","NaN","NaN","NaN"
"190307","6.85","0.3417","0.5717","NaN","NaN","NaN","NaN","NaN","NaN","0.003388","NaN","NaN","NaN","0.0025974589","NaN","NaN","NaN"
"190308","6.63","0.3433","0.5633","NaN","NaN","NaN","NaN","NaN","NaN","0.003654","NaN","NaN","NaN","0.0046120564","NaN","NaN","NaN"
"190309","6.47","0.3450","0.5550","NaN","NaN","NaN","NaN","NaN","NaN","0.004023","NaN","NaN","NaN","0.0029431977","NaN","NaN","NaN"
"190310","6.26","0.3467","0.5467","NaN","NaN","NaN","NaN","NaN","NaN","0.004067","NaN","NaN","NaN","0.0036398172","NaN","NaN","NaN"
"190311","6.28","0.3483","0.5383","NaN","NaN","NaN","NaN","NaN","NaN","0.003949","NaN","NaN","NaN","0.0012781231","NaN","NaN","NaN"
"190312","6.57","0.3500","0.5300","NaN","NaN","NaN","NaN","NaN","NaN","0.004045","NaN","NaN","NaN","0.0012443211","NaN","NaN","NaN"
"190401","6.68","0.3467","0.5267","NaN","NaN","NaN","NaN","NaN","NaN","0.003956","NaN","NaN","NaN","0.0017781550","NaN","NaN","NaN"
"190402","6.50","0.3433","0.5233","NaN","NaN","NaN","NaN","NaN","NaN","0.003241","NaN","NaN","NaN","0.0007110373","NaN","NaN","NaN"
"190403","6.48","0.3400","0.5200","NaN","NaN","NaN","NaN","NaN","NaN","0.003167","NaN","NaN","NaN","0.0014626397","NaN","NaN","NaN"
"190404","6.64","0.3367","0.5167","NaN","NaN","NaN","NaN","NaN","NaN","0.003093","NaN","NaN","NaN","0.0004368784","NaN","NaN","NaN"
"190405","6.50","0.3333","0.5133","NaN","NaN","NaN","NaN","NaN","NaN","0.002636","NaN","NaN","NaN","0.0003431724","NaN","NaN","NaN"
"190406","6.51","0.3300","0.5100","NaN","NaN","NaN","NaN","NaN","NaN","0.002532","NaN","NaN","NaN","0.0002381881","NaN","NaN","NaN"
"190407","6.78","0.3267","0.5067","NaN","NaN","NaN","NaN","NaN","NaN","0.002303","NaN","NaN","NaN","0.0009055555","NaN","NaN","NaN"
"190408","7.01","0.3233","0.5033","NaN","NaN","NaN","NaN","NaN","NaN","0.002244","NaN","NaN","NaN","0.0004882288","NaN","NaN","NaN"
"190409","7.32","0.3200","0.5000","NaN","NaN","NaN","NaN","NaN","NaN","0.002503","NaN","NaN","NaN","0.0008812463","NaN","NaN","NaN"
"190410","7.75","0.3167","0.4967","NaN","NaN","NaN","NaN","NaN","NaN","0.002820","NaN","NaN","NaN","0.0012976369","NaN","NaN","NaN"
"190411","8.17","0.3133","0.4933","NaN","NaN","NaN","NaN","NaN","NaN","0.002886","NaN","NaN","NaN","0.0007777411","NaN","NaN","NaN"
"190412","8.25","0.3100","0.4900","NaN","NaN","NaN","NaN","NaN","NaN","0.002687","NaN","NaN","NaN","0.0033483606","NaN","NaN","NaN"
"190501","8.43","0.3117","0.5050","NaN","NaN","NaN","NaN","NaN","NaN","0.002798","NaN","NaN","NaN","0.0008167658","NaN","NaN","NaN"
"190502","8.80","0.3133","0.5200","NaN","NaN","NaN","NaN","NaN","NaN","0.002569","NaN","NaN","NaN","0.0005484349","NaN","NaN","NaN"
"190503","9.05","0.3150","0.5350","NaN","NaN","NaN","NaN","NaN","NaN","0.002466","NaN","NaN","NaN","0.0010703230","NaN","NaN","NaN"
"190504","8.94","0.3167","0.5500","NaN","NaN","NaN","NaN","NaN","NaN","0.002540","NaN","NaN","NaN","0.0024071229","NaN","NaN","NaN"
"190505","8.50","0.3183","0.5650","NaN","NaN","NaN","NaN","NaN","NaN","0.002569","NaN","NaN","NaN","0.0032256778","NaN","NaN","NaN"
"190506","8.60","0.3200","0.5800","NaN","NaN","NaN","NaN","NaN","NaN","0.002577","NaN","NaN","NaN","0.0013950785","NaN","NaN","NaN"
"190507","8.87","0.3217","0.5950","NaN","NaN","NaN","NaN","NaN","NaN","0.002407","NaN","NaN","NaN","0.0010987718","NaN","NaN","NaN"
"190508","9.20","0.3233","0.6100","NaN","NaN","NaN","NaN","NaN","NaN","0.002680","NaN","NaN","NaN","0.0008756410","NaN","NaN","NaN"
"190509","9.23","0.3250","0.6250","NaN","NaN","NaN","NaN","NaN","NaN","0.002739","NaN","NaN","NaN","0.0013945243","NaN","NaN","NaN"
"190510","9.36","0.3267","0.6400","NaN","NaN","NaN","NaN","NaN","NaN","0.003123","NaN","NaN","NaN","0.0006928260","NaN","NaN","NaN"
"190511","9.31","0.3283","0.6550","NaN","NaN","NaN","NaN","NaN","NaN","0.003292","NaN","NaN","NaN","0.0012021161","NaN","NaN","NaN"
"190512","9.54","0.3300","0.6700","NaN","NaN","NaN","NaN","NaN","NaN","0.003757","NaN","NaN","NaN","0.0009097233","NaN","NaN","NaN"
"190601","9.87","0.3358","0.6775","NaN","NaN","NaN","NaN","NaN","NaN","0.003927","NaN","NaN","NaN","0.0013949191","NaN","NaN","NaN"
"190602","9.80","0.3417","0.6850","NaN","NaN","NaN","NaN","NaN","NaN","0.003366","NaN","NaN","NaN","0.0013124868","NaN","NaN","NaN"
"190603","9.56","0.3475","0.6925","NaN","NaN","NaN","NaN","NaN","NaN","0.003351","NaN","NaN","NaN","0.0011252855","NaN","NaN","NaN"
"190604","9.43","0.3533","0.7000","NaN","NaN","NaN","NaN","NaN","NaN","0.003536","NaN","NaN","NaN","0.0024018046","NaN","NaN","NaN"
"190605","9.18","0.3592","0.7075","NaN","NaN","NaN","NaN","NaN","NaN","0.003654","NaN","NaN","NaN","0.0021175439","NaN","NaN","NaN"
"190606","9.30","0.3650","0.7150","NaN","NaN","NaN","NaN","NaN","NaN","0.003565","NaN","NaN","NaN","0.0016463421","NaN","NaN","NaN"
"190607","9.06","0.3708","0.7225","NaN","NaN","NaN","NaN","NaN","NaN","0.003514","NaN","NaN","NaN","0.0012790848","NaN","NaN","NaN"
"190608","9.73","0.3767","0.7300","NaN","NaN","NaN","NaN","NaN","NaN","0.003669","NaN","NaN","NaN","0.0014873918","NaN","NaN","NaN"
"190609","10.03","0.3825","0.7375","NaN","NaN","NaN","NaN","NaN","NaN","0.004038","NaN","NaN","NaN","0.0008314321","NaN","NaN","NaN"
"190610","9.73","0.3883","0.7450","NaN","NaN","NaN","NaN","NaN","NaN","0.004480","NaN","NaN","NaN","0.0012371143","NaN","NaN","NaN"
"190611","9.93","0.3942","0.7525","NaN","NaN","NaN","NaN","NaN","NaN","0.004289","NaN","NaN","NaN","0.0006876636","NaN","NaN","NaN"
"190612","9.84","0.4000","0.7600","NaN","NaN","NaN","NaN","NaN","NaN","0.004252","NaN","NaN","NaN","0.0015708553","NaN","NaN","NaN"
"190701","9.56","0.4033","0.7517","NaN","NaN","NaN","NaN","NaN","NaN","0.004252","NaN","NaN","NaN","0.0013045548","NaN","NaN","NaN"
"190702","9.26","0.4067","0.7433","NaN","NaN","NaN","NaN","NaN","NaN","0.004178","NaN","NaN","NaN","0.0014456297","NaN","NaN","NaN"
"190703","8.35","0.4100","0.7350","NaN","NaN","NaN","NaN","NaN","NaN","0.004023","NaN","NaN","NaN","0.0184520981","NaN","NaN","NaN"
"190704","8.39","0.4133","0.7267","NaN","NaN","NaN","NaN","NaN","NaN","0.004200","NaN","NaN","NaN","0.0022732673","NaN","NaN","NaN"
"190705","8.10","0.4167","0.7183","NaN","NaN","NaN","NaN","NaN","NaN","0.004023","NaN","NaN","NaN","0.0019956660","NaN","NaN","NaN"
"190706","7.84","0.4200","0.7100","NaN","NaN","NaN","NaN","NaN","NaN","0.003676","NaN","NaN","NaN","0.0014013008","NaN","NaN","NaN"
"190707","8.14","0.4233","0.7017","NaN","NaN","NaN","NaN","NaN","NaN","0.003654","NaN","NaN","NaN","0.0013252397","NaN","NaN","NaN"
"190708","7.53","0.4267","0.6933","NaN","NaN","NaN","NaN","NaN","NaN","0.003883","NaN","NaN","NaN","0.0041996424","NaN","NaN","NaN"
"190709","7.45","0.4300","0.6850","NaN","NaN","NaN","NaN","NaN","NaN","0.004252","NaN","NaN","NaN","0.0018824117","NaN","NaN","NaN"
"190710","6.64","0.4333","0.6767","NaN","NaN","NaN","NaN","NaN","NaN","0.004665","NaN","NaN","NaN","0.0055534256","NaN","NaN","NaN"
"190711","6.25","0.4367","0.6683","NaN","NaN","NaN","NaN","NaN","NaN","0.004879","NaN","NaN","NaN","0.0051308749","NaN","NaN","NaN"
"190712","6.57","0.4400","0.6600","NaN","NaN","NaN","NaN","NaN","NaN","0.004990","NaN","NaN","NaN","0.0030149463","NaN","NaN","NaN"
"190801","6.85","0.4367","0.6533","NaN","NaN","NaN","NaN","NaN","NaN","0.005418","NaN","NaN","NaN","0.0023219901","NaN","NaN","NaN"
"190802","6.60","0.4333","0.6467","NaN","NaN","NaN","NaN","NaN","NaN","0.004414","NaN","NaN","NaN","0.0018728863","NaN","NaN","NaN"
"190803","6.87","0.4300","0.6400","NaN","NaN","NaN","NaN","NaN","NaN","0.003373","NaN","NaN","NaN","0.0023091474","NaN","NaN","NaN"
"190804","7.24","0.4267","0.6333","NaN","NaN","NaN","NaN","NaN","NaN","0.003831","NaN","NaN","NaN","0.0009914098","NaN","NaN","NaN"
"190805","7.63","0.4233","0.6267","NaN","NaN","NaN","NaN","NaN","NaN","0.002931","NaN","NaN","NaN","0.0019864080","NaN","NaN","NaN"
"190806","7.64","0.4200","0.6200","NaN","NaN","NaN","NaN","NaN","NaN","0.002547","NaN","NaN","NaN","0.0019133323","NaN","NaN","NaN"
"190807","7.92","0.4167","0.6133","NaN","NaN","NaN","NaN","NaN","NaN","0.002326","NaN","NaN","NaN","0.0016310210","NaN","NaN","NaN"
"190808","8.26","0.4133","0.6067","NaN","NaN","NaN","NaN","NaN","NaN","0.002407","NaN","NaN","NaN","0.0012737565","NaN","NaN","NaN"
"190809","8.17","0.4100","0.6000","NaN","NaN","NaN","NaN","NaN","NaN","0.002296","NaN","NaN","NaN","0.0021491419","NaN","NaN","NaN"
"190810","8.27","0.4067","0.5933","NaN","NaN","NaN","NaN","NaN","NaN","0.002540","NaN","NaN","NaN","0.0009554509","NaN","NaN","NaN"
"190811","8.83","0.4033","0.5867","NaN","NaN","NaN","NaN","NaN","NaN","0.002636","NaN","NaN","NaN","0.0014535755","NaN","NaN","NaN"
"190812","9.03","0.4000","0.5800","NaN","NaN","NaN","NaN","NaN","NaN","0.002613","NaN","NaN","NaN","0.0011939897","NaN","NaN","NaN"
"190901","9.06","0.4033","0.5950","NaN","NaN","NaN","NaN","NaN","NaN","0.002481","NaN","NaN","NaN","0.0008793069","NaN","NaN","NaN"
"190902","8.80","0.4067","0.6100","NaN","NaN","NaN","NaN","NaN","NaN","0.002385","NaN","NaN","NaN","0.0017954095","NaN","NaN","NaN"
"190903","8.92","0.4100","0.6250","NaN","NaN","NaN","NaN","NaN","NaN","0.002244","NaN","NaN","NaN","0.0007273434","NaN","NaN","NaN"
"190904","9.32","0.4133","0.6400","NaN","NaN","NaN","NaN","NaN","NaN","0.002222","NaN","NaN","NaN","0.0006562533","NaN","NaN","NaN"
"190905","9.63","0.4167","0.6550","NaN","NaN","NaN","NaN","NaN","NaN","0.002222","NaN","NaN","NaN","0.0003213451","NaN","NaN","NaN"
"190906","9.80","0.4200","0.6700","NaN","NaN","NaN","NaN","NaN","NaN","0.002178","NaN","NaN","NaN","0.0008699496","NaN","NaN","NaN"
"190907","9.94","0.4233","0.6850","NaN","NaN","NaN","NaN","NaN","NaN","0.002038","NaN","NaN","NaN","0.0002788520","NaN","NaN","NaN"
"190908","10.18","0.4267","0.7000","NaN","NaN","NaN","NaN","NaN","NaN","0.002134","NaN","NaN","NaN","0.0013988726","NaN","NaN","NaN"
"190909","10.19","0.4300","0.7150","NaN","NaN","NaN","NaN","NaN","NaN","0.002621","NaN","NaN","NaN","0.0012498163","NaN","NaN","NaN"
"190910","10.23","0.4333","0.7300","NaN","NaN","NaN","NaN","NaN","NaN","0.002724","NaN","NaN","NaN","0.0009552185","NaN","NaN","NaN"
"190911","10.18","0.4367","0.7450","NaN","NaN","NaN","NaN","NaN","NaN","0.003351","NaN","NaN","NaN","0.0005255665","NaN","NaN","NaN"
"190912","10.30","0.4400","0.7600","NaN","NaN","NaN","NaN","NaN","NaN","0.003366","NaN","NaN","NaN","0.0003769219","NaN","NaN","NaN"
"191001","10.08","0.4425","0.7575","NaN","NaN","NaN","NaN","NaN","NaN","0.003410","NaN","NaN","NaN","0.0022565500","NaN","NaN","NaN"
"191002","9.72","0.4450","0.7550","NaN","NaN","NaN","NaN","NaN","NaN","0.003145","NaN","NaN","NaN","0.0018189784","NaN","NaN","NaN"
"191003","9.96","0.4475","0.7525","NaN","NaN","NaN","NaN","NaN","NaN","0.002916","NaN","NaN","NaN","0.0008332212","NaN","NaN","NaN"
"191004","9.72","0.4500","0.7500","NaN","NaN","NaN","NaN","NaN","NaN","0.002960","NaN","NaN","NaN","0.0016938239","NaN","NaN","NaN"
"191005","9.56","0.4525","0.7475","NaN","NaN","NaN","NaN","NaN","NaN","0.003145","NaN","NaN","NaN","0.0013647700","NaN","NaN","NaN"
"191006","9.10","0.4550","0.7450","NaN","NaN","NaN","NaN","NaN","NaN","0.003145","NaN","NaN","NaN","0.0027949308","NaN","NaN","NaN"
"191007","8.64","0.4575","0.7425","NaN","NaN","NaN","NaN","NaN","NaN","0.003270","NaN","NaN","NaN","0.0032866344","NaN","NaN","NaN"
"191008","8.85","0.4600","0.7400","NaN","NaN","NaN","NaN","NaN","NaN","0.003610","NaN","NaN","NaN","0.0015867083","NaN","NaN","NaN"
"191009","8.91","0.4625","0.7375","NaN","NaN","NaN","NaN","NaN","NaN","0.003647","NaN","NaN","NaN","0.0006869297","NaN","NaN","NaN"
"191010","9.32","0.4650","0.7350","NaN","NaN","NaN","NaN","NaN","NaN","0.003720","NaN","NaN","NaN","0.0007413732","NaN","NaN","NaN"
"191011","9.31","0.4675","0.7325","NaN","NaN","NaN","NaN","NaN","NaN","0.003742","NaN","NaN","NaN","0.0011607905","NaN","NaN","NaN"
"191012","9.05","0.4700","0.7300","NaN","NaN","NaN","NaN","NaN","NaN","0.003698","NaN","NaN","NaN","0.0006830646","NaN","NaN","NaN"
"191101","9.27","0.4700","0.7183","NaN","NaN","NaN","NaN","NaN","NaN","0.003078","NaN","NaN","NaN","0.0005667355","NaN","NaN","NaN"
"191102","9.43","0.4700","0.7067","NaN","NaN","NaN","NaN","NaN","NaN","0.002584","NaN","NaN","NaN","0.0006225480","NaN","NaN","NaN"
"191103","9.32","0.4700","0.6950","NaN","NaN","NaN","NaN","NaN","NaN","0.002636","NaN","NaN","NaN","0.0006389759","NaN","NaN","NaN"
"191104","9.28","0.4700","0.6833","NaN","NaN","NaN","NaN","NaN","NaN","0.002517","NaN","NaN","NaN","0.0002818356","NaN","NaN","NaN"
"191105","9.48","0.4700","0.6717","NaN","NaN","NaN","NaN","NaN","NaN","0.002333","NaN","NaN","NaN","0.0006322053","NaN","NaN","NaN"
"191106","9.67","0.4700","0.6600","NaN","NaN","NaN","NaN","NaN","NaN","0.002311","NaN","NaN","NaN","0.0002924562","NaN","NaN","NaN"
"191107","9.63","0.4700","0.6483","NaN","NaN","NaN","NaN","NaN","NaN","0.002355","NaN","NaN","NaN","0.0003194916","NaN","NaN","NaN"
"191108","9.17","0.4700","0.6367","NaN","NaN","NaN","NaN","NaN","NaN","0.002429","NaN","NaN","NaN","0.0013782882","NaN","NaN","NaN"
"191109","8.67","0.4700","0.6250","NaN","NaN","NaN","NaN","NaN","NaN","0.002731","NaN","NaN","NaN","0.0010469042","NaN","NaN","NaN"
"191110","8.72","0.4700","0.6133","NaN","NaN","NaN","NaN","NaN","NaN","0.002982","NaN","NaN","NaN","0.0005262618","NaN","NaN","NaN"
"191111","9.07","0.4700","0.6017","NaN","NaN","NaN","NaN","NaN","NaN","0.002857","NaN","NaN","NaN","0.0010578679","NaN","NaN","NaN"
"191112","9.11","0.4700","0.5900","NaN","NaN","NaN","NaN","NaN","NaN","0.002547","NaN","NaN","NaN","0.0004200035","NaN","NaN","NaN"
"191201","9.12","0.4708","0.5992","NaN","NaN","NaN","NaN","NaN","NaN","0.003049","NaN","NaN","NaN","0.0004823788","NaN","NaN","NaN"
"191202","9.04","0.4717","0.6083","NaN","NaN","NaN","NaN","NaN","NaN","0.002517","NaN","NaN","NaN","0.0001610862","NaN","NaN","NaN"
"191203","9.30","0.4725","0.6175","NaN","NaN","NaN","NaN","NaN","NaN","0.002407","NaN","NaN","NaN","0.0004137841","NaN","NaN","NaN"
"191204","9.59","0.4733","0.6267","NaN","NaN","NaN","NaN","NaN","NaN","0.002731","NaN","NaN","NaN","0.0005266908","NaN","NaN","NaN"
"191205","9.58","0.4742","0.6358","NaN","NaN","NaN","NaN","NaN","NaN","0.002695","NaN","NaN","NaN","0.0007540208","NaN","NaN","NaN"
"191206","9.58","0.4750","0.6450","NaN","NaN","NaN","NaN","NaN","NaN","0.002731","NaN","NaN","NaN","0.0004415924","NaN","NaN","NaN"
"191207","9.59","0.4758","0.6542","NaN","NaN","NaN","NaN","NaN","NaN","0.002591","NaN","NaN","NaN","0.0005500493","NaN","NaN","NaN"
"191208","9.81","0.4767","0.6633","NaN","NaN","NaN","NaN","NaN","NaN","0.002975","NaN","NaN","NaN","0.0003322357","NaN","NaN","NaN"
"191209","9.86","0.4775","0.6725","NaN","NaN","NaN","NaN","NaN","NaN","0.003329","NaN","NaN","NaN","0.0004297346","NaN","NaN","NaN"
"191210","9.84","0.4783","0.6817","NaN","NaN","NaN","NaN","NaN","NaN","0.003742","NaN","NaN","NaN","0.0007144113","NaN","NaN","NaN"
"191211","9.73","0.4792","0.6908","NaN","NaN","NaN","NaN","NaN","NaN","0.004015","NaN","NaN","NaN","0.0007458307","NaN","NaN","NaN"
"191212","9.38","0.4800","0.7000","NaN","NaN","NaN","NaN","NaN","NaN","0.003861","NaN","NaN","NaN","0.0009024807","NaN","NaN","NaN"
"191301","9.30","0.4800","0.6942","NaN","NaN","NaN","NaN","NaN","NaN","0.004067","NaN","NaN","NaN","0.0012007539","NaN","NaN","NaN"
"191302","8.97","0.4800","0.6883","NaN","NaN","NaN","NaN","NaN","NaN","0.003189","0.0000000000","NaN","NaN","0.0007533256","NaN","NaN","NaN"
"191303","8.80","0.4800","0.6825","NaN","NaN","NaN","NaN","NaN","NaN","0.003255","0.0000000000","NaN","NaN","0.0007565930","NaN","NaN","NaN"
"191304","8.79","0.4800","0.6767","NaN","NaN","NaN","NaN","NaN","NaN","0.003890","0.0000000000","NaN","NaN","0.0007240746","NaN","NaN","NaN"
"191305","8.55","0.4800","0.6708","NaN","NaN","NaN","NaN","NaN","NaN","0.003713","-0.0102040816","NaN","NaN","0.0005819012","NaN","NaN","NaN"
"191306","8.12","0.4800","0.6650","NaN","NaN","NaN","NaN","NaN","NaN","0.003587","0.0103092784","NaN","NaN","0.0026204891","NaN","NaN","NaN"
"191307","8.23","0.4800","0.6592","NaN","NaN","NaN","NaN","NaN","NaN","0.003979","0.0102040816","NaN","NaN","0.0005558776","NaN","NaN","NaN"
"191308","8.45","0.4800","0.6533","NaN","NaN","NaN","NaN","NaN","NaN","0.004097","0.0000000000","NaN","NaN","0.0005558541","NaN","NaN","NaN"
"191309","8.53","0.4800","0.6475","NaN","NaN","NaN","NaN","NaN","NaN","0.004067","0.0101010101","NaN","NaN","0.0006767303","NaN","NaN","NaN"
"191310","8.26","0.4800","0.6417","NaN","NaN","NaN","NaN","NaN","NaN","0.003927","0.0000000000","NaN","NaN","0.0010866136","NaN","NaN","NaN"
"191311","8.05","0.4800","0.6358","NaN","NaN","NaN","NaN","NaN","NaN","0.003816","0.0100000000","NaN","NaN","0.0004506428","NaN","NaN","NaN"
"191312","8.04","0.4800","0.6300","NaN","NaN","NaN","NaN","NaN","NaN","0.003742","-0.0099009901","NaN","NaN","0.0007124877","NaN","NaN","NaN"
"191401","8.37","0.4750","0.6208","NaN","NaN","NaN","NaN","NaN","NaN","0.003838","0.0000000000","NaN","NaN","0.0007306086","NaN","NaN","NaN"
"191402","8.48","0.4700","0.6117","NaN","NaN","NaN","NaN","NaN","NaN","0.002982","-0.0100000000","NaN","NaN","0.0004046325","NaN","NaN","NaN"
"191403","8.32","0.4650","0.6025","NaN","NaN","NaN","NaN","NaN","NaN","0.002481","0.0000000000","NaN","NaN","0.0006693025","NaN","NaN","NaN"
"191404","8.12","0.4600","0.5933","NaN","NaN","NaN","NaN","NaN","NaN","0.002473","-0.0101010101","NaN","NaN","0.0008483564","NaN","NaN","NaN"
"191405","8.17","0.4550","0.5842","NaN","NaN","NaN","NaN","NaN","NaN","0.002399","0.0102040816","NaN","NaN","0.0005425669","NaN","NaN","NaN"
"191406","8.13","0.4500","0.5750","NaN","NaN","NaN","NaN","NaN","NaN","0.002503","0.0000000000","NaN","NaN","0.0006419688","NaN","NaN","NaN"
"191407","7.68","0.4450","0.5658","NaN","NaN","NaN","NaN","NaN","NaN","0.002488","0.0101010101","NaN","NaN","0.0051771146","NaN","NaN","NaN"
"191408","7.68","0.4400","0.5567","NaN","NaN","NaN","NaN","NaN","NaN","0.002916","0.0200000000","NaN","NaN","0.0000000000","NaN","NaN","NaN"
"191409","7.68","0.4350","0.5475","NaN","NaN","NaN","NaN","NaN","NaN","0.004318","0.0000000000","NaN","NaN","0.0000000000","NaN","NaN","NaN"
"191410","7.68","0.4300","0.5383","NaN","NaN","NaN","NaN","NaN","NaN","0.004584","-0.0098039216","NaN","NaN","0.0000000000","NaN","NaN","NaN"
"191411","7.68","0.4250","0.5292","NaN","NaN","NaN","NaN","NaN","NaN","0.004392","0.0099009901","NaN","NaN","0.0000000000","NaN","NaN","NaN"
"191412","7.35","0.4200","0.5200","NaN","NaN","NaN","NaN","NaN","NaN","0.003698","-0.0098039216","NaN","NaN","0.0025860082","NaN","NaN","NaN"
"191501","7.48","0.4208","0.5500","NaN","NaN","NaN","NaN","NaN","NaN","0.002850","0.0000000000","NaN","NaN","0.0014435328","NaN","NaN","NaN"
"191502","7.38","0.4217","0.5800","NaN","NaN","NaN","NaN","NaN","NaN","0.002481","-0.0099009901","NaN","NaN","0.0007992105","NaN","NaN","NaN"
"191503","7.57","0.4225","0.6100","NaN","NaN","NaN","NaN","NaN","NaN","0.002407","-0.0100000000","NaN","NaN","0.0008211544","NaN","NaN","NaN"
"191504","8.14","0.4233","0.6400","NaN","NaN","NaN","NaN","NaN","NaN","0.002134","0.0101010101","NaN","NaN","0.0016950975","NaN","NaN","NaN"
"191505","7.95","0.4242","0.6700","NaN","NaN","NaN","NaN","NaN","NaN","0.002340","0.0100000000","NaN","NaN","0.0049285809","NaN","NaN","NaN"
"191506","8.04","0.4250","0.7000","NaN","NaN","NaN","NaN","NaN","NaN","0.002385","0.0000000000","NaN","NaN","0.0016801799","NaN","NaN","NaN"
"191507","8.01","0.4258","0.7300","NaN","NaN","NaN","NaN","NaN","NaN","0.002333","0.0000000000","NaN","NaN","0.0012536607","NaN","NaN","NaN"
"191508","8.35","0.4267","0.7600","NaN","NaN","NaN","NaN","NaN","NaN","0.002038","0.0000000000","NaN","NaN","0.0018115194","NaN","NaN","NaN"
"191509","8.66","0.4275","0.7900","NaN","NaN","NaN","NaN","NaN","NaN","0.002244","0.0000000000","NaN","NaN","0.0009375170","NaN","NaN","NaN"
"191510","9.14","0.4283","0.8200","NaN","NaN","NaN","NaN","NaN","NaN","0.002060","0.0099009901","NaN","NaN","0.0015525521","NaN","NaN","NaN"
"191511","9.46","0.4292","0.8500","NaN","NaN","NaN","NaN","NaN","NaN","0.002016","0.0098039216","NaN","NaN","0.0009912099","NaN","NaN","NaN"
"191512","9.48","0.4300","0.8800","NaN","NaN","NaN","NaN","NaN","NaN","0.001846","0.0000000000","NaN","NaN","0.0011907280","NaN","NaN","NaN"
"191601","9.33","0.4408","0.9342","NaN","NaN","NaN","NaN","NaN","NaN","0.001920","0.0097087379","NaN","NaN","0.0013879741","NaN","NaN","NaN"
"191602","9.20","0.4517","0.9883","NaN","NaN","NaN","NaN","NaN","NaN","0.001942","0.0000000000","NaN","NaN","0.0011241608","NaN","NaN","NaN"
"191603","9.17","0.4625","1.0420","NaN","NaN","NaN","NaN","NaN","NaN","0.001942","0.0096153846","NaN","NaN","0.0007942677","NaN","NaN","NaN"
"191604","9.07","0.4733","1.0970","NaN","NaN","NaN","NaN","NaN","NaN","0.001942","0.0095238095","NaN","NaN","0.0018675936","NaN","NaN","NaN"
"191605","9.27","0.4842","1.1510","NaN","NaN","NaN","NaN","NaN","NaN","0.001942","0.0094339623","NaN","NaN","0.0010190602","NaN","NaN","NaN"
"191606","9.36","0.4950","1.2050","NaN","NaN","NaN","NaN","NaN","NaN","0.001942","0.0093457944","NaN","NaN","0.0011107020","NaN","NaN","NaN"
"191607","9.23","0.5058","1.2590","NaN","NaN","NaN","NaN","NaN","NaN","0.002311","0.0000000000","NaN","NaN","0.0005326312","NaN","NaN","NaN"
"191608","9.30","0.5167","1.3130","NaN","NaN","NaN","NaN","NaN","NaN","0.002569","0.0092592593","NaN","NaN","0.0010064439","NaN","NaN","NaN"
"191609","9.68","0.5275","1.3680","NaN","NaN","NaN","NaN","NaN","NaN","0.002385","0.0183486239","NaN","NaN","0.0007633005","NaN","NaN","NaN"
"191610","9.98","0.5383","1.4220","NaN","NaN","NaN","NaN","NaN","NaN","0.002134","0.0180180180","NaN","NaN","0.0016309216","NaN","NaN","NaN"
"191611","10.21","0.5492","1.4760","NaN","NaN","NaN","NaN","NaN","NaN","0.002134","0.0176991150","NaN","NaN","0.0008132161","NaN","NaN","NaN"
"191612","9.80","0.5600","1.5300","NaN","NaN","NaN","NaN","NaN","NaN","0.002215","0.0086956522","NaN","NaN","0.0057822028","NaN","NaN","NaN"
"191701","9.57","0.5708","1.5090","NaN","NaN","NaN","NaN","NaN","NaN","0.002525","0.0086206897","NaN","NaN","0.0015012329","NaN","NaN","NaN"
"191702","9.03","0.5817","1.4880","NaN","NaN","NaN","NaN","NaN","NaN","0.002259","0.0256410256","NaN","NaN","0.0045159173","NaN","NaN","NaN"
"191703","9.31","0.5925","1.4680","NaN","NaN","NaN","NaN","NaN","NaN","0.002658","0.0000000000","NaN","NaN","0.0014594274","NaN","NaN","NaN"
"191704","9.17","0.6033","1.4470","NaN","NaN","NaN","NaN","NaN","NaN","0.002680","0.0500000000","NaN","NaN","0.0015206150","NaN","NaN","NaN"
"191705","8.86","0.6142","1.4260","NaN","NaN","NaN","NaN","NaN","NaN","0.002798","0.0158730159","NaN","NaN","0.0019228125","NaN","NaN","NaN"
"191706","9.04","0.6250","1.4050","NaN","NaN","NaN","NaN","NaN","NaN","0.003204","0.0156250000","NaN","NaN","0.0008427469","NaN","NaN","NaN"
"191707","8.79","0.6358","1.3840","NaN","NaN","NaN","NaN","NaN","NaN","0.003329","-0.0153846154","NaN","NaN","0.0009443730","NaN","NaN","NaN"
"191708","8.53","0.6467","1.3630","NaN","NaN","NaN","NaN","NaN","NaN","0.003093","0.0156250000","NaN","NaN","0.0013655697","NaN","NaN","NaN"
"191709","8.12","0.6575","1.3430","NaN","NaN","NaN","NaN","NaN","NaN","0.003174","0.0230769231","NaN","NaN","0.0029344195","NaN","NaN","NaN"
"191710","7.68","0.6683","1.3220","NaN","NaN","NaN","NaN","NaN","NaN","0.003462","0.0150375940","NaN","NaN","0.0041310602","NaN","NaN","NaN"
"191711","7.04","0.6792","1.3010","NaN","NaN","NaN","NaN","NaN","NaN","0.003610","0.0000000000","NaN","NaN","0.0055457055","NaN","NaN","NaN"
"191712","6.80","0.6900","1.2800","NaN","NaN","NaN","NaN","NaN","NaN","0.003654","0.0148148148","NaN","NaN","0.0088776875","NaN","NaN","NaN"
"191801","7.21","0.6800","1.2560","NaN","NaN","NaN","NaN","NaN","NaN","0.003698","0.0218978102","NaN","NaN","0.0022854525","NaN","NaN","NaN"
"191802","7.43","0.6700","1.2320","NaN","NaN","NaN","NaN","NaN","NaN","0.003750","0.0071428571","NaN","NaN","0.0010569723","NaN","NaN","NaN"
"191803","7.28","0.6600","1.2080","NaN","NaN","NaN","NaN","NaN","NaN","0.003831","-0.0070921986","NaN","NaN","0.0013539408","NaN","NaN","NaN"
"191804","7.21","0.6500","1.1830","NaN","NaN","NaN","NaN","NaN","NaN","0.003979","0.0142857143","NaN","NaN","0.0011309040","NaN","NaN","NaN"
"191805","7.44","0.6400","1.1590","NaN","NaN","NaN","NaN","NaN","NaN","0.004001","0.0211267606","NaN","NaN","0.0014640576","NaN","NaN","NaN"
"191806","7.45","0.6300","1.1350","NaN","NaN","NaN","NaN","NaN","NaN","0.003979","0.0137931034","NaN","NaN","0.0005524911","NaN","NaN","NaN"
"191807","7.51","0.6200","1.1110","NaN","NaN","NaN","NaN","NaN","NaN","0.003979","0.0272108844","NaN","NaN","0.0007401049","NaN","NaN","NaN"
"191808","7.58","0.6100","1.0870","NaN","NaN","NaN","NaN","NaN","NaN","0.003979","0.0198675497","NaN","NaN","0.0004099323","NaN","NaN","NaN"
"191809","7.54","0.6000","1.0630","NaN","NaN","NaN","NaN","NaN","NaN","0.004023","0.0194805195","NaN","NaN","0.0009023853","NaN","NaN","NaN"
"191810","7.86","0.5900","1.0380","NaN","NaN","NaN","NaN","NaN","NaN","0.004067","0.0191082803","NaN","NaN","0.0019907848","NaN","NaN","NaN"
"191811","8.06","0.5800","1.0140","NaN","NaN","NaN","NaN","NaN","NaN","0.004067","0.0187500000","NaN","NaN","0.0023849319","NaN","NaN","NaN"
"191812","7.90","0.5700","0.9900","NaN","NaN","NaN","NaN","NaN","NaN","0.004045","0.0122699387","NaN","NaN","0.0010893006","NaN","NaN","NaN"
"191901","7.85","0.5667","0.9850","NaN","NaN","0.0535","0.0712","0.0463","NaN","0.003927","0.0000000000","NaN","NaN","0.0007658185","NaN","NaN","NaN"
"191902","7.88","0.5633","0.9800","NaN","NaN","0.0535","0.0720","0.0470","NaN","0.003514","-0.0181818182","NaN","NaN","0.0006462952","NaN","NaN","NaN"
"191903","8.12","0.5600","0.9750","NaN","NaN","0.0539","0.0715","0.0473","NaN","0.003462","0.0123456790","NaN","NaN","0.0011589943","NaN","NaN","NaN"
"191904","8.39","0.5567","0.9700","NaN","NaN","0.0544","0.0723","0.0472","NaN","0.003610","0.0182926829","NaN","NaN","0.0005361947","NaN","NaN","NaN"
"191905","8.97","0.5533","0.9650","NaN","NaN","0.0539","0.0709","0.0467","NaN","0.003610","0.0119760479","NaN","NaN","0.0011894273","NaN","NaN","NaN"
"191906","9.21","0.5500","0.9600","NaN","NaN","0.0540","0.0704","0.0469","NaN","0.003610","0.0000000000","NaN","NaN","0.0030374267","NaN","NaN","NaN"
"191907","9.51","0.5467","0.9550","NaN","NaN","0.0544","0.0706","0.0472","NaN","0.003720","0.0295857988","NaN","NaN","0.0014470144","NaN","NaN","NaN"
"191908","8.87","0.5433","0.9500","NaN","NaN","0.0556","0.0713","0.0478","NaN","0.003647","0.0172413793","NaN","NaN","0.0060892956","NaN","NaN","NaN"
"191909","9.01","0.5400","0.9450","NaN","NaN","0.0560","0.0727","0.0473","NaN","0.003610","0.0056497175","NaN","NaN","0.0012335901","NaN","NaN","NaN"
"191910","9.47","0.5367","0.9400","NaN","NaN","0.0554","0.0734","0.0471","NaN","0.003610","0.0168539326","NaN","NaN","0.0020168628","NaN","NaN","NaN"
"191911","9.19","0.5333","0.9350","NaN","NaN","0.0566","0.0754","0.0481","NaN","0.003610","0.0220994475","NaN","NaN","0.0039199974","NaN","NaN","NaN"
"191912","8.92","0.5300","0.9300","NaN","NaN","0.0573","0.0777","0.0490","NaN","0.003698","0.0216216216","NaN","NaN","0.0024998752","NaN","NaN","NaN"
"192001","8.83","0.5283","0.9192","NaN","0.0450","0.0575","0.0778","0.0493","NaN","0.003979","0.0211640212","NaN","NaN","0.0013557095","NaN","NaN","NaN"
"192002","8.10","0.5267","0.9083","NaN","0.0450","0.0586","0.0794","0.0505","NaN","0.003750","0.0103626943","NaN","NaN","0.0061171900","NaN","NaN","NaN"
"192003","8.67","0.5250","0.8975","NaN","0.0475","0.0592","0.0797","0.0509","NaN","0.003750","0.0102564103","NaN","NaN","0.0031867119","NaN","NaN","NaN"
"192004","8.60","0.5233","0.8867","NaN","0.0525","0.0604","0.0817","0.0528","NaN","0.003958","0.0304568528","NaN","NaN","0.0036396927","NaN","NaN","NaN"
"192005","8.06","0.5217","0.8758","NaN","0.0550","0.0625","0.0839","0.0558","NaN","0.004375","0.0147783251","NaN","NaN","0.0028508208","NaN","NaN","NaN"
"192006","7.92","0.5200","0.8650","NaN","0.0575","0.0638","0.0839","0.0554","NaN","0.004583","0.0145631068","NaN","NaN","0.0009212744","NaN","NaN","NaN"
"192007","7.91","0.5183","0.8542","NaN","0.0581","0.0634","0.0852","0.0557","NaN","0.004792","-0.0047846890","NaN","NaN","0.0014192121","NaN","NaN","NaN"
"192008","7.60","0.5167","0.8433","NaN","0.0583","0.0630","0.0839","0.0567","NaN","0.004842","-0.0240384615","NaN","NaN","0.0015549463","NaN","NaN","NaN"
"192009","7.87","0.5150","0.8325","NaN","0.0581","0.0622","0.0814","0.0543","NaN","0.004858","-0.0147783251","NaN","NaN","0.0013056391","NaN","NaN","NaN"
"192010","7.88","0.5133","0.8217","NaN","0.0575","0.0605","0.0799","0.0508","NaN","0.004842","-0.0050000000","NaN","NaN","0.0009409923","NaN","NaN","NaN"
"192011","7.48","0.5117","0.8108","NaN","0.0575","0.0608","0.0821","0.0521","NaN","0.004792","-0.0050251256","NaN","NaN","0.0047878721","NaN","NaN","NaN"
"192012","6.81","0.5100","0.8000","NaN","0.0588","0.0626","0.0856","0.0540","NaN","0.004792","-0.0202020202","NaN","NaN","0.0053277384","NaN","NaN","NaN"
"192101","7.11","0.5058","0.7575","NaN","0.0567","0.0614","0.0850","0.0523","NaN","0.004900","-0.0206185567","NaN","NaN","0.0010438530","NaN","NaN","NaN"
"192102","7.06","0.5017","0.7150","NaN","0.0530","0.0608","0.0842","0.0528","NaN","0.004725","-0.0315789474","NaN","NaN","0.0007309336","NaN","NaN","NaN"
"192103","6.88","0.4975","0.6725","0.6362196410","0.0538","0.0608","0.0855","0.0527","NaN","0.004417","-0.0054347826","NaN","NaN","0.0023077060","NaN","NaN","NaN"
"192104","6.91","0.4933","0.6300","0.6134656994","0.0520","0.0606","0.0853","0.0524","NaN","0.004483","-0.0109289617","NaN","NaN","0.0016562446","NaN","NaN","NaN"
"192105","7.12","0.4892","0.5875","0.6563180828","0.0516","0.0611","0.0852","0.0525","NaN","0.004333","-0.0220994475","NaN","NaN","0.0013194209","NaN","NaN","NaN"
"192106","6.55","0.4850","0.5450","0.7041636231","0.0499","0.0618","0.0856","0.0527","NaN","0.004300","-0.0056497175","NaN","NaN","0.0038638264","NaN","NaN","NaN"
"192107","6.53","0.4808","0.5025","0.7049875676","0.0460","0.0612","0.0848","0.0526","NaN","0.004158","0.0056818182","NaN","NaN","0.0017604921","NaN","NaN","NaN"
"192108","6.45","0.4767","0.4600","0.7182238117","0.0475","0.0599","0.0851","0.0522","NaN","0.003833","0.0000000000","NaN","NaN","0.0020311152","NaN","NaN","NaN"
"192109","6.61","0.4725","0.4175","0.6781091728","0.0475","0.0593","0.0834","0.0512","NaN","0.003958","-0.0112994350","NaN","NaN","0.0017782204","NaN","NaN","NaN"
"192110","6.70","0.4683","0.3750","0.6583800027","0.0421","0.0584","0.0834","0.0483","NaN","0.003958","0.0000000000","NaN","NaN","0.0010289691","NaN","NaN","NaN"
"192111","7.06","0.4642","0.3325","0.6235446313","0.0403","0.0560","0.0788","0.0464","NaN","0.003508","-0.0057142857","NaN","NaN","0.0009877030","NaN","NaN","NaN"
"192112","7.31","0.4600","0.2900","0.5965346535","0.0390","0.0550","0.0761","0.0447","NaN","0.003358","-0.0057471264","NaN","NaN","0.0005106362","NaN","NaN","NaN"
"192201","7.30","0.4642","0.3233","0.5928659287","0.0390","0.0534","0.0770","0.0445","NaN","0.003250","-0.0231213873","NaN","NaN","0.0010565181","NaN","NaN","NaN"
"192202","7.46","0.4683","0.3567","0.5640065528","0.0381","0.0529","0.0755","0.0450","NaN","0.003250","0.0000000000","NaN","NaN","0.0006195672","NaN","NaN","NaN"
"192203","7.74","0.4725","0.3900","0.5210555867","0.0355","0.0523","0.0745","0.0441","NaN","0.003175","-0.0118343195","NaN","NaN","0.0006925002","NaN","NaN","NaN"
"192204","8.21","0.4767","0.4233","0.5047318612","0.0321","0.0515","0.0714","0.0428","NaN","0.002958","0.0000000000","NaN","NaN","0.0010940970","NaN","NaN","NaN"
"192205","8.53","0.4808","0.4567","0.4852033881","0.0325","0.0513","0.0689","0.0426","NaN","0.002675","0.0000000000","NaN","NaN","0.0008032828","NaN","NaN","NaN"
"192206","8.45","0.4850","0.4900","0.4993005488","0.0325","0.0508","0.0697","0.0424","NaN","0.002708","0.0000000000","NaN","NaN","0.0017435654","NaN","NaN","NaN"
"192207","8.51","0.4892","0.5233","0.4781040701","0.0320","0.0500","0.0689","0.0414","NaN","0.002708","0.0059880240","NaN","NaN","0.0014760809","NaN","NaN","NaN"
"192208","8.83","0.4933","0.5567","0.4604088113","0.0313","0.0496","0.0685","0.0412","NaN","0.002667","-0.0119047619","NaN","NaN","0.0009882856","NaN","NaN","NaN"
"192209","9.06","0.4975","0.5900","0.4777594728","0.0334","0.0493","0.0675","0.0419","NaN","0.002608","0.0000000000","NaN","NaN","0.0013522609","NaN","NaN","NaN"
"192210","9.26","0.5017","0.6233","0.4827801477","0.0371","0.0497","0.0678","0.0430","NaN","0.002783","0.0060240964","NaN","NaN","0.0016963632","NaN","NaN","NaN"
"192211","8.80","0.5058","0.6567","0.4902271527","0.0366","0.0509","0.0698","0.0433","NaN","0.003092","0.0059880240","NaN","NaN","0.0024352112","NaN","NaN","NaN"
"192212","8.78","0.5100","0.6900","0.4726494856","0.0365","0.0508","0.0702","0.0432","NaN","0.003050","0.0059523810","NaN","NaN","0.0007553687","NaN","NaN","NaN"
"192301","8.90","0.5117","0.7142","0.4762393513","0.0366","0.0504","0.0698","0.0432","NaN","0.003042","-0.0059171598","NaN","NaN","0.0005804056","NaN","NaN","NaN"
"192302","9.28","0.5133","0.7383","0.4465832531","0.0365","0.0507","0.0697","0.0433","NaN","0.003050","0.0000000000","NaN","NaN","0.0004755236","NaN","NaN","NaN"
"192303","9.43","0.5150","0.7625","0.5020920502","0.0412","0.0513","0.0709","0.0438","NaN","0.003042","0.0000000000","NaN","NaN","0.0005610002","NaN","NaN","NaN"
"192304","9.10","0.5167","0.7867","0.5244968490","0.0413","0.0522","0.0717","0.0439","NaN","0.003433","0.0059523810","NaN","NaN","0.0009778051","NaN","NaN","NaN"
"192305","8.67","0.5183","0.8108","0.5290679791","0.0395","0.0516","0.0717","0.0437","NaN","0.003442","0.0000000000","NaN","NaN","0.0027567961","NaN","NaN","NaN"
"192306","8.34","0.5200","0.8350","0.5837104072","0.0384","0.0515","0.0721","0.0434","NaN","0.003292","0.0059171598","NaN","NaN","0.0029689465","NaN","NaN","NaN"
"192307","8.06","0.5217","0.8592","0.5937176389","0.0391","0.0514","0.0734","0.0434","NaN","0.003200","0.0117647059","NaN","NaN","0.0023723736","NaN","NaN","NaN"
"192308","8.10","0.5233","0.8833","0.5521078536","0.0386","0.0508","0.0738","0.0435","NaN","0.003258","-0.0058139535","NaN","NaN","0.0009708819","NaN","NaN","NaN"
"192309","8.15","0.5250","0.9075","0.5865636012","0.0401","0.0512","0.0738","0.0436","NaN","0.003217","0.0058479532","NaN","NaN","0.0012206401","NaN","NaN","NaN"
"192310","8.03","0.5267","0.9317","0.5828532701","0.0422","0.0511","0.0746","0.0440","NaN","0.003342","0.0058139535","NaN","NaN","0.0016334345","NaN","NaN","NaN"
"192311","8.27","0.5283","0.9558","0.5588044185","0.0394","0.0509","0.0740","0.0437","NaN","0.003517","0.0000000000","NaN","NaN","0.0005984341","NaN","NaN","NaN"
"192312","8.55","0.5300","0.9800","0.5402010050","0.0388","0.0509","0.0738","0.0435","NaN","0.003283","0.0000000000","NaN","NaN","0.0005806652","NaN","NaN","NaN"
"192401","8.83","0.5317","0.9758","0.5126167296","0.0376","0.0509","0.0724","0.0430","NaN","0.003233","0.0000000000","NaN","NaN","0.0007475124","NaN","NaN","NaN"
"192402","8.87","0.5333","0.9717","0.5307549887","0.0354","0.0509","0.0714","0.0428","NaN","0.003133","-0.0057803468","NaN","NaN","0.0015194860","NaN","NaN","NaN"
"192403","8.70","0.5350","0.9675","0.5945597248","0.0357","0.0510","0.0708","0.0428","NaN","0.002950","-0.0058139535","NaN","NaN","0.0007759294","NaN","NaN","NaN"
"192404","8.50","0.5367","0.9633","0.6101732318","0.0338","0.0508","0.0703","0.0423","NaN","0.002975","-0.0058479532","NaN","NaN","0.0010947745","NaN","NaN","NaN"
"192405","8.47","0.5383","0.9592","0.6151279199","0.0229","0.0504","0.0697","0.0415","NaN","0.002817","0.0000000000","NaN","NaN","0.0007352696","NaN","NaN","NaN"
"192406","8.63","0.5400","0.9550","0.5738300301","0.0244","0.0499","0.0682","0.0398","NaN","0.001908","0.0000000000","NaN","NaN","0.0007646756","NaN","NaN","NaN"
"192407","9.03","0.5417","0.9508","0.5414137458","0.0192","0.0495","0.0667","0.0394","NaN","0.002033","0.0058823529","NaN","NaN","0.0003772822","NaN","NaN","NaN"
"192408","9.34","0.5433","0.9467","0.5310159401","0.0190","0.0495","0.0669","0.0391","NaN","0.001600","-0.0058479532","NaN","NaN","0.0006937238","NaN","NaN","NaN"
"192409","9.25","0.5450","0.9425","0.5360604886","0.0214","0.0495","0.0673","0.0392","NaN","0.001583","0.0058823529","NaN","NaN","0.0008699719","NaN","NaN","NaN"
"192410","9.13","0.5467","0.9383","0.5314241784","0.0241","0.0492","0.0662","0.0387","NaN","0.001783","0.0058479532","NaN","NaN","0.0011261584","NaN","NaN","NaN"
"192411","9.64","0.5483","0.9342","0.4977497750","0.0258","0.0494","0.0654","0.0390","NaN","0.002008","0.0000000000","NaN","NaN","0.0009510546","NaN","NaN","NaN"
"192412","10.16","0.5500","0.9300","0.4588830802","0.0257","0.0495","0.0646","0.0396","NaN","0.002150","0.0058139535","NaN","NaN","0.0010657235","NaN","NaN","NaN"
"192501","10.58","0.5542","0.9567","0.4478095392","0.0261","0.0495","0.0644","0.0396","NaN","0.002142","0.0000000000","NaN","NaN","0.0010541617","NaN","NaN","NaN"
"192502","10.67","0.5583","0.9833","0.4523887435","0.0262","0.0495","0.0636","0.0395","NaN","0.002175","-0.0057803468","NaN","NaN","0.0010555413","NaN","NaN","NaN"
"192503","10.39","0.5625","1.0100","0.5224839400","0.0278","0.0491","0.0636","0.0396","NaN","0.002183","0.0058139535","NaN","NaN","0.0029532947","NaN","NaN","NaN"
"192504","10.28","0.5667","1.0370","0.5082909758","0.0278","0.0487","0.0641","0.0393","NaN","0.002317","-0.0057803468","NaN","NaN","0.0007462061","NaN","NaN","NaN"
"192505","10.61","0.5708","1.0630","0.4694113120","0.0273","0.0483","0.0630","0.0387","NaN","0.002317","0.0058139535","NaN","NaN","0.0005203227","NaN","NaN","NaN"
"192506","10.80","0.5750","1.0900","0.4656133120","0.0286","0.0483","0.0618","0.0379","NaN","0.002275","0.0115606936","NaN","NaN","0.0008416071","NaN","NaN","NaN"
"192507","11.10","0.5792","1.1170","0.4558702638","0.0306","0.0487","0.0620","0.0379","NaN","0.002383","0.0114285714","NaN","NaN","0.0003774898","NaN","NaN","NaN"
"192508","11.25","0.5833","1.1430","0.4320725315","0.0301","0.0490","0.0624","0.0385","NaN","0.002550","0.0000000000","NaN","NaN","0.0005439025","NaN","NaN","NaN"
"192509","11.51","0.5875","1.1700","0.4252056322","0.0317","0.0487","0.0620","0.0385","NaN","0.002508","0.0000000000","NaN","NaN","0.0014562890","NaN","NaN","NaN"
"192510","11.89","0.5917","1.1970","0.3919049149","0.0353","0.0485","0.0617","0.0382","NaN","0.002642","0.0000000000","NaN","NaN","0.0007475307","NaN","NaN","NaN"
"192511","12.26","0.5958","1.2230","0.4037595976","0.0365","0.0484","0.0617","0.0379","NaN","0.002942","0.0169491525","NaN","NaN","0.0027194780","NaN","NaN","NaN"
"192512","12.46","0.6000","1.2500","0.3893782714","0.0351","0.0485","0.0615","0.0380","NaN","0.003042","-0.0055555556","NaN","NaN","0.0005126819","NaN","NaN","NaN"
"192601","12.74","0.6075","1.2490","0.3876707976","0.0349","0.0482","0.0609","0.0374","NaN","0.002925","0.0000000000","0.0138","0.0072","0.0008574283","NaN","-0.001783","-0.003980"
"192602","12.18","0.6150","1.2480","0.3943625550","0.0318","0.0477","0.0602","0.0372","NaN","0.002908","0.0000000000","0.0063","0.0045","0.0010985957","NaN","-0.033296","-0.037876"
"192603","11.46","0.6225","1.2480","0.4940908444","0.0314","0.0479","0.0605","0.0371","NaN","0.002650","-0.0055865922","0.0041","0.0084","0.0060155996","NaN","-0.057708","-0.062007"
"192604","11.72","0.6300","1.2470","0.4829169856","0.0308","0.0474","0.0598","0.0368","NaN","0.002617","0.0056179775","0.0076","0.0097","0.0014659152","NaN","0.038522","0.034856"
"192605","11.81","0.6375","1.2460","0.4838597225","0.0317","0.0471","0.0586","0.0369","NaN","0.002567","-0.0055865922","0.0014","0.0044","0.0006903572","NaN","0.013623","0.009070"
"192606","12.32","0.6450","1.2450","0.4534762154","0.0293","0.0472","0.0580","0.0368","NaN","0.002642","-0.0056179775","0.0038","0.0004","0.0006016892","NaN","0.056427","0.050196"
"192607","12.88","0.6525","1.2440","0.4332625796","0.0311","0.0471","0.0579","0.0370","NaN","0.002200","-0.0112994350","0.0004","0.0057","0.0006428884","NaN","0.040403","0.038168"
"192608","13.10","0.6600","1.2430","0.4270506430","0.0327","0.0472","0.0581","0.0373","NaN","0.002500","-0.0057142857","0.0000","0.0044","0.0012086280","NaN","0.029822","0.025747"
"192609","13.40","0.6675","1.2420","0.4387129401","0.0342","0.0472","0.0579","0.0372","NaN","0.002300","0.0057471264","0.0038","0.0057","0.0007407694","NaN","0.013420","0.009122"
"192610","12.98","0.6750","1.2420","0.4603343062","0.0358","0.0471","0.0581","0.0367","NaN","0.003200","0.0057142857","0.0102","0.0097","0.0021611479","NaN","-0.030172","-0.032434"
"192611","13.27","0.6825","1.2410","0.4433088470","0.0335","0.0468","0.0577","0.0358","NaN","0.003100","0.0056818182","0.0160","0.0057","0.0005385885","NaN","0.026937","0.019367"
"192612","13.49","0.6900","1.2400","0.4414758270","0.0307","0.0468","0.0568","0.0354","0.0508761773","0.002800","0.0000000000","0.0078","0.0056","0.0004646178","NaN","0.026047","0.020321"
"192701","13.21","0.6967","1.2290","0.4437056454","0.0323","0.0466","0.0561","0.0351","0.0508237847","0.002500","-0.0112994350","0.0075","0.0056","0.0004698947","NaN","-0.002910","-0.005579"
"192702","13.84","0.7033","1.2180","0.4285008644","0.0329","0.0467","0.0559","0.0347","0.0516676427","0.002600","-0.0057142857","0.0088","0.0069","0.0002873343","NaN","0.045522","0.040566"
"192703","13.93","0.7100","1.2080","0.4697651174","0.0320","0.0462","0.0554","0.0331","0.0463565760","0.003000","-0.0057471264","0.0253","0.0083","0.0009241928","NaN","0.007324","0.002610"
"192704","14.17","0.7167","1.1970","0.4567541302","0.0339","0.0458","0.0548","0.0333","0.0505140243","0.002500","0.0000000000","-0.0005","0.0055","0.0006025886","NaN","0.013021","0.010907"
"192705","14.91","0.7233","1.1860","0.4347826087","0.0333","0.0457","0.0550","0.0327","0.0552753898","0.003000","0.0057803468","0.0109","-0.0011","0.0003917338","NaN","0.062353","0.057096"
"192706","14.77","0.7300","1.1750","0.4523852494","0.0307","0.0458","0.0555","0.0334","0.0588219162","0.002600","0.0114942529","-0.0069","0.0043","0.0008245770","NaN","-0.020370","-0.025705"
"192707","15.73","0.7367","1.1640","0.4145534730","0.0296","0.0460","0.0555","0.0333","0.0597499253","0.003000","-0.0170454545","0.0050","0.0003","0.0004257798","NaN","0.084450","0.081687"
"192708","16.43","0.7433","1.1530","0.3962274092","0.0270","0.0456","0.0548","0.0329","0.0545217717","0.002800","-0.0057803468","0.0076","0.0083","0.0012764139","NaN","0.033320","0.028624"
"192709","17.14","0.7500","1.1430","0.3805860620","0.0268","0.0454","0.0542","0.0330","0.0946129771","0.002100","0.0058139535","0.0018","0.0149","0.0011233495","NaN","0.053016","0.049095"
"192710","16.23","0.7567","1.1320","0.4138006933","0.0308","0.0451","0.0538","0.0325","0.0943667354","0.002500","0.0057803468","0.0099","0.0055","0.0015593375","NaN","-0.046804","-0.048960"
"192711","17.33","0.7633","1.1210","0.3793955905","0.0304","0.0449","0.0535","0.0320","0.0822671859","0.002100","-0.0057471264","0.0097","0.0068","0.0009296591","NaN","0.070546","0.064270"
"192712","17.66","0.7700","1.1100","0.3746885899","0.0317","0.0446","0.0532","0.0316","0.0764711093","0.002200","0.0000000000","0.0072","0.0068","0.0006042041","NaN","0.019295","0.014403"
"192801","17.57","0.7767","1.1330","0.3786696208","0.0331","0.0446","0.0535","0.0321","0.0626014543","0.002500","0.0000000000","-0.0036","0.0027","0.0008605259","NaN","-0.007182","-0.009200"
"192802","17.26","0.7833","1.1550","0.3860765992","0.0333","0.0446","0.0533","0.0318","0.0551726339","0.003300","-0.0115606936","0.0061","0.0068","0.0006911239","NaN","-0.012549","-0.016679"
"192803","19.13","0.7900","1.1770","0.3632548380","0.0327","0.0446","0.0532","0.0317","0.0543639372","0.002900","0.0000000000","0.0045","0.0041","0.0013810077","NaN","0.105752","0.101652"
"192804","19.75","0.7967","1.2000","0.3680952606","0.0362","0.0446","0.0533","0.0319","0.0493720638","0.002200","0.0000000000","-0.0004","0.0014","0.0014879603","NaN","0.034725","0.032715"
"192805","20.00","0.8033","1.2220","0.3543969792","0.0390","0.0449","0.0542","0.0327","0.0471873758","0.003200","0.0058479532","-0.0077","-0.0078","0.0018988588","NaN","0.012325","0.007422"
"192806","19.19","0.8100","1.2450","0.3702999477","0.0392","0.0457","0.0555","0.0326","0.0502987889","0.003100","-0.0058139535","0.0041","-0.0024","0.0036454766","NaN","-0.034330","-0.038725"
"192807","19.43","0.8167","1.2680","0.3606481481","0.0412","0.0461","0.0558","0.0344","0.0593803298","0.003200","0.0000000000","-0.0217","-0.0010","0.0016749799","NaN","0.010117","0.008278"
"192808","20.87","0.8233","1.2900","0.3240297825","0.0436","0.0464","0.0561","0.0341","0.0573989063","0.003200","0.0000000000","0.0076","0.0083","0.0012293169","NaN","0.070230","0.065514"
"192809","21.37","0.8300","1.3120","0.3281658101","0.0457","0.0461","0.0559","0.0346","0.0279800569","0.002700","0.0116959064","-0.0041","0.0030","0.0006504642","NaN","0.022409","0.019937"
"192810","21.68","0.8367","1.3350","0.3089308376","0.0470","0.0461","0.0558","0.0336","0.0340193716","0.004100","-0.0057803468","0.0158","0.0083","0.0006788455","NaN","0.013839","0.012055"
"192811","24.28","0.8433","1.3570","0.2655259391","0.0426","0.0458","0.0555","0.0338","0.0383720096","0.003800","0.0000000000","0.0003","-0.0036","0.0015232957","NaN","0.122975","0.116704"
"192812","24.35","0.8500","1.3800","0.2596666667","0.0426","0.0461","0.0560","0.0340","0.0630687383","0.000600","-0.0058139535","0.0004","0.0084","0.0040774700","NaN","0.006232","0.002888"
"192901","25.74","0.8600","1.3990","0.2453466033","0.0466","0.0462","0.0563","0.0349","0.0784486564","0.003400","0.0000000000","-0.0090","0.0043","0.0017008226","NaN","0.055473","0.053892"
"192902","25.59","0.8700","1.4180","0.2454238997","0.0439","0.0466","0.0566","0.0363","0.0717831373","0.003600","0.0000000000","-0.0157","0.0030","0.0026701165","NaN","-0.004874","-0.008075"
"192903","25.53","0.8800","1.4380","0.2723004695","0.0460","0.0470","0.0579","0.0377","0.0798045664","0.003400","-0.0058479532","-0.0144","-0.0087","0.0036114071","NaN","0.000154","-0.003213"
"192904","25.94","0.8900","1.4570","0.2633969119","0.0480","0.0469","0.0580","0.0358","0.0993226329","0.003600","-0.0058823529","0.0275","0.0019","0.0023043615","NaN","0.019559","0.018234"
"192905","24.83","0.9000","1.4760","0.2827746209","0.0509","0.0470","0.0580","0.0373","0.1179866681","0.004400","0.0059171598","-0.0162","0.0045","0.0047598084","NaN","-0.041281","-0.046101"
"192906","27.62","0.9100","1.4950","0.2535805819","0.0480","0.0477","0.0594","0.0367","0.1161973604","0.005200","0.0058823529","0.0110","-0.0046","0.0013403801","NaN","0.112294","0.109584"
"192907","28.88","0.9200","1.5140","0.2418751798","0.0455","0.0477","0.0595","0.0369","0.1106879396","0.003300","0.0116959064","0.0000","0.0020","0.0012818127","NaN","0.050014","0.048186"
"192908","31.71","0.9300","1.5330","0.2211237609","0.0470","0.0479","0.0604","0.0375","0.1152773150","0.004000","0.0000000000","-0.0034","0.0020","0.0033821020","NaN","0.094871","0.090733"
"192909","30.16","0.9400","1.5520","0.2448682487","0.0458","0.0480","0.0612","0.0375","0.1213901177","0.003500","0.0000000000","0.0027","0.0034","0.0033922824","NaN","-0.050941","-0.053046"
"192910","24.15","0.9500","1.5720","0.3074841870","0.0437","0.0477","0.0611","0.0347","0.1596118360","0.004600","0.0000000000","0.0382","0.0073","0.0535075427","NaN","-0.186150","-0.188115"
"192911","20.92","0.9600","1.5910","0.3519564763","0.0347","0.0476","0.0603","0.0331","0.1770397921","0.003700","0.0000000000","0.0236","-0.0018","0.0364487459","NaN","-0.125359","-0.130374"
"192912","21.45","0.9700","1.6100","0.3384578236","0.0303","0.0467","0.0595","0.0340","0.1635221721","0.003700","-0.0057803468","-0.0089","0.0192","0.0102146296","NaN","0.027753","0.023571"
"193001","22.79","0.9708","1.5570","0.3148162012","0.0339","0.0466","0.0592","0.0347","0.1533141989","0.001400","-0.0058139535","-0.0057","0.0059","0.0014331608","NaN","0.059632","0.057032"
"193002","23.28","0.9717","1.5030","0.3102061894","0.0336","0.0469","0.0589","0.0339","0.1592556286","0.003000","-0.0058479532","0.0129","0.0072","0.0017247059","NaN","0.026041","0.021516"
"193003","25.14","0.9725","1.4500","0.3191191891","0.0295","0.0462","0.0573","0.0335","0.1454961766","0.003500","-0.0058823529","0.0083","0.0138","0.0015040436","NaN","0.072348","0.069351"
"193004","24.90","0.9733","1.3970","0.3269705977","0.0300","0.0460","0.0570","0.0338","0.1296808921","0.002100","0.0059171598","-0.0016","0.0084","0.0019338617","NaN","-0.013938","-0.015867"
"193005","24.49","0.9742","1.3430","0.3319155124","0.0241","0.0460","0.0572","0.0329","0.1249268071","0.002600","-0.0058823529","0.0139","0.0057","0.0046934394","NaN","-0.011148","-0.015304"
"193006","20.46","0.9750","1.2900","0.4033754529","0.0189","0.0457","0.0578","0.0328","0.1310010449","0.002700","-0.0059171598","0.0051","0.0110","0.0144478616","NaN","-0.155715","-0.159182"
"193007","21.21","0.9758","1.2370","0.3901876149","0.0183","0.0452","0.0577","0.0327","0.1405508333","0.002000","-0.0119047619","0.0034","0.0056","0.0049204458","NaN","0.038713","0.036395"
"193008","21.37","0.9767","1.1830","0.3797521005","0.0153","0.0447","0.0573","0.0328","0.1214949540","0.000900","-0.0060240964","0.0013","0.0136","0.0040499265","NaN","0.011266","0.006691"
"193009","18.59","0.9775","1.1300","0.4455832113","0.0177","0.0442","0.0565","0.0324","0.1272003762","0.002200","0.0060606061","0.0074","0.0108","0.0037384063","NaN","-0.123549","-0.127635"
"193010","16.94","0.9783","1.0770","0.4979547314","0.0174","0.0442","0.0594","0.0324","0.1294913580","0.000900","-0.0060240964","0.0035","0.0054","0.0128766664","NaN","-0.083680","-0.086394"
"193011","16.57","0.9792","1.0230","0.5046708308","0.0140","0.0447","0.0625","0.0322","0.1377528675","0.001300","-0.0060606061","0.0042","-0.0012","0.0071600721","NaN","-0.019736","-0.024113"
"193012","15.34","0.9800","0.9700","0.5547454126","0.0148","0.0452","0.0671","0.0330","0.1138858911","0.001400","-0.0182926829","-0.0070","-0.0090","0.0081663293","NaN","-0.071479","-0.077707"
"193101","16.09","0.9667","0.9400","0.5391520019","0.0124","0.0442","0.0641","0.0343","0.0897221289","0.001500","-0.0124223602","-0.0121","0.0203","0.0052243116","NaN","0.059527","0.056729"
"193102","17.93","0.9533","0.9100","0.4796679626","0.0106","0.0443","0.0638","0.0338","0.0825435750","0.000400","-0.0125786164","0.0085","0.0068","0.0028846263","NaN","0.110943","0.105279"
"193103","16.69","0.9400","0.8800","0.5291250870","0.0138","0.0439","0.0644","0.0332","0.0739801542","0.001300","-0.0063694268","0.0104","0.0094","0.0041687518","NaN","-0.068939","-0.073451"
"193104","15.09","0.9267","0.8500","0.6032144983","0.0149","0.0440","0.0672","0.0327","0.0777810128","0.000800","-0.0064102564","0.0086","0.0067","0.0067092657","NaN","-0.092955","-0.095460"
"193105","13.02","0.9133","0.8200","0.7099486221","0.0088","0.0437","0.0715","0.0317","0.0713815383","0.000900","-0.0129032258","0.0145","0.0134","0.0069106954","NaN","-0.137674","-0.143020"
"193106","14.83","0.9000","0.7900","0.6072712745","0.0055","0.0436","0.0736","0.0319","0.0637585974","0.000800","-0.0130718954","0.0004","0.0052","0.0233329496","NaN","0.146492","0.139763"
"193107","13.73","0.8867","0.7600","0.6736095723","0.0041","0.0436","0.0708","0.0325","0.0340073776","0.000600","0.0000000000","-0.0042","0.0052","0.0070392564","NaN","-0.075465","-0.078570"
"193108","13.86","0.8733","0.7300","0.6541854960","0.0042","0.0440","0.0747","0.0326","0.0201582798","0.000300","0.0000000000","0.0012","0.0012","0.0045420398","NaN","0.007779","0.002304"
"193109","9.71","0.8600","0.7000","0.9440016561","0.0045","0.0455","0.0807","0.0353","0.0303718875","0.000300","-0.0066225166","-0.0281","-0.0014","0.0234589946","NaN","-0.287461","-0.291524"
"193110","10.53","0.8467","0.6700","0.8771761085","0.0170","0.0499","0.0904","0.0385","0.0112711864","0.001000","-0.0066666667","-0.0330","-0.0363","0.0425019555","NaN","0.076738","0.072834"
"193111","9.50","0.8333","0.6400","0.9715564078","0.0177","0.0494","0.0893","0.0385","0.0033982262","0.001700","-0.0134228188","0.0027","-0.0189","0.0114345440","NaN","-0.100909","-0.109396"
"193112","8.12","0.8200","0.6100","1.1707317073","0.0241","0.0532","0.1042","0.0407","-0.0129210013","0.001200","-0.0068027211","-0.0220","-0.0286","0.0211953493","NaN","-0.137557","-0.145471"
"193201","7.89","0.7933","0.5933","1.1913781842","0.0248","0.0520","0.0913","0.0390","-0.0115774352","0.002300","-0.0205479452","0.0034","-0.0052","0.0173767845","NaN","-0.018803","-0.021067"
"193202","8.29","0.7667","0.5767","1.1198428291","0.0242","0.0523","0.0887","0.0367","-0.0157276692","0.002300","-0.0139860140","0.0413","-0.0238","0.0267152506","NaN","0.053581","0.045233"
"193203","7.31","0.7400","0.5600","1.1858624454","0.0225","0.0498","0.0883","0.0370","-0.0084155117","0.001600","-0.0070921986","-0.0018","0.0356","0.0134089221","NaN","-0.118907","-0.125245"
"193204","5.83","0.7133","0.5433","1.5537278741","0.0111","0.0517","0.1046","0.0336","-0.0154746792","0.001100","-0.0071428571","0.0604","-0.0176","0.0198514127","NaN","-0.205295","-0.207637"
"193205","4.47","0.6867","0.5267","1.9423334823","0.0031","0.0536","0.1100","0.0349","-0.0340508050","0.000600","-0.0143884892","-0.0188","0.0107","0.0231837923","NaN","-0.232123","-0.240123"
"193206","4.43","0.6600","0.5100","2.0284780579","0.0034","0.0541","0.1100","0.0347","-0.0406883713","0.000200","-0.0072992701","0.0065","-0.0009","0.0343025832","NaN","0.002768","-0.006507"
"193207","6.10","0.6333","0.4933","1.6125440713","0.0022","0.0526","0.1079","0.0320","-0.0291761361","0.000300","0.0000000000","0.0481","0.0043","0.0201105785","NaN","0.391838","0.390006"
"193208","8.39","0.6067","0.4767","1.1878075451","0.0014","0.0491","0.0822","0.0321","-0.0150636875","0.000300","-0.0073529412","0.0003","0.0436","0.0400193059","NaN","0.401979","0.394164"
"193209","8.08","0.5800","0.4600","1.2143655674","0.0003","0.0470","0.0761","0.0319","0.0007043780","0.000300","-0.0074074074","0.0057","0.0301","0.0432985662","NaN","-0.029526","-0.034118"
"193210","6.96","0.5533","0.4433","1.4038772213","0.0001","0.0464","0.0787","0.0322","-0.0028741334","0.000200","-0.0074626866","-0.0017","0.0074","0.0356447585","NaN","-0.142069","-0.143263"
"193211","6.55","0.5267","0.4267","1.5421472937","0.0001","0.0463","0.0824","0.0322","-0.0033221508","0.000200","-0.0075187970","0.0032","0.0073","0.0233166031","NaN","-0.052228","-0.058702"
"193212","6.89","0.5000","0.4100","1.4420843014","0.0004","0.0459","0.0842","0.0315","-0.0050324799","0.000100","-0.0075757576","0.0131","0.0139","0.0102230989","NaN","0.061569","0.053749"
"193301","6.94","0.4950","0.4125","1.4269293924","0.0007","0.0444","0.0801","0.0308","-0.0064907127","0.000100","-0.0152671756","0.0148","0.0547","0.0059166089","NaN","0.013938","0.012575"
"193302","5.66","0.4900","0.4150","1.6909904651","0.0001","0.0448","0.0837","0.0325","-0.0058178234","-0.000300","-0.0155038760","-0.0258","-0.0523","0.0156669282","NaN","-0.179558","-0.186035"
"193303","5.85","0.4850","0.4175","1.4765342960","0.0134","0.0468","0.0891","0.0321","-0.0218838100","0.000400","-0.0078740157","0.0097","0.0047","0.0374541110","NaN","0.038627","0.032581"
"193304","8.32","0.4800","0.4200","1.1190150479","0.0045","0.0478","0.0912","0.0325","-0.0063692975","0.001000","0.0000000000","-0.0032","-0.0095","0.0291512255","NaN","0.414312","0.412291"
"193305","9.64","0.4750","0.4225","0.9283849733","0.0029","0.0463","0.0774","0.0308","-0.0030016427","0.000400","0.0000000000","0.0303","0.0588","0.0119638328","NaN","0.174816","0.170167"
"193306","10.91","0.4700","0.4250","0.8335031588","0.0007","0.0446","0.0707","0.0306","0.0007609174","0.000200","0.0079365079","0.0050","0.0190","0.0198193625","NaN","0.137498","0.133994"
"193307","9.95","0.4650","0.4275","0.9011788036","0.0019","0.0436","0.0662","0.0309","0.0027134841","0.000200","0.0314960630","-0.0017","0.0161","0.0328680974","NaN","-0.084736","-0.085471"
"193308","11.09","0.4600","0.4300","0.7987501221","0.0001","0.0430","0.0677","0.0308","0.0021472240","0.000300","0.0076335878","0.0044","0.0093","0.0118789641","NaN","0.123272","0.119807"
"193309","9.83","0.4550","0.4325","0.8679966044","0.0004","0.0436","0.0727","0.0308","-0.0004584901","0.000200","0.0000000000","0.0023","-0.0014","0.0142499091","NaN","-0.118045","-0.121112"
"193310","8.96","0.4500","0.4350","0.9278584392","0.0009","0.0434","0.0749","0.0315","0.0034629660","0.000100","0.0000000000","-0.0091","0.0040","0.0276757704","NaN","-0.090623","-0.091588"
"193311","9.88","0.4450","0.4375","0.8335031588","0.0022","0.0454","0.0798","0.0327","0.0059234774","0.000200","0.0000000000","-0.0149","-0.0248","0.0095815761","NaN","0.108553","0.102070"
"193312","10.10","0.4400","0.4400","0.8290260464","0.0029","0.0450","0.0775","0.0336","0.0061958281","0.000200","0.0000000000","-0.0113","0.0257","0.0055905699","NaN","0.026694","0.024430"
"193401","11.17","0.4408","0.4442","0.7629173662","0.0072","0.0435","0.0701","0.0321","0.0035583231","0.000500","0.0000000000","0.0257","0.0257","0.0066389099","NaN","0.115033","0.113644"
"193402","10.76","0.4417","0.4483","0.7906437270","0.0062","0.0420","0.0627","0.0317","0.0055949443","0.000200","0.0075757576","0.0081","0.0146","0.0055672847","NaN","-0.032840","-0.037272"
"193403","10.75","0.4425","0.4525","0.8025122121","0.0024","0.0413","0.0626","0.0307","0.0096063281","0.000200","0.0000000000","0.0197","0.0187","0.0063725246","NaN","0.005355","0.002464"
"193404","10.46","0.4433","0.4567","0.8010747338","0.0015","0.0407","0.0601","0.0300","0.0078287967","0.000100","0.0000000000","0.0126","0.0104","0.0018991874","NaN","-0.025490","-0.026944"
"193405","9.61","0.4442","0.4608","0.8563829787","0.0016","0.0401","0.0605","0.0292","0.0076523036","0.000100","0.0000000000","0.0131","0.0090","0.0073632004","NaN","-0.078497","-0.082255"
"193406","9.81","0.4450","0.4650","0.8407310705","0.0015","0.0393","0.0606","0.0289","0.0059827800","0.000100","0.0075187970","0.0067","0.0158","0.0068946450","NaN","0.024080","0.021102"
"193407","8.68","0.4458","0.4692","0.9142532652","0.0015","0.0389","0.0613","0.0288","0.0029078413","0.000100","0.0000000000","0.0040","0.0047","0.0115313309","NaN","-0.119846","-0.121723"
"193408","9.15","0.4467","0.4733","0.8668964032","0.0019","0.0393","0.0649","0.0299","0.0199569035","0.000100","0.0000000000","-0.0118","0.0047","0.0065014472","NaN","0.058650","0.051629"
"193409","9.10","0.4475","0.4775","0.8703643637","0.0021","0.0396","0.0657","0.0310","0.0194390172","0.000100","0.0149253731","-0.0146","-0.0061","0.0048308186","NaN","-0.000216","-0.003127"
"193410","8.81","0.4483","0.4817","0.8622536418","0.0027","0.0390","0.0640","0.0300","0.0238972714","0.000100","-0.0073529412","0.0182","0.0102","0.0043581610","NaN","-0.032663","-0.033732"
"193411","9.54","0.4492","0.4858","0.7820089372","0.0025","0.0386","0.0637","0.0299","0.0207110385","0.000100","0.0000000000","0.0037","0.0129","0.0020253052","NaN","0.086059","0.080682"
"193412","9.50","0.4500","0.4900","0.7737408689","0.0023","0.0381","0.0623","0.0293","0.0208127157","0.000100","-0.0074074074","0.0112","0.0101","0.0026089456","NaN","-0.000681","-0.004415"
"193501","9.10","0.4500","0.5700","0.7916215950","0.0020","0.0377","0.0598","0.0281","0.0209974293","0.000100","0.0149253731","0.0182","0.0211","0.0022136038","NaN","-0.042368","-0.043755"
"193502","8.74","0.4500","0.6500","0.7862863841","0.0019","0.0369","0.0595","0.0275","0.0147086415","0.000200","0.0073529412","0.0092","0.0141","0.0032799819","NaN","-0.036840","-0.042660"
"193503","8.47","0.4500","0.7300","0.8007541179","0.0015","0.0367","0.0620","0.0274","0.0120459559","0.000100","0.0000000000","0.0041","0.0043","0.0039728617","NaN","-0.031454","-0.035324"
"193504","9.28","0.4467","0.7567","0.7373229785","0.0015","0.0366","0.0613","0.0269","0.0190936879","0.000100","0.0072992701","0.0079","0.0112","0.0031621685","NaN","0.096493","0.095347"
"193505","9.58","0.4433","0.7833","0.7293926247","0.0015","0.0365","0.0594","0.0276","0.0192980407","0.000100","0.0000000000","-0.0057","0.0042","0.0028776617","NaN","0.038135","0.033059"
"193506","10.23","0.4400","0.8100","0.6818181818","0.0015","0.0361","0.0577","0.0270","0.0193439766","0.000100","-0.0072463768","0.0092","0.0112","0.0028104575","NaN","0.070533","0.067124"
"193507","11.08","0.4400","0.7933","0.6393091975","0.0015","0.0356","0.0567","0.0268","0.0174097747","0.000100","0.0000000000","0.0046","0.0111","0.0016800484","NaN","0.083814","0.082471"
"193508","11.32","0.4400","0.7767","0.6336866902","0.0016","0.0360","0.0558","0.0281","0.0049816151","0.000100","0.0000000000","-0.0133","-0.0042","0.0037749859","NaN","0.026569","0.022105"
"193509","11.59","0.4400","0.7600","0.6117343845","0.0020","0.0359","0.0553","0.0282","0.0080266211","0.000100","0.0000000000","0.0009","0.0000","0.0024288238","NaN","0.025526","0.022175"
"193510","12.46","0.4500","0.7600","0.5775010734","0.0020","0.0352","0.0554","0.0279","0.0029507271","0.000100","0.0000000000","0.0061","0.0042","0.0032591933","NaN","0.071803","0.070634"
"193511","12.95","0.4600","0.7600","0.5669523676","0.0016","0.0347","0.0543","0.0280","0.0022194292","0.000200","0.0072992701","0.0010","0.0069","0.0031496826","NaN","0.051943","0.045620"
"193512","13.43","0.4700","0.7600","0.5599111913","0.0015","0.0344","0.0530","0.0276","0.0086888346","0.000100","0.0000000000","0.0070","0.0083","0.0028973664","NaN","0.039887","0.036744"
"193601","14.31","0.4800","0.7700","0.5398354405","0.0020","0.0337","0.0500","0.0285","0.0089077281","0.000100","0.0000000000","0.0055","0.0082","0.0018671591","NaN","0.071832","0.070187"
"193602","14.55","0.4900","0.7800","0.5290762473","0.0020","0.0332","0.0480","0.0281","0.0137604535","0.000100","0.0000000000","0.0081","0.0054","0.0022225935","NaN","0.022461","0.018857"
"193603","14.92","0.5000","0.7900","0.5276960471","0.0020","0.0329","0.0486","0.0275","0.0134560371","0.000200","-0.0072463768","0.0106","0.0082","0.0050044798","NaN","0.024029","0.021457"
"193604","13.77","0.5167","0.8200","0.5663485961","0.0020","0.0329","0.0491","0.0274","0.0192528710","0.000200","0.0000000000","0.0035","0.0026","0.0057607721","NaN","-0.077588","-0.078356"
"193605","14.40","0.5333","0.8500","0.5404874214","0.0020","0.0327","0.0494","0.0273","0.0186275943","0.000200","0.0000000000","0.0040","0.0040","0.0029079379","NaN","0.053106","0.046971"
"193606","14.84","0.5500","0.8800","0.5231783880","0.0020","0.0324","0.0490","0.0273","0.0208134501","0.000300","0.0072992701","0.0021","0.0082","0.0015684951","NaN","0.032542","0.029509"
"193607","15.85","0.5700","0.9000","0.5004246027","0.0015","0.0323","0.0484","0.0271","0.0217469882","0.000100","0.0072463768","0.0060","0.0011","0.0015685530","NaN","0.073442","0.072356"
"193608","15.99","0.5900","0.9200","0.4961212340","0.0020","0.0321","0.0474","0.0264","0.0196660344","0.000200","0.0071942446","0.0111","0.0067","0.0026195074","NaN","0.014124","0.008930"
"193609","16.01","0.6100","0.9400","0.4915981409","0.0016","0.0318","0.0462","0.0268","0.0213984830","0.000100","0.0000000000","-0.0031","0.0067","0.0011837587","NaN","0.004817","0.001617"
"193610","17.21","0.6467","0.9667","0.4657070279","0.0013","0.0318","0.0454","0.0269","0.0218042270","0.000200","0.0000000000","0.0006","0.0025","0.0022244051","NaN","0.076281","0.075272"
"193611","17.28","0.6833","0.9933","0.4502783539","0.0011","0.0315","0.0452","0.0257","0.0228407620","0.000100","0.0000000000","0.0205","0.0109","0.0028304004","NaN","0.010666","-0.000321"
"193612","17.18","0.7200","1.0200","0.4585881045","0.0012","0.0310","0.0453","0.0255","0.0252247216","0.000000","0.0000000000","0.0038","0.0010","0.0014983745","NaN","-0.003830","-0.007289"
"193701","17.83","0.7300","1.0500","0.4465735628","0.0017","0.0310","0.0449","0.0258","0.0250032496","0.000100","0.0071428571","-0.0013","0.0024","0.0015725492","NaN","0.036648","0.035916"
"193702","18.09","0.7400","1.0800","0.4407757653","0.0015","0.0322","0.0453","0.0253","0.0252076774","0.000200","0.0000000000","0.0086","-0.0046","0.0013067889","NaN","0.018483","0.015350"
"193703","17.92","0.7500","1.1100","0.4586663806","0.0038","0.0332","0.0468","0.0285","0.0335068293","0.000100","0.0070921986","-0.0411","-0.0114","0.0031144795","NaN","-0.003511","-0.006242"
"193704","16.43","0.7800","1.1300","0.4906180065","0.0056","0.0342","0.0484","0.0284","0.0281072644","0.000300","0.0070422535","0.0039","0.0068","0.0054667794","NaN","-0.080646","-0.081490"
"193705","16.26","0.8100","1.1500","0.4893824051","0.0041","0.0333","0.0484","0.0282","0.0282780631","0.000600","0.0069930070","0.0053","0.0040","0.0035930723","0.0033983845","-0.005699","-0.011686"
"193706","15.40","0.8400","1.1700","0.5049610206","0.0036","0.0328","0.0493","0.0285","0.0312661665","0.000300","0.0000000000","-0.0018","0.0053","0.0029841706","0.0042059432","-0.053803","-0.057853"
"193707","16.98","0.8167","1.1867","0.4646486604","0.0028","0.0325","0.0491","0.0277","0.0272249320","0.000300","0.0069444444","0.0138","0.0039","0.0029822171","0.0036298634","0.098991","0.098012"
"193708","16.04","0.7933","1.2033","0.4819345020","0.0029","0.0324","0.0492","0.0286","0.0310644128","0.000200","0.0000000000","-0.0104","-0.0017","0.0021407944","0.0033254414","-0.051183","-0.056291"
"193709","13.76","0.7700","1.2200","0.5531474413","0.0031","0.0328","0.0516","0.0284","0.0358467256","0.000400","0.0068965517","0.0045","0.0025","0.0158211464","0.0033385337","-0.139610","-0.143683"
"193710","12.36","0.7800","1.1900","0.6174176776","0.0020","0.0327","0.0552","0.0283","0.0409585636","0.000200","0.0000000000","0.0042","0.0067","0.0317222407","0.0036049556","-0.102722","-0.103703"
"193711","11.11","0.7900","1.1600","0.6924198251","0.0009","0.0324","0.0582","0.0278","0.0420308074","0.000200","-0.0068493151","0.0096","0.0067","0.0219733915","0.0027108586","-0.084289","-0.100254"
"193712","10.55","0.8000","1.1300","0.7074886223","0.0011","0.0321","0.0573","0.0273","0.0317754000","0.000000","-0.0068965517","0.0082","0.0067","0.0069549625","0.0028331217","-0.045828","-0.053019"
"193801","10.69","0.7933","1.0767","0.7015672438","0.0010","0.0317","0.0589","0.0271","0.0388017219","0.000000","-0.0138888889","0.0057","0.0038","0.0097512413","0.0027731382","0.012163","0.011096"
"193802","11.34","0.7867","1.0233","0.6595186671","0.0008","0.0320","0.0597","0.0268","0.0322477805","0.000000","-0.0070422535","0.0052","0.0010","0.0077724907","0.0021290310","0.065757","0.061131"
"193803","8.50","0.7800","0.9700","0.8923698838","0.0008","0.0322","0.0630","0.0273","0.0338452494","-0.000100","0.0000000000","-0.0037","-0.0087","0.0150679420","0.0029648264","-0.254106","-0.257951"
"193804","9.70","0.7667","0.9033","0.7907934802","0.0009","0.0330","0.0647","0.0259","0.0271608523","0.000100","0.0070921986","0.0210","0.0138","0.0188927247","0.0041609632","0.142667","0.140966"
"193805","9.27","0.7533","0.8367","0.8195656209","0.0005","0.0322","0.0606","0.0257","0.0299773272","0.000000","-0.0070422535","0.0044","0.0010","0.0076514340","0.0052741344","-0.039973","-0.046036"
"193806","11.56","0.7400","0.7700","0.6595458620","0.0005","0.0326","0.0625","0.0259","0.0167445455","0.000000","0.0000000000","0.0004","0.0095","0.0118093088","0.0060859031","0.253519","0.249304"
"193807","12.40","0.7133","0.7200","0.6253541076","0.0007","0.0322","0.0563","0.0257","0.0170555147","-0.000100","0.0000000000","0.0043","0.0066","0.0068298756","0.0056852727","0.074738","0.073872"
"193808","12.06","0.6867","0.6700","0.6340202484","0.0006","0.0318","0.0549","0.0259","0.0143082728","0.000000","0.0000000000","0.0000","-0.0019","0.0059815684","0.0053420437","-0.025901","-0.029465"
"193809","12.24","0.6600","0.6200","0.6242488512","0.0008","0.0321","0.0565","0.0259","0.0118961742","0.000200","0.0000000000","0.0022","0.0109","0.0170467064","0.0061280147","0.016932","0.013867"
"193810","13.17","0.6100","0.6267","0.5819547881","0.0005","0.0315","0.0536","0.0254","0.0079325974","0.000100","-0.0070921986","0.0087","0.0080","0.0044044304","0.0056028459","0.078960","0.078200"
"193811","12.73","0.5600","0.6333","0.5893739154","0.0004","0.0310","0.0523","0.0257","0.0085352672","-0.000600","0.0000000000","-0.0022","0.0037","0.0046441678","0.0051181861","-0.026207","-0.032784"
"193812","13.21","0.5100","0.6400","0.5720393884","0.0003","0.0308","0.0527","0.0252","0.0057217127","0.000000","0.0000000000","0.0080","0.0122","0.0022909395","0.0041669638","0.044810","0.041538"
"193901","12.30","0.5133","0.6633","0.6142181413","0.0003","0.0301","0.0512","0.0249","-0.0036013643","-0.000100","0.0000000000","0.0059","0.0022","0.0072954961","0.0043106526","-0.070506","-0.071314"
"193902","12.70","0.5167","0.6867","0.5994568907","0.0003","0.0300","0.0505","0.0245","0.0006149354","0.000100","-0.0071428571","0.0080","0.0064","0.0032916439","0.0026295286","0.039292","0.034357"
"193903","10.98","0.5200","0.7100","0.6606492718","0.0003","0.0299","0.0489","0.0237","-0.0012606856","-0.000100","0.0000000000","0.0125","0.0022","0.0085387031","0.0027148950","-0.134821","-0.138171"
"193904","10.92","0.5233","0.7267","0.6784545879","0.0003","0.0302","0.0515","0.0229","-0.0018831933","0.000000","-0.0071942446","0.0118","0.0064","0.0092032923","0.0041232361","-0.006611","-0.007842"
"193905","11.60","0.5267","0.7433","0.6303372413","0.0003","0.0297","0.0507","0.0217","-0.0023543238","0.000100","0.0000000000","0.0171","0.0049","0.0035590915","0.0036146113","0.069557","0.063460"
"193906","10.86","0.5300","0.7600","0.6667687361","0.0003","0.0292","0.0491","0.0221","-0.0000863519","0.000100","0.0000000000","-0.0027","0.0035","0.0032023428","0.0041623590","-0.061810","-0.065748"
"193907","12.04","0.5400","0.7767","0.6079854809","0.0004","0.0289","0.0484","0.0213","-0.0015621881","0.000000","0.0000000000","0.0113","-0.0007","0.0043046092","0.0036497651","0.111310","0.110355"
"193908","11.18","0.5500","0.7933","0.6480172606","0.0005","0.0293","0.0485","0.0231","-0.0030065253","-0.000100","0.0000000000","-0.0201","-0.0392","0.0071372431","0.0076878347","-0.067551","-0.073025"
"193909","13.02","0.5600","0.8100","0.5800479489","0.0014","0.0325","0.0500","0.0278","-0.0021095516","0.000100","0.0217391304","-0.0545","0.0151","0.0156839071","0.0070891874","0.181167","0.177572"
"193910","12.83","0.5800","0.8400","0.5734790624","0.0005","0.0315","0.0488","0.0247","-0.0018527882","0.000000","-0.0070921986","0.0410","0.0237","0.0018467448","0.0065611953","-0.016887","-0.017640"
"193911","12.20","0.6000","0.8700","0.5978447388","0.0005","0.0300","0.0485","0.0236","-0.0016991367","0.000000","0.0000000000","0.0162","0.0079","0.0012842376","0.0066251160","-0.040532","-0.051142"
"193912","12.49","0.6200","0.9000","0.5807053804","0.0004","0.0294","0.0492","0.0226","0.0025507841","0.000000","0.0000000000","0.0145","0.0078","0.0010730021","0.0060740339","0.028177","0.023143"
"194001","12.05","0.6233","0.9300","0.5993256726","0.0001","0.0288","0.0486","0.0229","0.0077727052","0.000000","-0.0071428571","-0.0017","0.0049","0.0014780456","0.0056097591","-0.035927","-0.036800"
"194002","12.13","0.6267","0.9600","0.5943769619","0.0002","0.0286","0.0483","0.0228","0.0048402619","0.000000","0.0071942446","0.0027","0.0021","0.0004895058","0.0054170362","0.013139","0.006917"
"194003","12.25","0.6300","0.9900","0.6479598753","0.0002","0.0284","0.0480","0.0215","0.0056787088","0.000000","0.0000000000","0.0177","0.0049","0.0007091118","0.0050460313","0.013561","0.010518"
"194004","12.19","0.6367","1.0067","0.6440746480","0.0002","0.0282","0.0474","0.0220","0.0058486658","0.000000","0.0000000000","-0.0035","-0.0092","0.0011922770","0.0028240977","-0.004478","-0.006231"
"194005","9.27","0.6433","1.0233","0.8225778696","0.0006","0.0293","0.0494","0.0246","0.0066101852","-0.000200","0.0000000000","-0.0299","-0.0021","0.0186685676","0.0031368279","-0.231480","-0.239765"
"194006","9.98","0.6500","1.0400","0.7832213665","0.0010","0.0296","0.0511","0.0227","0.0063697907","0.000000","0.0071428571","0.0258","0.0121","0.0097970174","0.0035129471","0.083035","0.078208"
"194007","10.29","0.6567","1.0533","0.7578880609","0.0005","0.0288","0.0480","0.0224","0.0081091893","0.000100","-0.0070921986","0.0052","0.0021","0.0013236754","0.0033417040","0.033090","0.031914"
"194008","10.56","0.6633","1.0667","0.7417752948","0.0004","0.0285","0.0476","0.0223","0.0090864626","-0.000100","0.0000000000","0.0028","0.0007","0.0035608428","0.0035358124","0.035421","0.026631"
"194009","10.66","0.6700","1.0800","0.7207478890","0.0005","0.0282","0.0466","0.0215","0.0096469388","0.000000","0.0000000000","0.0110","0.0092","0.0029438369","0.0044783699","0.014221","0.010096"
"194010","11.08","0.6700","1.0700","0.7101998366","0.0002","0.0279","0.0456","0.0214","0.0094148326","0.000000","0.0000000000","0.0031","0.0049","0.0014650609","0.0045675860","0.041468","0.040180"
"194011","10.61","0.6700","1.0600","0.7352149504","0.0002","0.0275","0.0448","0.0199","0.0101576525","0.000000","0.0000000000","0.0205","0.0063","0.0059142110","0.0040822286","-0.029431","-0.042997"
"194012","10.58","0.6700","1.0500","0.7290475101","0.0002","0.0271","0.0445","0.0194","0.0125891885","0.000000","0.0071428571","0.0067","-0.0023","0.0005078424","0.0042619728","0.002927","-0.002490"
"194101","10.07","0.6733","1.0533","0.7701603158","0.0002","0.0275","0.0438","0.0213","0.0108534140","-0.000100","0.0000000000","-0.0201","0.0006","0.0018551123","0.0036273185","-0.045555","-0.046847"
"194102","9.92","0.6767","1.0567","0.7837992949","0.0004","0.0278","0.0442","0.0213","0.0107702342","-0.000100","0.0000000000","0.0020","0.0006","0.0027518140","0.0020135897","-0.004729","-0.012570"
"194103","9.96","0.6800","1.0600","0.8042698827","0.0011","0.0280","0.0438","0.0206","0.0100605750","0.000100","0.0070921986","0.0096","-0.0022","0.0013646264","0.0018550226","0.008872","0.004173"
"194104","9.31","0.6833","1.0700","0.8542496105","0.0010","0.0282","0.0433","0.0196","0.0104815348","-0.000100","0.0070422535","0.0129","0.0078","0.0017671007","0.0015840247","-0.062152","-0.063463"
"194105","9.35","0.6867","1.0800","0.8491783533","0.0011","0.0281","0.0432","0.0195","0.0099236032","0.000000","0.0069930070","0.0027","0.0049","0.0015744619","0.0023032693","0.013184","0.002140"
"194106","9.85","0.6900","1.0900","0.8015267176","0.0012","0.0277","0.0431","0.0191","0.0089675066","0.000000","0.0208333333","0.0066","0.0063","0.0011809091","0.0022238989","0.058851","0.052486"
"194107","10.39","0.6933","1.1233","0.7663638481","0.0012","0.0274","0.0428","0.0191","0.0090298599","0.000300","0.0000000000","0.0022","0.0063","0.0012129739","0.0023439170","0.057106","0.055619"
"194108","10.30","0.6967","1.1567","0.7745428863","0.0013","0.0274","0.0427","0.0190","0.0107250203","0.000100","0.0136054422","0.0018","0.0034","0.0005131798","0.0020067334","-0.001113","-0.009736"
"194109","10.20","0.7000","1.1900","0.7782684119","0.0010","0.0275","0.0430","0.0193","0.0102838552","0.000100","0.0134228188","-0.0012","0.0048","0.0009754417","0.0026685511","-0.007351","-0.011499"
"194110","9.50","0.7033","1.1800","0.8377185537","0.0009","0.0273","0.0428","0.0182","0.0116872081","0.000000","0.0132450331","0.0140","0.0034","0.0013100965","0.0016206960","-0.064602","-0.065955"
"194111","9.10","0.7067","1.1700","0.8608058608","0.0028","0.0272","0.0428","0.0186","0.0103646245","0.000000","0.0065359477","-0.0029","-0.0094","0.0012858981","0.0020676588","-0.024916","-0.042107"
"194112","8.69","0.7100","1.1600","0.8895097332","0.0033","0.0280","0.0438","0.0204","0.0103428263","0.000100","0.0064935065","-0.0177","0.0006","0.0066808135","0.0034469828","-0.038843","-0.046205"
"194201","8.81","0.7033","1.1200","0.9021113244","0.0027","0.0283","0.0429","0.0247","0.0089351822","0.000200","0.0129032258","0.0069","0.0006","0.0022049532","0.0027011593","0.022276","0.020639"
"194202","8.59","0.6967","1.0800","0.9260649278","0.0025","0.0285","0.0429","0.0247","0.0093501527","0.000100","0.0063694268","0.0011","-0.0008","0.0012608247","0.0028994323","-0.017647","-0.024642"
"194203","8.01","0.6900","1.0400","1.0348638601","0.0025","0.0286","0.0430","0.0244","0.0101204616","0.000100","0.0126582278","0.0092","0.0063","0.0031061137","0.0030109638","-0.064068","-0.069676"
"194204","7.66","0.6800","1.0200","1.0802307289","0.0032","0.0283","0.0426","0.0246","0.0110048192","0.000100","0.0062500000","-0.0029","0.0006","0.0024409752","0.0033975063","-0.037988","-0.040323"
"194205","8.15","0.6700","1.0000","1.0210150674","0.0037","0.0285","0.0427","0.0243","0.0105251730","0.000300","0.0124223602","0.0075","0.0020","0.0015923892","0.0037664529","0.070339","0.060119"
"194206","8.30","0.6600","0.9800","0.9967098897","0.0037","0.0285","0.0433","0.0244","0.0101983055","0.000200","0.0000000000","0.0003","0.0034","0.0012004676","0.0032658448","0.023544","0.016976"
"194207","8.56","0.6467","0.9667","0.9742716610","0.0038","0.0283","0.0430","0.0244","0.0084862716","0.000300","0.0061349693","0.0018","0.0020","0.0020886578","0.0014150598","0.036031","0.034314"
"194208","8.62","0.6333","0.9533","0.9686824038","0.0038","0.0281","0.0428","0.0244","0.0071526483","0.000300","0.0060975610","0.0038","0.0035","0.0006270321","0.0017870239","0.015346","0.007531"
"194209","8.85","0.6200","0.9400","0.9440014664","0.0038","0.0280","0.0426","0.0244","0.0062435384","0.000300","0.0000000000","0.0003","0.0020","0.0004725220","0.0028007712","0.032449","0.027671"
"194210","9.42","0.6100","0.9700","0.9074889868","0.0038","0.0280","0.0424","0.0244","0.0044262784","0.000300","0.0121212121","0.0024","0.0006","0.0012735961","0.0031066091","0.067867","0.066333"
"194211","9.29","0.6000","1.0000","0.8995633188","0.0038","0.0279","0.0425","0.0247","0.0050957059","0.000300","0.0059880240","-0.0035","0.0006","0.0009920566","0.0033449369","-0.004392","-0.016937"
"194212","9.77","0.5900","1.0300","0.8626465662","0.0038","0.0281","0.0428","0.0246","0.0018120043","0.000300","0.0059523810","0.0049","0.0049","0.0007913905","0.0051009425","0.057537","0.050449"
"194301","10.47","0.5900","1.0433","0.8213061159","0.0038","0.0279","0.0416","0.0245","0.0020883053","0.000300","0.0000000000","0.0033","0.0049","0.0007448683","0.0059953110","0.072434","0.071062"
"194302","11.00","0.5900","1.0567","0.7940790995","0.0038","0.0277","0.0408","0.0246","0.0025699914","0.000300","0.0000000000","-0.0005","0.0006","0.0008195966","0.0071307633","0.058503","0.052676"
"194303","11.58","0.5900","1.0700","0.7834809988","0.0038","0.0276","0.0401","0.0247","0.0018918598","0.000300","0.0177514793","0.0009","0.0020","0.0013687759","0.0073223493","0.059404","0.055182"
"194304","11.59","0.5900","1.0800","0.7897844700","0.0038","0.0276","0.0396","0.0246","0.0012510459","0.000300","0.0116279070","0.0048","0.0049","0.0024921939","0.0012927987","0.003588","0.002332"
"194305","12.11","0.5900","1.0900","0.7578977192","0.0038","0.0274","0.0391","0.0244","0.0009461828","0.000300","0.0057471264","0.0050","0.0048","0.0010895496","0.0018193850","0.052698","0.045651"
"194306","12.35","0.5900","1.1000","0.7462686567","0.0038","0.0272","0.0388","0.0244","0.0012001053","0.000300","0.0000000000","0.0018","0.0048","0.0010691580","0.0013497331","0.021689","0.017142"
"194307","11.68","0.5933","1.0933","0.7795992714","0.0038","0.0269","0.0381","0.0245","0.0178236432","0.000300","-0.0057142857","-0.0001","0.0019","0.0024333612","0.0013901420","-0.053092","-0.054238"
"194308","11.80","0.5967","1.0867","0.7831942615","0.0038","0.0269","0.0381","0.0245","0.0139543192","0.000300","-0.0057471264","0.0021","0.0019","0.0017066360","0.0012769185","0.016232","0.010751"
"194309","12.08","0.6000","1.0800","0.7636311733","0.0038","0.0269","0.0383","0.0246","0.0136934780","0.000300","0.0057803468","0.0011","0.0005","0.0006080398","0.0016281149","0.027498","0.023331"
"194310","11.92","0.6033","1.0333","0.7737363511","0.0038","0.0270","0.0382","0.0247","0.0168695396","0.000300","0.0000000000","0.0005","-0.0009","0.0007641571","0.0013963569","-0.011650","-0.012500"
"194311","11.02","0.6067","0.9867","0.8258084433","0.0038","0.0271","0.0383","0.0248","0.0190809369","0.000300","0.0000000000","0.0000","-0.0023","0.0020016000","0.0018240458","-0.067052","-0.077966"
"194312","11.67","0.6100","0.9400","0.7874015748","0.0038","0.0274","0.0382","0.0248","0.0144225392","0.000300","0.0000000000","0.0018","0.0049","0.0009885940","0.0019623979","0.070305","0.065211"
"194401","11.85","0.6133","0.9367","0.7787481805","0.0038","0.0272","0.0376","0.0248","0.0192532313","0.000300","0.0000000000","0.0021","0.0020","0.0006398349","0.0014962290","0.018622","0.017310"
"194402","11.82","0.6167","0.9333","0.7850330154","0.0038","0.0274","0.0372","0.0247","0.0194938382","0.000300","0.0000000000","0.0032","0.0034","0.0006426372","0.0018118196","0.006479","0.000238"
"194403","12.02","0.6200","0.9300","0.8138864880","0.0038","0.0274","0.0370","0.0247","0.0191453273","0.000200","0.0000000000","0.0021","0.0048","0.0006364084","0.0015918007","0.021313","0.017309"
"194404","11.87","0.6233","0.9267","0.8296013509","0.0038","0.0274","0.0368","0.0248","0.0200775934","0.000300","0.0057471264","0.0013","0.0034","0.0007641629","0.0021258580","-0.012427","-0.013433"
"194405","12.35","0.6267","0.9233","0.7944319460","0.0038","0.0273","0.0363","0.0247","0.0183973570","0.000300","0.0000000000","0.0028","0.0005","0.0004119055","0.0030803806","0.048841","0.040864"
"194406","12.98","0.6300","0.9200","0.7615581615","0.0038","0.0273","0.0359","0.0248","0.0182017700","0.000300","0.0057142857","0.0008","0.0020","0.0007175889","0.0027429124","0.054574","0.049768"
"194407","12.71","0.6333","0.9133","0.7733899117","0.0038","0.0272","0.0357","0.0247","0.0043229355","0.000300","0.0056818182","0.0036","0.0034","0.0009396738","0.0034641321","-0.019470","-0.020629"
"194408","12.82","0.6367","0.9067","0.7687597796","0.0038","0.0271","0.0355","0.0247","0.0080697969","0.000300","0.0000000000","0.0027","0.0034","0.0005599877","0.0030166343","0.014700","0.008208"
"194409","12.78","0.6400","0.9000","0.7723327182","0.0038","0.0272","0.0356","0.0247","0.0089627545","0.000200","0.0000000000","0.0014","0.0019","0.0011155149","0.0029150307","-0.000692","-0.003118"
"194410","12.78","0.6400","0.9100","0.7711731386","0.0038","0.0272","0.0355","0.0247","0.0065103663","0.000300","0.0000000000","0.0012","0.0019","0.0006752183","0.0030293988","0.002435","0.001045"
"194411","12.83","0.6400","0.9200","0.7669856784","0.0038","0.0272","0.0353","0.0247","0.0057829454","0.000300","0.0000000000","0.0024","0.0048","0.0004242975","0.0034482450","0.017327","0.005832"
"194412","13.28","0.6400","0.9300","0.7437635753","0.0038","0.0270","0.0349","0.0246","0.0190624465","0.000200","0.0056497175","0.0042","0.0149","0.0008722726","0.0035223172","0.044778","0.041034"
"194501","13.47","0.6433","0.9400","0.7353419666","0.0038","0.0269","0.0346","0.0240","0.0164538969","0.000300","0.0000000000","0.0127","0.0076","0.0009244634","0.0040992035","0.011901","0.010784"
"194502","14.30","0.6467","0.9500","0.7044887781","0.0038","0.0265","0.0341","0.0236","0.0148360524","0.000200","0.0000000000","0.0077","0.0046","0.0006548519","0.0036608550","0.069472","0.063578"
"194503","13.64","0.6500","0.9600","0.7678826431","0.0038","0.0262","0.0338","0.0236","0.0159625278","0.000200","0.0000000000","0.0021","0.0018","0.0018874417","0.0040766101","-0.041685","-0.044990"
"194504","14.84","0.6500","0.9733","0.7150628627","0.0038","0.0261","0.0336","0.0228","0.0150858689","0.000300","0.0000000000","0.0160","0.0018","0.0013982781","0.0033761763","0.090524","0.089465"
"194505","15.01","0.6500","0.9867","0.7029114676","0.0038","0.0262","0.0332","0.0226","0.0197732119","0.000300","0.0056179775","0.0056","-0.0011","0.0009209599","0.0042020594","0.020041","0.011624"
"194506","14.96","0.6500","1.0000","0.7188430455","0.0038","0.0261","0.0329","0.0217","0.0194663167","0.000200","0.0111731844","0.0169","0.0032","0.0008661648","0.0041469851","0.002380","0.000134"
"194507","14.66","0.6533","0.9967","0.7263015717","0.0038","0.0260","0.0326","0.0224","0.0204374124","0.000300","0.0000000000","-0.0086","-0.0011","0.0018141108","0.0037918956","-0.021539","-0.022479"
"194508","15.51","0.6567","0.9933","0.6787538011","0.0038","0.0261","0.0326","0.0223","0.0189451030","0.000300","0.0000000000","0.0026","0.0004","0.0020966469","0.0036289262","0.059852","0.054027"
"194509","16.16","0.6600","0.9900","0.6568208317","0.0038","0.0262","0.0324","0.0221","0.0176069197","0.000300","0.0000000000","0.0054","0.0032","0.0014385546","0.0036217464","0.046361","0.043999"
"194510","16.65","0.6600","0.9800","0.6339764202","0.0038","0.0262","0.0320","0.0216","0.0185809993","0.000300","0.0000000000","0.0104","0.0032","0.0009811839","0.0038478623","0.030815","0.029862"
"194511","17.19","0.6600","0.9700","0.6178836310","0.0038","0.0262","0.0315","0.0210","0.0189340334","0.000200","0.0000000000","0.0125","0.0032","0.0014482715","0.0037386804","0.044950","0.035612"
"194512","17.36","0.6600","0.9600","0.6132393344","0.0038","0.0261","0.0310","0.0199","0.0255252783","0.000300","0.0055248619","0.0194","0.0133","0.0015383170","0.0043280057","0.011133","0.008805"
"194601","18.57","0.6667","0.9400","0.5780036156","0.0038","0.0254","0.0301","0.0199","0.0279694968","0.000300","0.0000000000","0.0025","0.0128","0.0026451685","0.0040437412","0.069504","0.068515"
"194602","17.28","0.6733","0.9200","0.6223367878","0.0038","0.0248","0.0295","0.0198","0.0310909521","0.000300","-0.0054945055","0.0032","0.0034","0.0059424130","0.0036712804","-0.065171","-0.069785"
"194603","18.08","0.6800","0.9000","0.6148526759","0.0038","0.0247","0.0294","0.0198","0.0311878756","0.000300","0.0110497238","0.0010","0.0034","0.0014965734","0.0036328539","0.049118","0.046147"
"194604","18.76","0.6800","0.8800","0.5934129709","0.0038","0.0246","0.0296","0.0207","0.0313068280","0.000300","0.0054644809","-0.0135","-0.0043","0.0010777341","0.0035045733","0.035748","0.034707"
"194605","19.18","0.6800","0.8600","0.5780101752","0.0038","0.0251","0.0302","0.0209","0.0319999197","0.000300","0.0054347826","-0.0012","0.0019","0.0012724951","0.0031524535","0.028785","0.023202"
"194606","18.43","0.6800","0.8400","0.5967318354","0.0038","0.0249","0.0303","0.0206","0.0335915715","0.000300","0.0108108108","0.0070","0.0019","0.0014817412","0.0030619250","-0.035289","-0.037521"
"194607","17.96","0.6833","0.8567","0.6087517365","0.0038","0.0248","0.0303","0.0209","0.0391749876","0.000300","0.0588235294","-0.0040","-0.0012","0.0017038857","0.0026143444","-0.027350","-0.028429"
"194608","16.65","0.6867","0.8733","0.6485543633","0.0038","0.0251","0.0303","0.0217","0.0432676449","0.000300","0.0202020202","-0.0111","-0.0088","0.0019801137","0.0026899157","-0.068855","-0.073365"
"194609","14.96","0.6900","0.8900","0.7116343812","0.0038","0.0258","0.0310","0.0219","0.0491119446","0.000300","0.0099009901","-0.0009","-0.0026","0.0160250152","0.0026064326","-0.104113","-0.106619"
"194610","14.84","0.6967","0.9467","0.7253916642","0.0038","0.0260","0.0315","0.0216","0.0485974813","0.000300","0.0196078431","0.0074","0.0020","0.0061160954","0.0023753839","-0.005636","-0.006817"
"194611","14.67","0.7033","1.0033","0.7226999647","0.0038","0.0259","0.0317","0.0220","0.0480722812","0.000300","0.0240384615","-0.0054","-0.0025","0.0039143490","0.0020257111","-0.003801","-0.011741"
"194612","15.30","0.7100","1.0600","0.6924379233","0.0038","0.0261","0.0317","0.0212","0.0360760605","0.000300","0.0093896714","0.0145","0.0113","0.0027155077","0.0017810408","0.046818","0.041973"
"194701","15.66","0.7133","1.1300","0.6800044336","0.0038","0.0257","0.0313","0.0214","0.0315384626","0.000300","0.0000000000","-0.0006","0.0005","0.0021117215","0.0013295838","0.022013","0.020953"
"194702","15.43","0.7167","1.2000","0.6858580212","0.0038","0.0255","0.0312","0.0214","0.0301026572","0.000300","0.0000000000","0.0021","0.0005","0.0013641434","0.0011594220","-0.008307","-0.015166"
"194703","15.17","0.7200","1.2700","0.7415349887","0.0038","0.0255","0.0315","0.0213","0.0310199797","0.000300","0.0186046512","0.0020","0.0067","0.0024112826","0.0008036463","-0.015008","-0.017731"
"194704","14.58","0.7333","1.3267","0.7700421941","0.0038","0.0253","0.0316","0.0217","0.0313459749","0.000300","0.0000000000","-0.0037","0.0020","0.0023073615","0.0027754180","-0.039560","-0.040772"
"194705","14.45","0.7467","1.3833","0.7763663220","0.0038","0.0253","0.0317","0.0216","0.0258943070","0.000300","0.0000000000","0.0033","0.0020","0.0025450853","0.0032286132","-0.000990","-0.010470"
"194706","15.21","0.7600","1.4400","0.7411167513","0.0038","0.0255","0.0321","0.0216","0.0264727428","0.000300","0.0045662100","0.0010","0.0004","0.0019587785","0.0038172362","0.053991","0.050908"
"194707","15.76","0.7700","1.4767","0.7173272191","0.0066","0.0255","0.0318","0.0214","0.0206405097","0.000300","0.0090909091","0.0063","0.0020","0.0019774476","0.0032049433","0.039572","0.038369"
"194708","15.32","0.7800","1.5133","0.7346938776","0.0075","0.0256","0.0317","0.0210","0.0231767917","0.000300","0.0135135135","0.0081","-0.0071","0.0008243998","0.0035721715","-0.023076","-0.029148"
"194709","15.11","0.7900","1.5500","0.7403233985","0.0080","0.0261","0.0323","0.0213","0.0240585500","0.000600","0.0222222222","-0.0044","-0.0131","0.0013854969","0.0043268967","-0.009928","-0.013690"
"194710","15.43","0.8067","1.5700","0.7227325230","0.0085","0.0270","0.0335","0.0217","0.0230185724","0.000600","0.0000000000","-0.0037","-0.0099","0.0008695376","0.0043136224","0.020578","0.019353"
"194711","14.99","0.8233","1.5900","0.7319926466","0.0092","0.0277","0.0344","0.0229","0.0259081445","0.000600","0.0043478261","-0.0174","-0.0098","0.0004759608","0.0044945060","-0.017633","-0.029555"
"194712","15.30","0.8400","1.6100","0.7253256790","0.0095","0.0286","0.0352","0.0243","0.0259215953","0.000800","0.0129870130","-0.0192","0.0024","0.0011073046","0.0047609245","0.030784","0.025273"
"194801","14.69","0.8433","1.6433","0.7518883040","0.0097","0.0286","0.0352","0.0243","0.0277653867","0.000700","0.0128205128","0.0020","0.0024","0.0010488640","0.0043871624","-0.037743","-0.038905"
"194802","14.00","0.8467","1.6767","0.7877697842","0.0100","0.0285","0.0353","0.0241","0.0291344010","0.000700","-0.0084388186","0.0046","0.0039","0.0017556377","0.0049033646","-0.040232","-0.047782"
"194803","15.08","0.8500","1.7100","0.8414221219","0.0100","0.0283","0.0353","0.0241","0.0271870255","0.000900","-0.0042553191","0.0034","0.0115","0.0020820213","0.0058085148","0.081440","0.077022"
"194804","15.48","0.8500","1.7600","0.8259930198","0.0100","0.0278","0.0347","0.0239","0.0274539336","0.000800","0.0170940171","0.0045","0.0038","0.0005519692","0.0041501792","0.030821","0.028537"
"194805","16.69","0.8500","1.8100","0.7816923561","0.0100","0.0276","0.0338","0.0231","0.0255781215","0.000800","0.0042016807","0.0141","0.0008","0.0014527575","0.0044591399","0.084014","0.077523"
"194806","16.74","0.8500","1.8600","0.7869735036","0.0100","0.0276","0.0334","0.0238","0.0238936692","0.000900","0.0083682008","-0.0084","-0.0083","0.0009070567","0.0031442365","0.007665","0.003687"
"194807","15.85","0.8567","1.9300","0.8222577621","0.0100","0.0281","0.0337","0.0241","0.0221793200","0.000800","0.0124481328","-0.0021","-0.0052","0.0027669911","0.0029631757","-0.052296","-0.053144"
"194808","15.97","0.8633","2.0000","0.8205382202","0.0106","0.0284","0.0344","0.0242","0.0192268027","0.000900","0.0040983607","0.0001","0.0055","0.0011851393","0.0028878628","0.015539","0.008123"
"194809","15.49","0.8700","2.0700","0.8362310712","0.0109","0.0284","0.0345","0.0242","0.0191280822","0.000400","0.0000000000","0.0014","0.0024","0.0023955016","0.0030531024","-0.027016","-0.031159"
"194810","16.54","0.8900","2.1433","0.7919056724","0.0112","0.0284","0.0350","0.0243","0.0181337410","0.000400","-0.0040816327","0.0007","0.0024","0.0008275633","0.0021893158","0.070041","0.067023"
"194811","14.75","0.9100","2.2167","0.8709112150","0.0114","0.0284","0.0353","0.0239","0.0177915373","0.000400","-0.0081967213","0.0076","0.0085","0.0061589031","0.0023768242","-0.098332","-0.109939"
"194812","15.20","0.9300","2.2900","0.8409475465","0.0116","0.0279","0.0353","0.0237","0.0150145541","0.000400","-0.0041322314","0.0056","0.0131","0.0009674050","0.0016330103","0.035952","0.029719"
"194901","15.22","0.9467","2.3200","0.8324028584","0.0117","0.0271","0.0346","0.0233","0.0132976714","0.001000","-0.0041493776","0.0082","0.0038","0.0013129862","0.0017767354","0.002676","0.001377"
"194902","14.62","0.9633","2.3500","0.8615509072","0.0117","0.0271","0.0345","0.0231","0.0172190437","0.000900","-0.0083333333","0.0049","0.0038","0.0014096786","0.0021699988","-0.031639","-0.041472"
"194903","15.06","0.9800","2.3800","0.9017504235","0.0117","0.0270","0.0347","0.0227","0.0146589662","0.001000","0.0000000000","0.0074","0.0007","0.0011208941","0.0027170669","0.033981","0.029349"
"194904","14.74","0.9933","2.3867","0.9174997127","0.0117","0.0270","0.0345","0.0227","0.0152887455","0.000900","0.0042016807","0.0011","0.0023","0.0004992706","0.0036580641","-0.018691","-0.021717"
"194905","14.19","1.0067","2.3933","0.9485626039","0.0117","0.0271","0.0345","0.0227","0.0169014375","0.001000","-0.0041841004","0.0019","0.0038","0.0010076601","0.0034218573","-0.029423","-0.037792"
"194906","14.16","1.0200","2.4000","0.9538884243","0.0117","0.0271","0.0347","0.0217","0.0168124176","0.001000","0.0042016807","0.0167","0.0084","0.0016978117","0.0040919143","0.001744","-0.003269"
"194907","15.04","1.0267","2.3967","0.9077989995","0.0102","0.0267","0.0346","0.0216","0.0195114004","0.000900","-0.0083682008","0.0033","0.0099","0.0006408809","0.0036228094","0.062732","0.061657"
"194908","15.22","1.0333","2.3933","0.8938766372","0.0104","0.0262","0.0340","0.0210","0.0194408008","0.000900","0.0042194093","0.0111","0.0037","0.0010735364","0.0037216875","0.021800","0.011738"
"194909","15.58","1.0400","2.3900","0.8750205468","0.0107","0.0260","0.0337","0.0212","0.0233434075","0.000900","0.0042016807","-0.0011","0.0021","0.0015475937","0.0026298133","0.027415","0.024293"
"194910","16.04","1.0733","2.3667","0.8425662129","0.0105","0.0261","0.0336","0.0212","0.0222332996","0.000900","-0.0083682008","0.0019","0.0067","0.0006135020","0.0029968918","0.029780","0.028437"
"194911","16.06","1.1067","2.3433","0.8337248760","0.0108","0.0260","0.0335","0.0212","0.0236431599","0.000800","0.0042194093","0.0021","0.0021","0.0009088615","0.0040043923","0.020738","0.000482"
"194912","16.76","1.1400","2.3200","0.7964292839","0.0110","0.0258","0.0331","0.0209","0.0271755847","0.000900","-0.0084033613","0.0052","-0.0145","0.0004732395","0.0042520180","0.050984","0.046034"
"195001","17.05","1.1500","2.3367","0.7914168195","0.0107","0.0257","0.0324","0.0215","0.0271022330","0.000900","-0.0042372881","-0.0061","0.0037","0.0009891530","0.0044582231","0.019703","0.018245"
"195002","17.22","1.1600","2.3533","0.7849980338","0.0112","0.0258","0.0324","0.0214","0.0254916448","0.000900","0.0000000000","0.0021","0.0007","0.0004260143","0.0042464942","0.019603","0.009975"
"195003","17.29","1.1700","2.3700","0.8255277845","0.0112","0.0258","0.0324","0.0215","0.0292913420","0.001000","0.0042553191","0.0008","0.0022","0.0006243025","0.0045526400","0.008185","0.003542"
"195004","18.07","1.1800","2.4267","0.7964974714","0.0115","0.0260","0.0323","0.0214","0.0263975189","0.000900","0.0000000000","0.0030","-0.0008","0.0007140107","0.0040222115","0.045887","0.044493"
"195005","18.78","1.1900","2.4833","0.7613463432","0.0116","0.0261","0.0325","0.0213","0.0285722636","0.001000","0.0042372881","0.0033","-0.0008","0.0006412630","0.0038032122","0.046902","0.037590"
"195006","17.69","1.2000","2.5400","0.8134474678","0.0115","0.0262","0.0328","0.0216","0.0303966588","0.001000","0.0042194093","-0.0025","0.0023","0.0058557165","0.0041153743","-0.054224","-0.057849"
"195007","17.84","1.2433","2.6000","0.8123209169","0.0116","0.0265","0.0332","0.0214","0.0301173474","0.001000","0.0126050420","0.0055","0.0069","0.0031102500","0.0043203314","0.016981","0.015875"
"195008","18.42","1.2867","2.6600","0.7843408494","0.0120","0.0261","0.0323","0.0214","0.0295508723","0.001000","0.0082987552","0.0014","0.0038","0.0010756051","0.0044526781","0.048063","0.031526"
"195009","19.45","1.3300","2.7200","0.7514578547","0.0130","0.0264","0.0321","0.0220","0.0259142089","0.001000","0.0041152263","-0.0072","-0.0039","0.0013183730","0.0040318334","0.059466","0.056510"
"195010","19.53","1.3767","2.7600","0.7559664015","0.0131","0.0267","0.0322","0.0225","0.0273410383","0.001200","0.0081967213","-0.0048","-0.0008","0.0017594065","0.0039751910","0.005084","0.003425"
"195011","19.51","1.4233","2.8000","0.7473637961","0.0136","0.0267","0.0322","0.0224","0.0255401327","0.001100","0.0040650407","0.0035","0.0054","0.0024576730","0.0048867653","0.022430","-0.000073"
"195012","20.41","1.4700","2.8400","0.7225384419","0.0134","0.0267","0.0320","0.0224","0.0313582559","0.001100","0.0121457490","0.0016","0.0023","0.0024895409","0.0056625153","0.055425","0.051025"
"195101","21.66","1.4867","2.8367","0.6835992445","0.0134","0.0266","0.0317","0.0221","0.0300450784","0.001300","0.0160000000","0.0058","0.0019","0.0017046886","0.0056360733","0.065105","0.063309"
"195102","21.80","1.5033","2.8333","0.6748660980","0.0136","0.0266","0.0316","0.0228","0.0311200524","0.001000","0.0118110236","-0.0074","-0.0044","0.0006506440","0.0055102499","0.014546","0.004185"
"195103","21.40","1.5200","2.8300","0.7813946002","0.0140","0.0278","0.0323","0.0241","0.0326867713","0.001100","0.0038910506","-0.0157","-0.0237","0.0012276649","0.0057490293","-0.017484","-0.019706"
"195104","22.43","1.5333","2.7933","0.7494307876","0.0147","0.0287","0.0335","0.0248","0.0320924792","0.001300","0.0000000000","-0.0063","-0.0009","0.0008481981","0.0044062337","0.049108","0.047903"
"195105","21.52","1.5467","2.7567","0.7778890447","0.0155","0.0289","0.0340","0.0254","0.0306750269","0.001200","0.0038759690","-0.0069","-0.0015","0.0014074200","0.0039686672","-0.029979","-0.040917"
"195106","20.96","1.5600","2.7200","0.8003626772","0.0145","0.0294","0.0349","0.0259","0.0363411209","0.001200","0.0000000000","-0.0062","-0.0093","0.0011367733","0.0040645158","-0.025848","-0.028186"
"195107","22.40","1.5467","2.6500","0.7531218491","0.0156","0.0294","0.0353","0.0252","0.0325985964","0.001300","0.0000000000","0.0138","0.0205","0.0014082079","0.0037154163","0.070935","0.070014"
"195108","23.28","1.5333","2.5800","0.7185938945","0.0162","0.0288","0.0350","0.0246","0.0303211996","0.001300","0.0000000000","0.0099","0.0114","0.0005817795","0.0039216119","0.050220","0.038396"
"195109","23.26","1.5200","2.5100","0.7161823278","0.0163","0.0284","0.0346","0.0253","0.0287995059","0.001200","0.0077220077","-0.0080","-0.0057","0.0002547690","0.0039337103","0.002868","0.001195"
"195110","22.94","1.4833","2.4867","0.7402325138","0.0154","0.0289","0.0350","0.0254","0.0291442552","0.001600","0.0038314176","0.0010","-0.0145","0.0015110763","0.0038418979","-0.013321","-0.015088"
"195111","22.88","1.4467","2.4633","0.7432923795","0.0156","0.0296","0.0356","0.0264","0.0316209665","0.001100","0.0076335878","-0.0136","-0.0061","0.0010239817","0.0040174210","0.011388","-0.002574"
"195112","23.77","1.4100","2.4400","0.7213163466","0.0173","0.0301","0.0361","0.0269","0.0361507878","0.001200","0.0037878788","-0.0061","0.0058","0.0004270364","0.0041468933","0.041815","0.038467"
"195201","24.14","1.4133","2.4267","0.7174258377","0.0157","0.0298","0.0359","0.0268","0.0351506982","0.001500","0.0000000000","0.0028","0.0199","0.0005384211","0.0035154761","0.017768","0.016303"
"195202","23.26","1.4167","2.4133","0.7466933251","0.0154","0.0293","0.0353","0.0269","0.0348717046","0.001200","-0.0075471698","0.0014","-0.0085","0.0009316010","0.0036388713","-0.025241","-0.035743"
"195203","24.37","1.4200","2.4000","0.7518741186","0.0159","0.0296","0.0351","0.0263","0.0320941367","0.001100","0.0000000000","0.0111","0.0076","0.0006318152","0.0033227299","0.052805","0.050655"
"195204","23.32","1.4300","2.3800","0.7863990995","0.0157","0.0293","0.0350","0.0254","0.0332314494","0.001200","0.0038022814","0.0171","-0.0004","0.0008078353","0.0038390162","-0.041423","-0.043268"
"195205","23.86","1.4400","2.3600","0.7705179889","0.0167","0.0293","0.0349","0.0257","0.0321491207","0.001300","0.0000000000","-0.0033","0.0031","0.0005264526","0.0045110250","0.033698","0.023274"
"195206","24.96","1.4500","2.3400","0.7387150879","0.0170","0.0294","0.0350","0.0259","0.0277312703","0.001500","0.0037878788","0.0003","0.0016","0.0003252706","0.0044307208","0.047832","0.045795"
"195207","25.40","1.4500","2.3467","0.7247102590","0.0181","0.0295","0.0350","0.0261","0.0279228246","0.001500","0.0075471698","-0.0020","0.0016","0.0003448818","0.0041125604","0.019129","0.017659"
"195208","25.03","1.4500","2.3533","0.7366201280","0.0183","0.0294","0.0351","0.0267","0.0280428787","0.001500","0.0000000000","-0.0070","0.0063","0.0002895367","0.0037615770","-0.005674","-0.015007"
"195209","24.54","1.4500","2.3600","0.7486789106","0.0171","0.0295","0.0352","0.0277","0.0310380550","0.001600","0.0000000000","-0.0130","-0.0018","0.0004411726","0.0035043688","-0.018085","-0.020098"
"195210","24.52","1.4367","2.3733","0.7525164358","0.0174","0.0301","0.0354","0.0269","0.0299273118","0.001400","0.0000000000","0.0148","0.0039","0.0010262180","0.0035754811","0.000320","-0.001244"
"195211","25.66","1.4233","2.3867","0.7142353522","0.0185","0.0298","0.0353","0.0272","0.0265501524","0.001000","0.0000000000","-0.0015","0.0108","0.0004590891","0.0035423516","0.061382","0.048273"
"195212","26.57","1.4100","2.4000","0.6940733128","0.0209","0.0297","0.0351","0.0279","0.0265347164","0.001600","0.0000000000","-0.0086","-0.0091","0.0002677175","0.0034459187","0.038215","0.035725"
"195301","26.38","1.4100","2.4100","0.6991752079","0.0196","0.0302","0.0351","0.0279","0.0259340350","0.001600","-0.0037453184","0.0012","-0.0080","0.0004009589","0.0033213634","-0.006207","-0.006795"
"195302","25.90","1.4100","2.4200","0.7127027122","0.0197","0.0307","0.0353","0.0287","0.0265154910","0.001400","-0.0037593985","-0.0087","-0.0040","0.0004906637","0.0031140907","-0.007540","-0.017804"
"195303","25.29","1.4100","2.4300","0.7624968735","0.0201","0.0312","0.0357","0.0294","0.0240133528","0.001800","0.0037735849","-0.0088","-0.0033","0.0006826525","0.0028973121","-0.022288","-0.024368"
"195304","24.62","1.4133","2.4567","0.7767060965","0.0219","0.0323","0.0365","0.0303","0.0262931544","0.001600","0.0000000000","-0.0105","-0.0248","0.0012715949","0.0033969102","-0.025308","-0.026832"
"195305","24.54","1.4167","2.4833","0.7837520200","0.0216","0.0334","0.0378","0.0314","0.0272255790","0.001700","0.0037593985","-0.0148","-0.0030","0.0005931666","0.0028534772","0.007401","-0.002730"
"195306","24.14","1.4200","2.5100","0.7954969060","0.0211","0.0340","0.0386","0.0301","0.0274618998","0.001800","0.0037453184","0.0223","0.0109","0.0011056921","0.0028537844","-0.014266","-0.016183"
"195307","24.75","1.4200","2.5233","0.7749291888","0.0204","0.0328","0.0386","0.0301","0.0261518703","0.001500","0.0000000000","0.0039","0.0177","0.0005810146","0.0025605978","0.026314","0.024844"
"195308","23.32","1.4200","2.5367","0.8169359161","0.0204","0.0324","0.0385","0.0303","0.0280870247","0.001700","0.0037313433","-0.0008","-0.0085","0.0006814738","0.0024851686","-0.050101","-0.060097"
"195309","23.35","1.4200","2.5500","0.8082108771","0.0179","0.0329","0.0388","0.0284","0.0258766059","0.001600","0.0000000000","0.0299","0.0253","0.0011056426","0.0026094226","0.002187","0.000072"
"195310","24.54","1.4300","2.5367","0.7737210398","0.0138","0.0316","0.0382","0.0281","0.0246952319","0.001300","0.0037174721","0.0074","0.0227","0.0005728518","0.0026167199","0.051046","0.049806"
"195311","24.76","1.4400","2.5233","0.7584319579","0.0144","0.0311","0.0375","0.0286","0.0257980017","0.000800","-0.0037037037","-0.0049","-0.0073","0.0003764983","0.0028678282","0.023763","0.009879"
"195312","24.81","1.4500","2.5100","0.7597009612","0.0160","0.0313","0.0374","0.0274","0.0248222723","0.001300","0.0000000000","0.0206","0.0172","0.0004172689","0.0027933096","0.001713","-0.001189"
"195401","26.08","1.4567","2.5233","0.7298471220","0.0118","0.0306","0.0371","0.0291","0.0233833396","0.001100","0.0000000000","0.0089","0.0124","0.0004982249","0.0025728274","0.053486","0.052586"
"195402","26.15","1.4633","2.5367","0.7245195899","0.0097","0.0295","0.0361","0.0279","0.0225625653","0.000700","0.0000000000","0.0240","0.0198","0.0003407126","0.0025965500","0.012916","0.002343"
"195403","26.94","1.4700","2.5500","0.8049158183","0.0103","0.0286","0.0351","0.0278","0.0220934760","0.000800","0.0000000000","0.0058","0.0039","0.0003565486","0.0023267380","0.030530","0.028423"
"195404","28.26","1.4633","2.5733","0.7650393010","0.0097","0.0285","0.0347","0.0273","0.0208562332","0.000900","-0.0037174721","0.0104","-0.0034","0.0007307019","0.0025692037","0.048358","0.047140"
"195405","29.19","1.4567","2.5967","0.7459769764","0.0076","0.0288","0.0347","0.0279","0.0184925878","0.000500","0.0037313433","-0.0087","-0.0042","0.0004298532","0.0023611898","0.042777","0.033606"
"195406","29.21","1.4500","2.6200","0.7324678440","0.0064","0.0290","0.0349","0.0272","0.0183574190","0.000600","0.0000000000","0.0163","0.0063","0.0009354285","0.0018383463","0.002467","0.000533"
"195407","30.88","1.4567","2.6233","0.7021729133","0.0072","0.0289","0.0350","0.0266","0.0177074723","0.000500","0.0000000000","0.0134","0.0040","0.0006133067","0.0020422870","0.058701","0.057780"
"195408","29.83","1.4633","2.6267","0.7275163788","0.0092","0.0287","0.0349","0.0269","0.0175275314","0.000500","0.0000000000","-0.0036","0.0018","0.0011449666","0.0019820372","-0.025894","-0.034753"
"195409","32.31","1.4700","2.6300","0.6777451035","0.0101","0.0289","0.0347","0.0271","0.0168841886","0.000900","-0.0037174721","-0.0010","0.0040","0.0006917895","0.0022077679","0.082500","0.080888"
"195410","31.68","1.4933","2.6767","0.6937581644","0.0098","0.0287","0.0346","0.0271","0.0175796112","0.000700","0.0000000000","0.0006","0.0040","0.0004991744","0.0029143838","-0.017867","-0.018659"
"195411","34.24","1.5167","2.7233","0.6316415441","0.0093","0.0289","0.0345","0.0274","0.0141532190","0.000600","0.0000000000","-0.0025","0.0025","0.0012668257","0.0033198161","0.095774","0.082712"
"195412","35.98","1.5400","2.7700","0.6041197854","0.0115","0.0290","0.0345","0.0272","0.0269928125","0.000800","-0.0037313433","0.0064","0.0017","0.0008822810","0.0028454745","0.054288","0.052361"
"195501","36.63","1.5467","2.8333","0.5975588876","0.0122","0.0293","0.0345","0.0286","0.0264122091","0.000800","0.0000000000","-0.0241","-0.0097","0.0025173979","0.0027903739","0.018076","0.017591"
"195502","36.76","1.5533","2.8967","0.5931483235","0.0117","0.0293","0.0347","0.0292","0.0280446533","0.000900","0.0000000000","-0.0078","-0.0063","0.0006040311","0.0024695423","0.013526","0.005446"
"195503","36.58","1.5600","2.9600","0.6077617769","0.0128","0.0302","0.0348","0.0288","0.0279683419","0.001000","0.0000000000","0.0087","0.0092","0.0024825482","0.0028220555","-0.002242","-0.003851"
"195504","37.96","1.5633","3.0467","0.5849876659","0.0159","0.0301","0.0349","0.0290","0.0265096789","0.001000","0.0000000000","0.0001","-0.0001","0.0006280503","0.0012310804","0.039843","0.038885"
"195505","37.91","1.5667","3.1333","0.5860754131","0.0145","0.0304","0.0350","0.0287","0.0254187153","0.001400","0.0000000000","0.0073","-0.0018","0.0007450734","0.0014133625","0.006433","-0.001081"
"195506","41.03","1.5700","3.2200","0.5516416323","0.0141","0.0305","0.0351","0.0293","0.0253639323","0.001000","0.0000000000","-0.0076","0.0029","0.0006457441","0.0004541982","0.081300","0.079930"
"195507","43.52","1.5867","3.2933","0.5345068155","0.0160","0.0306","0.0352","0.0300","0.0247604416","0.001000","0.0037453184","-0.0102","-0.0041","0.0020821185","0.0006412637","0.057646","0.057068"
"195508","43.18","1.6033","3.3667","0.5318467256","0.0190","0.0311","0.0356","0.0301","0.0266710626","0.001600","0.0000000000","0.0004","-0.0038","0.0011204036","0.0005737484","-0.000648","-0.008313"
"195509","43.67","1.6200","3.4400","0.5336247911","0.0207","0.0313","0.0359","0.0298","0.0256339808","0.001600","0.0037313433","0.0073","0.0076","0.0057110808","0.0002063879","0.011286","0.010117"
"195510","42.34","1.6267","3.5000","0.5474091499","0.0223","0.0310","0.0359","0.0292","0.0251006866","0.001800","0.0000000000","0.0144","0.0078","0.0026798958","0.0006324088","-0.030468","-0.031000"
"195511","45.51","1.6333","3.5600","0.5152505897","0.0224","0.0310","0.0358","0.0295","0.0260337027","0.001700","0.0000000000","-0.0045","-0.0030","0.0019291618","0.0003727678","0.087825","0.075124"
"195512","45.48","1.6400","3.6200","0.5098280098","0.0254","0.0315","0.0362","0.0295","0.0252445499","0.001800","-0.0037174721","0.0037","0.0063","0.0004747032","0.0002437992","-0.000309","-0.001685"
"195601","43.82","1.6700","3.6433","0.5289544122","0.0241","0.0311","0.0360","0.0292","0.0264244771","0.002200","0.0000000000","0.0083","0.0104","0.0011799841","-0.0003975329","-0.035057","-0.036279"
"195602","45.34","1.7000","3.6667","0.5148351080","0.0232","0.0308","0.0358","0.0293","0.0241653443","0.001900","0.0000000000","-0.0002","0.0026","0.0011001472","0.0003637531","0.041397","0.034458"
"195603","48.48","1.7300","3.6900","0.5310771996","0.0225","0.0310","0.0360","0.0303","0.0266950684","0.001500","0.0000000000","-0.0149","-0.0146","0.0010088558","0.0007414979","0.070328","0.069226"
"195604","48.38","1.7533","3.6600","0.5266217159","0.0260","0.0324","0.0368","0.0311","0.0262137487","0.001900","0.0037313433","-0.0113","-0.0115","0.0008148994","0.0004518148","-0.000637","-0.001425"
"195605","45.20","1.7767","3.6300","0.5685597741","0.0261","0.0328","0.0373","0.0299","0.0293029826","0.002300","0.0037174721","0.0225","0.0052","0.0018364287","0.0005048084","-0.058414","-0.065976"
"195606","46.97","1.8000","3.6000","0.5515645927","0.0249","0.0326","0.0376","0.0299","0.0256715221","0.002000","0.0074074074","0.0027","-0.0018","0.0010370449","0.0009399364","0.038910","0.037762"
"195607","49.39","1.8133","3.5533","0.5249029567","0.0231","0.0328","0.0380","0.0313","0.0247536062","0.002200","0.0073529412","-0.0209","-0.0093","0.0004955763","0.0010155226","0.051427","0.050619"
"195608","47.51","1.8267","3.5067","0.5413911242","0.0260","0.0343","0.0393","0.0325","0.0238114833","0.001700","-0.0036496350","-0.0187","-0.0208","0.0012354053","0.0010104698","-0.032788","-0.039976"
"195609","45.35","1.8400","3.4600","0.5719095213","0.0284","0.0356","0.0407","0.0324","0.0293619492","0.001800","0.0036630037","0.0050","0.0012","0.0007877794","0.0013593543","-0.044022","-0.045127"
"195610","45.58","1.8067","3.4433","0.5664270084","0.0290","0.0359","0.0417","0.0329","0.0294573217","0.002500","0.0036496350","-0.0054","-0.0105","0.0016420105","0.0012720931","0.006619","0.005298"
"195611","45.08","1.7733","3.4267","0.5748974153","0.0299","0.0369","0.0424","0.0333","0.0270884577","0.002000","0.0000000000","-0.0057","-0.0126","0.0017315170","0.0015415947","-0.001921","-0.011161"
"195612","46.67","1.7400","3.4100","0.5441768274","0.0321","0.0375","0.0437","0.0345","0.0261493673","0.002400","0.0036363636","-0.0179","-0.0082","0.0010202756","0.0009698413","0.036284","0.034442"
"195701","44.72","1.7367","3.4067","0.5672426747","0.0311","0.0377","0.0449","0.0328","0.0279919939","0.002700","0.0000000000","0.0346","0.0197","0.0009019425","0.0007385817","-0.040238","-0.041569"
"195702","43.26","1.7333","3.4033","0.5849941888","0.0310","0.0367","0.0447","0.0328","0.0301728465","0.002400","0.0036231884","0.0025","0.0093","0.0010560402","0.0008273143","-0.024919","-0.032823"
"195703","44.11","1.7300","3.4000","0.5998188749","0.0308","0.0366","0.0443","0.0331","0.0265995947","0.002300","0.0036101083","-0.0024","0.0050","0.0003302976","0.0010540988","0.023827","0.020752"
"195704","45.74","1.7300","3.4067","0.5760983898","0.0307","0.0367","0.0444","0.0345","0.0274205931","0.002500","0.0035971223","-0.0222","-0.0066","0.0003024601","0.0021421117","0.046538","0.045215"
"195705","47.43","1.7300","3.4133","0.5640385796","0.0306","0.0374","0.0452","0.0348","0.0288486546","0.002600","0.0035842294","-0.0023","-0.0075","0.0004817712","0.0024221896","0.038734","0.033208"
"195706","47.37","1.7300","3.4200","0.5658765324","0.0329","0.0391","0.0463","0.0361","0.0305276914","0.002400","0.0035714286","-0.0180","-0.0322","0.0005786214","0.0021760295","-0.000705","-0.003632"
"195707","47.91","1.7400","3.4367","0.5600566349","0.0316","0.0399","0.0473","0.0365","0.0323460398","0.003000","0.0071174377","-0.0041","-0.0110","0.0005538677","0.0016312095","0.009747","0.008217"
"195708","45.22","1.7500","3.4533","0.5880045422","0.0337","0.0410","0.0482","0.0367","0.0358539895","0.002500","0.0000000000","0.0002","-0.0009","0.0021472482","0.0013495821","-0.048998","-0.054178"
"195709","42.42","1.7600","3.4700","0.6241507780","0.0353","0.0412","0.0493","0.0364","0.0343625225","0.002600","0.0000000000","0.0076","0.0095","0.0015171099","0.0011169848","-0.057879","-0.060609"
"195710","41.06","1.7700","3.4367","0.6457464176","0.0358","0.0410","0.0499","0.0369","0.0384097165","0.002900","0.0000000000","-0.0050","0.0023","0.0049360114","0.0011230130","-0.038834","-0.040549"
"195711","41.72","1.7800","3.4033","0.6330717763","0.0331","0.0408","0.0509","0.0340","0.0409898136","0.002800","0.0035335689","0.0533","0.0311","0.0034900785","0.0008040855","0.023703","0.016483"
"195712","39.99","1.7900","3.3700","0.6536757786","0.0304","0.0381","0.0503","0.0323","0.0348731470","0.002400","0.0000000000","0.0307","0.0685","0.0012514024","0.0006679271","-0.037422","-0.041021"
"195801","41.70","1.7833","3.2933","0.6328607617","0.0244","0.0360","0.0483","0.0330","0.0298961799","0.002800","0.0070422535","-0.0084","0.0099","0.0007844653","0.0002902673","0.045518","0.044330"
"195802","40.84","1.7767","3.2167","0.6473904346","0.0153","0.0359","0.0466","0.0325","0.0277510802","0.001200","0.0000000000","0.0100","-0.0008","0.0007362477","0.0006303059","-0.014109","-0.020288"
"195803","42.10","1.7700","3.1400","0.6685916376","0.0130","0.0363","0.0468","0.0321","0.0289353475","0.000900","0.0069930070","0.0102","-0.0046","0.0005192057","0.0001873211","0.033052","0.029736"
"195804","43.44","1.7567","3.0700","0.6552450314","0.0113","0.0360","0.0467","0.0311","0.0270182768","0.000800","0.0034722222","0.0186","0.0163","0.0007467616","0.0005917814","0.033511","0.032038"
"195805","44.09","1.7433","3.0000","0.6455586773","0.0091","0.0357","0.0462","0.0313","0.0228695103","0.001100","0.0000000000","0.0001","0.0031","0.0004331172","0.0003396730","0.021313","0.015503"
"195806","45.24","1.7300","2.9300","0.6246601698","0.0083","0.0357","0.0455","0.0324","0.0214366176","0.000300","0.0000000000","-0.0160","-0.0038","0.0004382024","0.0007577182","0.027998","0.024897"
"195807","47.19","1.7300","2.9133","0.5938487843","0.0091","0.0367","0.0453","0.0343","0.0169337992","0.000700","0.0034602076","-0.0278","-0.0153","0.0006956246","0.0009481393","0.043960","0.042418"
"195808","47.75","1.7300","2.8967","0.5872638264","0.0169","0.0385","0.0467","0.0371","0.0150906290","0.000400","-0.0034482759","-0.0435","-0.0320","0.0005889619","0.0012465824","0.017999","0.013270"
"195809","50.06","1.7300","2.8800","0.5613711966","0.0244","0.0409","0.0487","0.0380","0.0139834782","0.001900","0.0000000000","-0.0117","-0.0096","0.0005101803","0.0013977792","0.050837","0.047954"
"195810","51.33","1.7367","2.8833","0.5498692979","0.0263","0.0411","0.0492","0.0374","0.0122789133","0.001800","0.0000000000","0.0138","0.0107","0.0007934750","0.0011634523","0.027370","0.025878"
"195811","52.48","1.7433","2.8867","0.5358231981","0.0267","0.0409","0.0487","0.0368","0.0115349437","0.001100","0.0034602076","0.0120","0.0105","0.0015302103","0.0015285202","0.028617","0.023385"
"195812","55.21","1.7500","2.8900","0.5117793198","0.0277","0.0408","0.0485","0.0382","0.0236868316","0.002200","-0.0034482759","-0.0181","-0.0058","0.0007127719","0.0015858124","0.054112","0.051432"
"195901","55.42","1.7567","2.9633","0.5028958179","0.0282","0.0412","0.0487","0.0408","0.0277362661","0.002100","0.0034602076","-0.0080","-0.0028","0.0005848680","0.0017223872","0.006331","0.005395"
"195902","55.41","1.7633","3.0367","0.4949461475","0.0270","0.0414","0.0489","0.0402","0.0278988473","0.001900","-0.0034482759","0.0117","0.0126","0.0008447335","0.0019450270","0.006711","0.002210"
"195903","55.44","1.7700","3.1100","0.5168602815","0.0280","0.0413","0.0485","0.0403","0.0249843896","0.002200","0.0000000000","0.0017","-0.0083","0.0004915081","0.0017683065","0.003352","0.000826"
"195904","57.59","1.7767","3.2067","0.4985971944","0.0295","0.0423","0.0486","0.0414","0.0243605696","0.002000","0.0034602076","-0.0117","-0.0172","0.0004925502","0.0013570631","0.040054","0.039093"
"195905","58.68","1.7833","3.3033","0.4830767797","0.0284","0.0437","0.0496","0.0417","0.0258872339","0.002200","0.0000000000","-0.0005","-0.0114","0.0004278009","0.0019126436","0.023631","0.019043"
"195906","58.47","1.7900","3.4000","0.4832193909","0.0321","0.0446","0.0504","0.0419","0.0268820744","0.002500","0.0034482759","0.0010","0.0044","0.0009150702","0.0019170919","-0.000725","-0.003196"
"195907","60.51","1.7967","3.4100","0.4608226648","0.0320","0.0447","0.0508","0.0417","0.0271413721","0.002500","0.0034364261","0.0060","0.0089","0.0004877960","0.0015859289","0.034504","0.033514"
"195908","59.60","1.8033","3.4200","0.4680844659","0.0338","0.0443","0.0509","0.0423","0.0281461307","0.001900","0.0000000000","-0.0041","-0.0068","0.0010696993","0.0014395527","-0.011076","-0.015179"
"195909","56.88","1.8100","3.4300","0.4923378926","0.0404","0.0452","0.0518","0.0429","0.0305283913","0.003100","0.0034246575","-0.0057","-0.0088","0.0017098448","0.0013970167","-0.043182","-0.045586"
"195910","57.52","1.8167","3.4167","0.4809774204","0.0405","0.0457","0.0528","0.0421","0.0310201805","0.003000","0.0034129693","0.0150","0.0165","0.0006181833","0.0013316314","0.012574","0.011436"
"195911","58.28","1.8233","3.4033","0.4717982949","0.0415","0.0456","0.0526","0.0432","0.0297223804","0.002600","0.0000000000","-0.0119","0.0135","0.0004996927","0.0015158997","0.018486","0.013114"
"195912","59.89","1.8300","3.3900","0.4577837965","0.0449","0.0458","0.0528","0.0447","0.0228563041","0.003400","0.0000000000","-0.0159","-0.0096","0.0003075435","0.0009753718","0.029627","0.026911"
"196001","55.61","1.8667","3.3900","0.4995021040","0.0435","0.0461","0.0534","0.0441","0.0221161675","0.003300","-0.0034013605","0.0112","0.0107","0.0009194175","0.0008885522","-0.069933","-0.070835"
"196002","56.12","1.9033","3.3900","0.4935567828","0.0396","0.0456","0.0534","0.0429","0.0240374940","0.002900","0.0034129693","0.0204","0.0128","0.0011502458","0.0006608482","0.013922","0.009129"
"196003","55.34","1.9400","3.3900","0.5497980830","0.0331","0.0449","0.0525","0.0411","0.0255934100","0.003500","0.0000000000","0.0282","0.0191","0.0009691465","0.0003609823","-0.012566","-0.015238"
"196004","54.37","1.9433","3.3467","0.5634036895","0.0323","0.0445","0.0520","0.0426","0.0255771333","0.001900","0.0034013605","-0.0170","-0.0022","0.0006451661","0.0001214867","-0.016113","-0.017097"
"196005","55.83","1.9467","3.3033","0.5419664269","0.0329","0.0446","0.0528","0.0417","0.0244143755","0.002700","0.0000000000","0.0152","-0.0021","0.0004235585","-0.0000357588","0.033513","0.028312"
"196006","56.92","1.9500","3.2600","0.5291748619","0.0246","0.0445","0.0526","0.0407","0.0242699263","0.002400","0.0033898305","0.0173","0.0141","0.0004989479","-0.0000042243","0.021802","0.019133"
"196007","55.51","1.9500","3.2633","0.5496732768","0.0230","0.0441","0.0522","0.0382","0.0257784868","0.001300","0.0000000000","0.0368","0.0257","0.0009778200","-0.0004485976","-0.022948","-0.023813"
"196008","56.96","1.9500","3.2667","0.5415421972","0.0230","0.0428","0.0508","0.0390","0.0251955351","0.001700","0.0000000000","-0.0067","0.0117","0.0006369674","-0.0007714297","0.031467","0.026197"
"196009","53.52","1.9500","3.2700","0.5843417106","0.0248","0.0425","0.0501","0.0387","0.0283124670","0.001600","0.0000000000","0.0075","-0.0063","0.0017716222","-0.0011943574","-0.058713","-0.060920"
"196010","53.39","1.9500","3.2700","0.5841202013","0.0230","0.0430","0.0511","0.0391","0.0278237978","0.002200","0.0067567568","-0.0028","0.0008","0.0010487146","-0.0008968794","-0.001079","-0.002407"
"196011","55.54","1.9500","3.2700","0.5676300191","0.0237","0.0431","0.0508","0.0399","0.0260342130","0.001300","0.0000000000","-0.0066","-0.0070","0.0006686740","-0.0009552783","0.046081","0.039977"
"196012","58.11","1.9500","3.2700","0.5504229651","0.0225","0.0435","0.0510","0.0380","0.0227613608","0.001600","0.0000000000","0.0279","0.0104","0.0004503055","-0.0013625136","0.048839","0.046597"
"196101","61.78","1.9467","3.2100","0.5229867325","0.0224","0.0432","0.0510","0.0404","0.0218153361","0.001900","0.0000000000","-0.0107","0.0148","0.0007411237","-0.0013306273","0.064320","0.063181"
"196102","63.44","1.9433","3.1500","0.5120227163","0.0242","0.0427","0.0507","0.0392","0.0194199043","0.001400","0.0000000000","0.0200","0.0210","0.0005474594","-0.0012541776","0.032838","0.028612"
"196103","65.06","1.9400","3.0900","0.5466798694","0.0239","0.0422","0.0502","0.0397","0.0227375905","0.002000","0.0000000000","-0.0037","-0.0029","0.0004149412","-0.0012149657","0.029345","0.027051"
"196104","65.31","1.9400","3.0700","0.5450044938","0.0229","0.0425","0.0501","0.0391","0.0232592500","0.001700","0.0000000000","0.0115","-0.0116","0.0010092086","-0.0015040745","0.004537","0.003843"
"196105","66.56","1.9400","3.0500","0.5309162935","0.0229","0.0427","0.0501","0.0397","0.0224656554","0.001800","0.0000000000","-0.0046","0.0049","0.0004043434","-0.0014627354","0.023553","0.018924"
"196106","64.64","1.9400","3.0300","0.5408211006","0.0233","0.0433","0.0503","0.0404","0.0224821258","0.002000","0.0000000000","-0.0075","-0.0080","0.0005489074","-0.0011481273","-0.026673","-0.028725"
"196107","66.76","1.9467","3.0367","0.5244056311","0.0224","0.0441","0.0509","0.0404","0.0251796276","0.001800","0.0067114094","0.0035","0.0040","0.0006283737","-0.0015422544","0.033795","0.033119"
"196108","68.07","1.9533","3.0433","0.5137928161","0.0239","0.0445","0.0511","0.0410","0.0254259102","0.001400","-0.0033333333","-0.0038","-0.0018","0.0004062151","-0.0019986084","0.024730","0.019511"
"196109","66.73","1.9600","3.0500","0.5275167211","0.0228","0.0445","0.0512","0.0403","0.0249633869","0.001700","0.0033444816","0.0129","0.0144","0.0008224996","-0.0022923683","-0.018674","-0.019877"
"196110","68.62","1.9800","3.0967","0.5254858507","0.0230","0.0442","0.0513","0.0400","0.0258359089","0.001900","0.0000000000","0.0071","0.0127","0.0002675088","-0.0020361304","0.028175","0.026791"
"196111","71.32","2.0000","3.1433","0.5126108647","0.0248","0.0439","0.0511","0.0404","0.0255706129","0.001500","0.0000000000","-0.0020","0.0028","0.0003603902","-0.0020734466","0.045226","0.039324"
"196112","71.55","2.0200","3.1900","0.5059222584","0.0260","0.0442","0.0510","0.0415","0.0223242879","0.001900","0.0000000000","-0.0125","-0.0026","0.0003369015","-0.0022107435","0.004696","0.003465"
"196201","68.84","2.0267","3.2500","0.5284285714","0.0272","0.0442","0.0508","0.0419","0.0247213553","0.002400","0.0000000000","-0.0014","0.0080","0.0008115307","-0.0022987448","-0.037356","-0.038692"
"196202","69.96","2.0333","3.3100","0.5224207330","0.0273","0.0442","0.0507","0.0414","0.0287833809","0.002000","0.0033333333","0.0103","0.0052","0.0002650967","-0.0022097278","0.020592","0.016147"
"196203","69.55","2.0400","3.3700","0.5457245916","0.0272","0.0439","0.0504","0.0398","0.0240753041","0.002000","0.0000000000","0.0253","0.0151","0.0002794921","-0.0028841357","-0.003842","-0.005137"
"196204","65.24","2.0467","3.4033","0.5798626246","0.0273","0.0433","0.0502","0.0394","0.0251520924","0.002200","0.0033222591","0.0082","0.0142","0.0010196908","-0.0023948455","-0.061743","-0.062443"
"196205","59.63","2.0533","3.4367","0.6289943915","0.0269","0.0428","0.0500","0.0393","0.0277223552","0.002400","0.0000000000","0.0046","0.0000","0.0109148391","-0.0029059114","-0.079847","-0.085499"
"196206","54.75","2.0600","3.4700","0.6873574686","0.0273","0.0428","0.0502","0.0401","0.0264554418","0.002000","0.0000000000","-0.0076","-0.0026","0.0061611302","-0.0027952766","-0.080669","-0.082222"
"196207","58.23","2.0667","3.4900","0.6452260298","0.0292","0.0434","0.0505","0.0412","0.0304859039","0.002700","0.0033112583","-0.0109","-0.0015","0.0018434772","-0.0025626272","0.065203","0.063969"
"196208","59.12","2.0733","3.5100","0.6333103516","0.0282","0.0435","0.0506","0.0401","0.0293287512","0.002300","0.0000000000","0.0187","0.0143","0.0008019519","-0.0027495972","0.021669","0.015803"
"196209","56.27","2.0800","3.5300","0.6663442606","0.0278","0.0432","0.0503","0.0398","0.0306016141","0.002100","0.0033003300","0.0061","0.0089","0.0011769981","-0.0029218017","-0.048816","-0.050259"
"196210","56.52","2.0967","3.5767","0.6541533140","0.0274","0.0428","0.0499","0.0395","0.0280945039","0.002500","0.0000000000","0.0084","0.0068","0.0034521082","-0.0022837634","0.008313","0.006405"
"196211","62.26","2.1133","3.6233","0.5941783459","0.0283","0.0425","0.0496","0.0396","0.0248105069","0.002000","0.0000000000","0.0021","0.0062","0.0012747828","-0.0028195340","0.108268","0.100528"
"196212","63.10","2.1300","3.6700","0.5916270511","0.0287","0.0424","0.0492","0.0395","0.0199680704","0.002300","0.0000000000","0.0035","0.0023","0.0005438823","-0.0027965748","0.015534","0.014040"
"196301","66.20","2.1367","3.6833","0.5649849894","0.0291","0.0421","0.0491","0.0398","0.0171362735","0.002500","0.0000000000","-0.0001","0.0059","0.0006997698","-0.0030502697","0.050367","0.048957"
"196302","64.29","2.1433","3.6967","0.5819531179","0.0292","0.0419","0.0489","0.0400","0.0132367896","0.002300","0.0000000000","0.0008","0.0023","0.0003921329","-0.0030897221","-0.024189","-0.029164"
"196303","66.57","2.1500","3.7100","0.5875285706","0.0289","0.0419","0.0488","0.0401","0.0143801710","0.002300","0.0032894737","0.0009","0.0026","0.0003599355","-0.0029958802","0.036581","0.035156"
"196304","69.80","2.1667","3.7533","0.5587292741","0.0290","0.0421","0.0487","0.0405","0.0151994274","0.002500","0.0000000000","-0.0012","-0.0051","0.0003221604","-0.0026662205","0.049070","0.048177"
"196305","70.80","2.1833","3.7967","0.5516121932","0.0293","0.0422","0.0485","0.0406","0.0146485330","0.002400","0.0000000000","0.0023","0.0048","0.0003036557","-0.0027292359","0.019674","0.013844"
"196306","69.37","2.2000","3.8400","0.5672815754","0.0299","0.0423","0.0484","0.0407","0.0182632029","0.002300","0.0032786885","0.0019","0.0043","0.0002610984","-0.0027715822","-0.018605","-0.019806"
"196307","69.13","2.2033","3.8800","0.5766216585","0.0318","0.0426","0.0484","0.0407","0.0093187320","0.002700","0.0032679739","0.0031","0.0028","0.0005297971","-0.0020389843","-0.001821","-0.003131"
"196308","72.50","2.2067","3.9200","0.5498272363","0.0332","0.0429","0.0483","0.0408","0.0095200761","0.002500","0.0000000000","0.0021","0.0035","0.0003269086","-0.0019554685","0.053466","0.048496"
"196309","71.70","2.2100","3.9600","0.5472236248","0.0338","0.0431","0.0484","0.0410","0.0103132620","0.002700","0.0000000000","0.0004","-0.0023","0.0003299103","-0.0015243919","-0.010402","-0.011579"
"196310","74.01","2.2333","3.9800","0.5309640772","0.0345","0.0432","0.0483","0.0415","0.0102799661","0.002900","0.0032573290","-0.0026","0.0049","0.0005035319","-0.0017563594","0.034825","0.033290"
"196311","73.23","2.2567","4.0000","0.5342962213","0.0352","0.0433","0.0484","0.0414","0.0060125452","0.002700","0.0000000000","0.0051","0.0015","0.0031101657","-0.0017575761","-0.004487","-0.011085"
"196312","75.02","2.2800","4.0200","0.5255914542","0.0352","0.0435","0.0485","0.0417","0.0089547303","0.002900","0.0032467532","-0.0006","-0.0034","0.0002735667","-0.0014968686","0.026065","0.024651"
"196401","77.04","2.2967","4.0733","0.5106068709","0.0352","0.0439","0.0483","0.0421","0.0142935705","0.003000","0.0000000000","-0.0014","0.0087","0.0001833411","-0.0017279613","0.027391","0.026373"
"196402","77.80","2.3133","4.1267","0.5011622966","0.0353","0.0436","0.0483","0.0424","0.0174079186","0.002600","0.0000000000","-0.0011","0.0054","0.0000716995","-0.0014884159","0.017015","0.012171"
"196403","78.98","2.3300","4.1800","0.5236754417","0.0354","0.0438","0.0483","0.0424","0.0177832391","0.003100","0.0000000000","0.0037","-0.0062","0.0001147114","-0.0018579462","0.017232","0.015814"
"196404","79.46","2.3467","4.2300","0.5253031069","0.0347","0.0440","0.0485","0.0423","0.0207680034","0.002900","0.0000000000","0.0047","0.0040","0.0002547552","-0.0019835029","0.006192","0.005297"
"196405","80.37","2.3633","4.2800","0.5190357804","0.0348","0.0441","0.0485","0.0422","0.0211793163","0.002600","0.0000000000","0.0050","0.0057","0.0002257771","-0.0019289225","0.016815","0.011460"
"196406","81.69","2.3800","4.3300","0.5122068551","0.0348","0.0441","0.0485","0.0419","0.0205029799","0.003000","0.0032362460","0.0069","0.0048","0.0003978509","-0.0019886295","0.018084","0.016779"
"196407","83.18","2.4000","4.3767","0.5063607181","0.0346","0.0440","0.0483","0.0421","0.0213126914","0.003000","0.0032258065","0.0008","0.0052","0.0001989067","-0.0022379109","0.018910","0.017953"
"196408","81.83","2.4200","4.4233","0.5079429444","0.0350","0.0441","0.0482","0.0423","0.0206966751","0.002800","-0.0032154341","0.0020","0.0037","0.0004259263","-0.0018720556","-0.011621","-0.016285"
"196409","84.18","2.4400","4.4700","0.4865371214","0.0353","0.0442","0.0482","0.0421","0.0204031456","0.002800","0.0032258065","0.0050","0.0021","0.0001704974","-0.0019531682","0.030399","0.029022"
"196410","84.86","2.4600","4.4967","0.4878132588","0.0357","0.0442","0.0481","0.0421","0.0201157932","0.002900","0.0000000000","0.0043","0.0050","0.0001870439","-0.0022257355","0.008745","0.007566"
"196411","84.42","2.4800","4.5233","0.4865037753","0.0364","0.0443","0.0481","0.0422","0.0191674784","0.002900","0.0032154341","0.0017","-0.0004","0.0002128659","-0.0024802459","0.001598","-0.004588"
"196412","84.75","2.5000","4.5500","0.4872273003","0.0384","0.0444","0.0481","0.0423","0.0230953694","0.003100","0.0000000000","0.0030","0.0088","0.0003512133","-0.0023805734","0.005228","0.003803"
"196501","87.56","2.5167","4.5933","0.4717231907","0.0381","0.0443","0.0480","0.0422","0.0179038005","0.002800","0.0000000000","0.0040","0.0081","0.0001658128","-0.0022007442","0.034791","0.033837"
"196502","87.43","2.5333","4.6367","0.4713994776","0.0393","0.0441","0.0478","0.0424","0.0148232673","0.003000","0.0000000000","0.0014","0.0009","0.0003931965","-0.0022017761","0.003746","-0.000853"
"196503","86.16","2.5500","4.6800","0.4694899050","0.0393","0.0442","0.0478","0.0422","0.0191342809","0.003600","0.0032051282","0.0054","0.0012","0.0001446203","-0.0021373681","-0.012213","-0.013685"
"196504","89.11","2.5700","4.7333","0.4525593347","0.0393","0.0443","0.0480","0.0422","0.0147225723","0.003100","0.0031948882","0.0036","0.0021","0.0001627597","-0.0021429735","0.035612","0.034769"
"196505","88.42","2.5900","4.7867","0.4546642848","0.0389","0.0444","0.0481","0.0423","0.0162450566","0.003100","0.0000000000","0.0018","-0.0008","0.0003337640","-0.0025656153","-0.003122","-0.008354"
"196506","84.12","2.6100","4.8400","0.4808589565","0.0380","0.0446","0.0485","0.0423","0.0175512226","0.003500","0.0063694268","0.0047","0.0003","0.0018293746","-0.0023808197","-0.046880","-0.048367"
"196507","85.25","2.6267","4.8867","0.4733821762","0.0384","0.0448","0.0488","0.0424","0.0156274939","0.003100","0.0000000000","0.0022","0.0019","0.0005218656","-0.0019181837","0.014486","0.013678"
"196508","87.17","2.6433","4.9333","0.4673608778","0.0384","0.0449","0.0488","0.0428","0.0156011883","0.003300","0.0000000000","-0.0013","-0.0006","0.0001075344","-0.0017357486","0.027560","0.022473"
"196509","89.96","2.6600","4.9800","0.4485374713","0.0392","0.0452","0.0491","0.0433","0.0168953899","0.003100","0.0000000000","-0.0034","-0.0015","0.0002991012","-0.0013951451","0.033366","0.032034"
"196510","92.42","2.6800","5.0500","0.4344205991","0.0403","0.0456","0.0493","0.0433","0.0174641930","0.003100","0.0031645570","0.0027","0.0046","0.0001883791","-0.0009985541","0.028812","0.027737"
"196511","91.61","2.7000","5.1200","0.4408953111","0.0409","0.0460","0.0495","0.0441","0.0207624998","0.003500","0.0000000000","-0.0062","-0.0057","0.0001414189","-0.0010197298","-0.003821","-0.010306"
"196512","92.43","2.7200","5.1900","0.4306378062","0.0438","0.0468","0.0502","0.0450","0.0208375187","0.003300","0.0031545741","-0.0078","-0.0149","0.0003013655","-0.0008128875","0.010349","0.009059"
"196601","92.88","2.7400","5.2400","0.4243983284","0.0459","0.0474","0.0506","0.0457","0.0202786269","0.003800","0.0000000000","-0.0104","0.0022","0.0001518044","-0.0005397620","0.005705","0.004874"
"196602","91.22","2.7600","5.2900","0.4384960447","0.0465","0.0478","0.0512","0.0477","0.0200259742","0.003500","0.0062893082","-0.0250","-0.0113","0.0003370655","-0.0007936956","-0.012750","-0.017548"
"196603","89.23","2.7800","5.3400","0.4901759356","0.0459","0.0492","0.0532","0.0460","0.0167881795","0.003800","0.0031250000","0.0296","-0.0059","0.0009310079","-0.0004888765","-0.023041","-0.024608"
"196604","91.06","2.7967","5.3800","0.4854982435","0.0462","0.0496","0.0541","0.0467","0.0156362514","0.003400","0.0062305296","-0.0063","0.0013","0.0003512647","-0.0007768574","0.022158","0.021250"
"196605","86.13","2.8133","5.4200","0.5127422037","0.0464","0.0498","0.0548","0.0473","0.0159456010","0.004100","0.0000000000","-0.0059","-0.0026","0.0019354754","-0.0004207456","-0.049140","-0.054645"
"196606","84.74","2.8300","5.4600","0.5209746006","0.0450","0.0507","0.0558","0.0477","0.0171229559","0.003800","0.0030959752","-0.0016","0.0030","0.0005012069","-0.0006660165","-0.014380","-0.015904"
"196607","83.60","2.8500","5.4767","0.5349430008","0.0480","0.0516","0.0568","0.0482","0.0186412636","0.003500","0.0030864198","-0.0037","-0.0098","0.0010137845","-0.0010224731","-0.012129","-0.013039"
"196608","77.10","2.8700","5.4933","0.5749546556","0.0496","0.0531","0.0583","0.0499","0.0214702713","0.004100","0.0061538462","-0.0206","-0.0259","0.0031652347","-0.0011670140","-0.071650","-0.077487"
"196609","76.56","2.8900","5.5100","0.5854924957","0.0537","0.0549","0.0609","0.0480","0.0169844585","0.004000","0.0000000000","0.0332","0.0078","0.0016003107","-0.0017065219","-0.006244","-0.007692"
"196610","80.20","2.8833","5.5233","0.5616613181","0.0535","0.0541","0.0610","0.0467","0.0151840797","0.004500","0.0061162080","0.0228","0.0261","0.0025467766","-0.0013716259","0.048333","0.047244"
"196611","80.45","2.8767","5.5367","0.5726449298","0.0532","0.0535","0.0613","0.0480","0.0175496373","0.004000","0.0000000000","-0.0148","-0.0020","0.0007744163","-0.0011406594","0.011223","0.003741"
"196612","80.33","2.8700","5.5500","0.5769451056","0.0496","0.0539","0.0618","0.0455","0.0172076295","0.004000","0.0000000000","0.0413","0.0201","0.0006269421","-0.0000498789","0.000326","-0.001089"
"196701","86.61","2.8800","5.5167","0.5333631411","0.0472","0.0520","0.0597","0.0448","0.0156975215","0.004300","0.0000000000","0.0154","0.0450","0.0007334878","0.0002491782","0.079215","0.077723"
"196702","86.78","2.8900","5.4833","0.5400478931","0.0456","0.0503","0.0582","0.0465","0.0177009311","0.003600","0.0000000000","-0.0221","-0.0201","0.0004124037","0.0005552564","0.007514","0.002420"
"196703","90.20","2.9000","5.4500","0.5495507979","0.0426","0.0513","0.0585","0.0455","0.0149212351","0.003900","0.0030395137","0.0198","0.0117","0.0005011362","0.0007180707","0.041137","0.039544"
"196704","94.01","2.9000","5.4100","0.5305166936","0.0384","0.0511","0.0583","0.0477","0.0150458766","0.003200","0.0030303030","-0.0291","-0.0071","0.0008370969","0.0005834677","0.043371","0.042544"
"196705","89.08","2.9000","5.3700","0.5582011823","0.0360","0.0524","0.0596","0.0482","0.0114640939","0.003300","0.0030211480","-0.0039","-0.0254","0.0008903396","0.0013629683","-0.046810","-0.052314"
"196706","90.64","2.9000","5.3300","0.5532048450","0.0354","0.0544","0.0615","0.0507","0.0101528235","0.002700","0.0030120482","-0.0312","-0.0223","0.0010707328","0.0017294553","0.019319","0.018015"
"196707","94.75","2.9067","5.3200","0.5262983279","0.0421","0.0558","0.0626","0.0505","0.0066870035","0.003100","0.0030030030","0.0068","0.0041","0.0002184469","0.0016540993","0.046454","0.045623"
"196708","93.64","2.9133","5.3100","0.5280209478","0.0427","0.0562","0.0633","0.0514","0.0058413147","0.003100","0.0029940120","-0.0084","-0.0007","0.0002966179","0.0020824119","-0.006824","-0.012197"
"196709","96.71","2.9200","5.3000","0.5135648458","0.0442","0.0565","0.0640","0.0517","0.0055998163","0.003200","0.0029850746","-0.0004","0.0094","0.0003585438","0.0022640229","0.033815","0.032597"
"196710","93.90","2.9200","5.3100","0.5409552822","0.0456","0.0582","0.0652","0.0549","0.0037152213","0.003900","0.0029761905","-0.0400","-0.0281","0.0004449025","0.0022940724","-0.027448","-0.028701"
"196711","94.00","2.9200","5.3200","0.5433826972","0.0473","0.0607","0.0672","0.0567","0.0027729982","0.003600","0.0029673591","-0.0196","-0.0272","0.0009547825","0.0028493145","0.006435","0.000533"
"196712","96.47","2.9200","5.3300","0.5257924451","0.0497","0.0619","0.0693","0.0556","0.0143611100","0.003300","0.0029585799","0.0192","0.0127","0.0002708992","0.0029522247","0.027079","0.025857"
"196801","92.24","2.9300","5.3667","0.5563023835","0.0500","0.0617","0.0684","0.0536","0.0128542354","0.004000","0.0058997050","0.0328","0.0361","0.0004833189","0.0025043814","-0.041875","-0.043523"
"196802","89.36","2.9400","5.4033","0.5662105889","0.0498","0.0610","0.0680","0.0542","0.0104508102","0.003900","0.0029325513","-0.0033","0.0037","0.0008204453","0.0025561893","-0.026900","-0.031973"
"196803","90.20","2.9500","5.4400","0.5668098065","0.0517","0.0611","0.0685","0.0560","0.0126772459","0.003800","0.0029239766","-0.0212","-0.0197","0.0013954810","0.0034032192","0.009696","0.008585"
"196804","97.59","2.9633","5.4833","0.5223520642","0.0538","0.0621","0.0697","0.0547","0.0081402394","0.004300","0.0029154519","0.0227","0.0048","0.0016075746","0.0036993101","0.084092","0.082642"
"196805","98.68","2.9767","5.5267","0.5300333704","0.0566","0.0627","0.0703","0.0547","0.0106465009","0.004500","0.0029069767","0.0043","0.0032","0.0003865310","0.0029648972","0.016374","0.011104"
"196806","99.58","2.9900","5.5700","0.5307418133","0.0552","0.0628","0.0707","0.0534","0.0120901814","0.004300","0.0057971014","0.0230","0.0122","0.0004995047","0.0026268741","0.009916","0.008695"
"196807","97.74","3.0033","5.6000","0.5396375991","0.0531","0.0624","0.0698","0.0517","0.0138855278","0.004800","0.0057636888","0.0289","0.0341","0.0007566193","0.0026163853","-0.017444","-0.018664"
"196808","98.86","3.0167","5.6300","0.5318021004","0.0509","0.0602","0.0682","0.0520","0.0180351377","0.004200","0.0028653295","-0.0003","0.0206","0.0003164034","0.0028815826","0.016415","0.011259"
"196809","102.67","3.0300","5.6600","0.5091954391","0.0519","0.0597","0.0679","0.0531","0.0182871234","0.004300","0.0028571429","-0.0102","-0.0053","0.0002682317","0.0024118186","0.039351","0.038210"
"196810","103.41","3.0433","5.6933","0.5003202470","0.0535","0.0609","0.0684","0.0543","0.0194101820","0.004400","0.0056980057","-0.0132","-0.0160","0.0002684030","0.0025471290","0.008587","0.006751"
"196811","108.37","3.0567","5.7267","0.4837170585","0.0545","0.0619","0.0701","0.0566","0.0211887855","0.004200","0.0028328612","-0.0269","-0.0226","0.0002629658","0.0024623206","0.053580","0.048659"
"196812","103.86","3.0700","5.7600","0.5049006623","0.0596","0.0645","0.0723","0.0598","0.0319614467","0.004300","0.0028248588","-0.0363","-0.0233","0.0003339751","0.0023475611","-0.040826","-0.042141"
"196901","103.01","3.0800","5.7800","0.5036731674","0.0614","0.0659","0.0732","0.0617","0.0365244924","0.005300","0.0028169014","-0.0206","0.0139","0.0006067703","0.0021968795","-0.007547","-0.008612"
"196902","98.13","3.0900","5.8000","0.5263971896","0.0612","0.0666","0.0730","0.0618","0.0413173288","0.004600","0.0056179775","0.0042","-0.0160","0.0005955963","0.0023357287","-0.042321","-0.047384"
"196903","101.51","3.1000","5.8200","0.5570402360","0.0602","0.0685","0.0751","0.0620","0.0395080039","0.004600","0.0083798883","0.0010","-0.0200","0.0005416310","0.0022973853","0.034847","0.033599"
"196904","103.69","3.1100","5.8267","0.5484224042","0.0611","0.0689","0.0754","0.0593","0.0442909517","0.005300","0.0055401662","0.0427","0.0335","0.0005504122","0.0018842739","0.022771","0.021449"
"196905","103.46","3.1200","5.8333","0.5558044285","0.0604","0.0679","0.0752","0.0635","0.0440056458","0.004800","0.0027548209","-0.0490","-0.0227","0.0004268974","0.0015768490","0.003854","-0.001862"
"196906","97.71","3.1300","5.8400","0.5967773337","0.0644","0.0698","0.0770","0.0623","0.0451527603","0.005100","0.0054945055","0.0214","0.0035","0.0007522369","0.0011927635","-0.054357","-0.055686"
"196907","91.83","3.1367","5.8567","0.6390179896","0.0700","0.0708","0.0784","0.0621","0.0511608862","0.005300","0.0054644809","0.0079","0.0005","0.0023056500","0.0015607611","-0.058632","-0.059919"
"196908","95.51","3.1433","5.8733","0.6227889856","0.0698","0.0697","0.0786","0.0630","0.0469147527","0.005000","0.0054347826","-0.0069","-0.0020","0.0009182338","0.0014767373","0.045728","0.040180"
"196909","93.12","3.1500","5.8900","0.6408884625","0.0709","0.0714","0.0805","0.0677","0.0483912244","0.006200","0.0027027027","-0.0531","-0.0244","0.0008915878","0.0021746674","-0.023941","-0.025285"
"196910","97.24","3.1533","5.8533","0.6087687940","0.0700","0.0733","0.0822","0.0653","0.0486302811","0.006000","0.0053908356","0.0365","0.0127","0.0007537233","0.0018446799","0.046900","0.044661"
"196911","93.81","3.1567","5.8167","0.6415117567","0.0724","0.0735","0.0825","0.0676","0.0479040093","0.005200","0.0053619303","-0.0243","-0.0471","0.0005091362","0.0015408249","-0.029152","-0.034433"
"196912","92.06","3.1600","5.7800","0.6510820131","0.0782","0.0772","0.0865","0.0687","0.0342737833","0.006400","0.0053333333","-0.0068","-0.0134","0.0011635548","0.0008222518","-0.016922","-0.018365"
"197001","85.02","3.1633","5.7300","0.7003467462","0.0787","0.0791","0.0886","0.0693","0.0344732080","0.006000","0.0026525199","-0.0021","0.0141","0.0010670973","0.0009076075","-0.075398","-0.076809"
"197002","89.50","3.1667","5.6800","0.6701475070","0.0713","0.0793","0.0878","0.0651","0.0358552170","0.006200","0.0052910053","0.0587","0.0401","0.0010587117","0.0003789185","0.059521","0.053615"
"197003","89.63","3.1700","5.6300","0.6903267691","0.0663","0.0784","0.0863","0.0661","0.0358415812","0.005700","0.0052631579","-0.0068","-0.0045","0.0009635390","-0.0004314362","0.002806","0.001232"
"197004","81.52","3.1733","5.5933","0.7367505808","0.0651","0.0783","0.0870","0.0699","0.0357121248","0.005000","0.0078534031","-0.0413","-0.0250","0.0016146770","0.0004939943","-0.088831","-0.090035"
"197005","76.55","3.1767","5.5567","0.7742276283","0.0684","0.0811","0.0898","0.0743","0.0386610283","0.005300","0.0025974026","-0.0468","-0.0163","0.0081518544","-0.0002376260","-0.054689","-0.061112"
"197006","72.72","3.1800","5.5200","0.7933814171","0.0668","0.0848","0.0925","0.0709","0.0422907479","0.005800","0.0051813472","0.0486","0.0001","0.0026519110","-0.0002522946","-0.049032","-0.050902"
"197007","78.05","3.1833","5.4667","0.7387075682","0.0645","0.0844","0.0940","0.0687","0.0430738217","0.005200","0.0051546392","0.0319","0.0556","0.0021264764","0.0003278095","0.075523","0.073219"
"197008","81.52","3.1867","5.4133","0.7092782966","0.0641","0.0813","0.0944","0.0694","0.0387292526","0.005300","0.0000000000","-0.0019","0.0100","0.0018871043","0.0015175963","0.049778","0.043782"
"197009","84.21","3.1900","5.3600","0.7129147605","0.0612","0.0809","0.0939","0.0680","0.0379424193","0.005400","0.0051282051","0.0228","0.0139","0.0010579649","0.0008756970","0.034702","0.033021"
"197010","83.25","3.1733","5.2833","0.7176982835","0.0591","0.0803","0.0933","0.0693","0.0369624911","0.004600","0.0051020408","-0.0109","-0.0096","0.0010433957","0.0006240190","-0.009032","-0.011639"
"197011","87.20","3.1567","5.2067","0.6829200720","0.0528","0.0805","0.0938","0.0637","0.0352249280","0.004600","0.0050761421","0.0791","0.0584","0.0008854536","0.0005711349","0.054387","0.048836"
"197012","92.15","3.1400","5.1300","0.6464263577","0.0487","0.0764","0.0912","0.0648","0.0314617074","0.004200","0.0050505051","-0.0084","0.0372","0.0005351999","0.0015125012","0.058684","0.057358"
"197101","95.88","3.1300","5.1600","0.6244099021","0.0444","0.0736","0.0874","0.0612","0.0305931302","0.003800","0.0000000000","0.0506","0.0532","0.0005410309","0.0016976254","0.042828","0.041500"
"197102","96.75","3.1200","5.1900","0.6170704232","0.0370","0.0708","0.0839","0.0629","0.0258013751","0.003300","0.0025125628","-0.0163","-0.0366","0.0004514536","0.0018948256","0.013317","0.008152"
"197103","100.31","3.1100","5.2200","0.6338113825","0.0338","0.0721","0.0846","0.0593","0.0263988451","0.003000","0.0025062657","0.0526","0.0258","0.0004927194","0.0021051754","0.039068","0.037624"
"197104","103.95","3.1067","5.2533","0.6086541014","0.0386","0.0725","0.0845","0.0619","0.0265569787","0.002800","0.0025000000","-0.0283","-0.0236","0.0003075549","0.0020432328","0.036965","0.035789"
"197105","99.63","3.1033","5.2867","0.6314096562","0.0414","0.0753","0.0862","0.0624","0.0297225774","0.002900","0.0049875312","-0.0006","-0.0161","0.0005392763","0.0018246132","-0.037150","-0.042138"
"197106","99.70","3.1000","5.3200","0.6432210427","0.0475","0.0764","0.0875","0.0641","0.0272784983","0.003700","0.0074441687","-0.0159","0.0107","0.0009245396","0.0013777546","0.002439","0.001061"
"197107","95.58","3.0967","5.3567","0.6677306245","0.0540","0.0764","0.0876","0.0643","0.0257963205","0.004000","0.0024630542","0.0030","-0.0025","0.0005184344","0.0015360273","-0.040827","-0.041901"
"197108","99.03","3.0933","5.3933","0.6382575968","0.0494","0.0759","0.0876","0.0610","0.0267819627","0.004700","0.0024570025","0.0471","0.0554","0.0024512229","0.0014284515","0.042036","0.036549"
"197109","98.34","3.0900","5.4300","0.6460848296","0.0469","0.0744","0.0859","0.0598","0.0279344169","0.003700","0.0000000000","0.0204","-0.0102","0.0005242639","0.0011670679","-0.005038","-0.006387"
"197110","94.23","3.0833","5.5200","0.6831942789","0.0446","0.0739","0.0848","0.0588","0.0292438290","0.003700","0.0024509804","0.0167","0.0282","0.0006619355","0.0009808042","-0.040129","-0.042015"
"197111","93.99","3.0767","5.6100","0.6894892583","0.0422","0.0726","0.0838","0.0596","0.0294519101","0.003700","0.0000000000","-0.0047","0.0029","0.0018662556","0.0014281900","0.002898","-0.002029"
"197112","102.09","3.0700","5.7000","0.6439002471","0.0401","0.0725","0.0838","0.0597","0.0340233587","0.003700","0.0048899756","0.0044","0.0223","0.0011829844","0.0022538795","0.087880","0.086486"
"197201","103.94","3.0700","5.7367","0.6353569726","0.0338","0.0719","0.0823","0.0606","0.0330751166","0.002900","0.0000000000","-0.0063","-0.0033","0.0004942247","0.0023504572","0.019088","0.017814"
"197202","106.57","3.0700","5.7733","0.6175858985","0.0320","0.0727","0.0823","0.0602","0.0330297786","0.002500","0.0048661800","0.0088","0.0107","0.0002843844","0.0022955076","0.030221","0.025416"
"197203","107.20","3.0700","5.8100","0.6459019879","0.0373","0.0724","0.0824","0.0613","0.0317231825","0.002700","0.0024213075","-0.0082","0.0024","0.0005451044","0.0022397228","0.007315","0.006132"
"197204","107.67","3.0700","5.8633","0.6367838016","0.0371","0.0730","0.0824","0.0615","0.0324918322","0.002900","0.0024154589","0.0027","0.0035","0.0003833915","0.0020286355","0.005476","0.004658"
"197205","109.53","3.0700","5.9167","0.6324423349","0.0369","0.0730","0.0823","0.0597","0.0306570665","0.003000","0.0024096386","0.0270","0.0163","0.0007690517","0.0018280014","0.022019","0.016763"
"197206","107.14","3.0700","5.9700","0.6540154785","0.0391","0.0723","0.0820","0.0607","0.0341993895","0.002900","0.0024038462","-0.0065","-0.0068","0.0003653522","0.0015414101","-0.020156","-0.021378"
"197207","107.39","3.0733","6.0267","0.6570495491","0.0398","0.0721","0.0823","0.0593","0.0333250925","0.003100","0.0047961631","0.0216","0.0030","0.0005954870","0.0013485364","0.003245","0.002126"
"197208","111.09","3.0767","6.0833","0.6304670395","0.0402","0.0719","0.0819","0.0595","0.0318487846","0.002900","0.0023866348","0.0029","0.0072","0.0005949987","0.0010688822","0.039425","0.034649"
"197209","110.55","3.0800","6.1400","0.6373850011","0.0466","0.0722","0.0809","0.0606","0.0328697745","0.003400","0.0023809524","-0.0083","0.0031","0.0004657121","0.0008839673","-0.003277","-0.004516"
"197210","111.58","3.1033","6.2333","0.6358841259","0.0474","0.0721","0.0806","0.0591","0.0323534438","0.004000","0.0047505938","0.0234","0.0101","0.0008582678","0.0009085387","0.010878","0.009503"
"197211","116.67","3.1267","6.3267","0.5967334833","0.0478","0.0712","0.0799","0.0577","0.0309522498","0.003700","0.0023640662","0.0226","0.0249","0.0004884564","0.0004837741","0.050297","0.045173"
"197212","118.05","3.1500","6.4200","0.5956745946","0.0507","0.0708","0.0793","0.0599","0.0342034837","0.003700","0.0023584906","-0.0229","-0.0004","0.0005171710","0.0003114465","0.013663","0.012622"
"197301","116.03","3.1567","6.5467","0.6081960321","0.0541","0.0715","0.0790","0.0685","0.0356473121","0.004400","0.0023529412","-0.0321","-0.0054","0.0005156042","-0.0001203033","-0.016752","-0.018044"
"197302","111.68","3.1633","6.6733","0.6361837352","0.0560","0.0722","0.0797","0.0688","0.0362998670","0.004100","0.0070422535","0.0014","0.0023","0.0012645944","-0.0002073298","-0.033818","-0.038229"
"197303","111.52","3.1700","6.8000","0.6760181281","0.0609","0.0729","0.0803","0.0686","0.0367061493","0.004600","0.0093240093","0.0082","0.0045","0.0015575644","-0.0006958590","-0.001093","-0.002089"
"197304","106.97","3.1867","6.9433","0.6977198485","0.0626","0.0726","0.0809","0.0687","0.0378332368","0.005200","0.0069284065","0.0046","0.0061","0.0015175398","0.0001653627","-0.040064","-0.041236"
"197305","104.95","3.2033","7.0867","0.7132159617","0.0636","0.0729","0.0806","0.0703","0.0396022163","0.005100","0.0068807339","-0.0105","-0.0039","0.0030775217","-0.0000733602","-0.013950","-0.019002"
"197306","104.26","3.2200","7.2300","0.7209743078","0.0719","0.0737","0.0813","0.0710","0.0390133985","0.005100","0.0068337130","-0.0021","-0.0056","0.0021646025","0.0007439782","-0.005178","-0.006522"
"197307","108.22","3.2367","7.3833","0.6939766839","0.0801","0.0745","0.0824","0.0760","0.0373500626","0.006400","0.0022624434","-0.0433","-0.0476","0.0018680136","0.0002390300","0.039128","0.037679"
"197308","104.25","3.2533","7.5367","0.7243372354","0.0867","0.0768","0.0853","0.0728","0.0373887675","0.007000","0.0180586907","0.0391","0.0356","0.0010958834","0.0002520752","-0.031544","-0.036505"
"197309","108.43","3.2700","7.6900","0.6788089959","0.0829","0.0763","0.0863","0.0703","0.0343612257","0.006800","0.0022172949","0.0318","0.0356","0.0009345578","-0.0000545824","0.042219","0.041038"
"197310","108.29","3.3067","7.8467","0.6720817914","0.0722","0.0760","0.0841","0.0689","0.0346603301","0.006500","0.0088495575","0.0215","-0.0066","0.0013447449","-0.0008873582","0.000312","-0.001560"
"197311","95.96","3.3433","8.0033","0.7818789906","0.0783","0.0767","0.0842","0.0712","0.0387363392","0.005600","0.0065789474","-0.0183","0.0078","0.0043697483","-0.0013245342","-0.107220","-0.113046"
"197312","97.55","3.3800","8.1600","0.7555884634","0.0745","0.0768","0.0848","0.0726","0.0130073951","0.006400","0.0065359477","-0.0082","-0.0089","0.0053583380","-0.0006401994","0.017971","0.016534"
"197401","96.57","3.4000","8.2267","0.7514464380","0.0777","0.0783","0.0848","0.0740","0.0116267491","0.006300","0.0086580087","-0.0083","-0.0053","0.0034094717","-0.0009367530","-0.008120","-0.009749"
"197402","96.22","3.4200","8.2933","0.7470977188","0.0712","0.0785","0.0853","0.0748","0.0109186477","0.005800","0.0128755365","-0.0024","0.0009","0.0018780077","-0.0009573139","0.001992","-0.003695"
"197403","93.98","3.4400","8.3600","0.8151840129","0.0796","0.0801","0.0862","0.0783","0.0103999361","0.005600","0.0127118644","-0.0292","-0.0307","0.0016936350","-0.0011670985","-0.021818","-0.023154"
"197404","90.31","3.4600","8.4867","0.8248580819","0.0833","0.0825","0.0887","0.0816","0.0096574913","0.007500","0.0041841004","-0.0253","-0.0341","0.0017291765","-0.0010474939","-0.037649","-0.039359"
"197405","87.28","3.4800","8.6133","0.8604161213","0.0823","0.0837","0.0905","0.0810","0.0092469234","0.007500","0.0125000000","0.0123","0.0105","0.0020987464","-0.0012379910","-0.026896","-0.033127"
"197406","86.00","3.5000","8.7400","0.8601587717","0.0790","0.0847","0.0927","0.0812","0.0080281695","0.006000","0.0082304527","0.0045","-0.0285","0.0023003694","-0.0016917665","-0.012816","-0.014583"
"197407","79.31","3.5300","8.8633","0.9112393224","0.0755","0.0872","0.0948","0.0823","0.0068388852","0.007000","0.0081632653","-0.0029","-0.0211","0.0049175157","-0.0019992526","-0.076698","-0.078500"
"197408","72.15","3.5600","8.9867","1.0171239942","0.0896","0.0900","0.0977","0.0855","0.0065552244","0.006000","0.0121457490","-0.0232","-0.0268","0.0047910264","-0.0023098100","-0.082177","-0.089737"
"197409","63.54","3.5900","9.1100","1.1354401435","0.0806","0.0924","0.1018","0.0837","0.0051374792","0.008100","0.0120000000","0.0247","0.0174","0.0078117125","-0.0017001444","-0.117511","-0.119578"
"197410","73.90","3.5933","9.0367","1.0370837841","0.0746","0.0927","0.1048","0.0795","0.0036384075","0.005100","0.0098814229","0.0489","0.0885","0.0100849480","-0.0018954501","0.168113","0.164814"
"197411","69.97","3.5967","8.9633","1.1156370220","0.0747","0.0889","0.1060","0.0771","0.0078146012","0.005400","0.0078277886","0.0295","0.0117","0.0035137990","-0.0018215318","-0.045688","-0.053816"
"197412","68.56","3.6000","8.8900","1.1200181747","0.0715","0.0889","0.1063","0.0760","0.0087715740","0.007000","0.0077669903","0.0171","-0.0075","0.0038144275","-0.0008304879","-0.018021","-0.020305"
"197501","76.98","3.6233","8.7433","0.9808296267","0.0626","0.0883","0.1081","0.0796","0.0085104486","0.005800","0.0038535645","0.0225","0.0596","0.0040172082","-0.0012299241","0.123610","0.121698"
"197502","81.59","3.6467","8.5967","0.9339016305","0.0550","0.0862","0.1065","0.0788","0.0116523318","0.004300","0.0076775432","0.0131","0.0137","0.0021790299","-0.0007081241","0.067460","0.059497"
"197503","83.36","3.6700","8.4500","0.9724663152","0.0549","0.0867","0.1048","0.0824","0.0204669502","0.004100","0.0038095238","-0.0267","-0.0247","0.0024026153","-0.0007042916","0.024014","0.022122"
"197504","87.30","3.6833","8.2867","0.9094893710","0.0561","0.0895","0.1058","0.0852","0.0224962245","0.004400","0.0037950664","-0.0182","-0.0052","0.0023137776","-0.0006734883","0.049424","0.047293"
"197505","91.15","3.6967","8.1233","0.8975236997","0.0523","0.0890","0.1069","0.0836","0.0229537717","0.004400","0.0056710775","0.0212","0.0106","0.0018071722","-0.0004098218","0.051193","0.044794"
"197506","95.19","3.7100","7.9600","0.8498390198","0.0534","0.0877","0.1062","0.0813","0.0229616961","0.004100","0.0075187970","0.0292","0.0304","0.0013533555","-0.0008054238","0.046220","0.044342"
"197507","88.75","3.7100","7.8933","0.8983656240","0.0613","0.0884","0.1055","0.0829","0.0256278961","0.004800","0.0111940299","-0.0087","-0.0030","0.0012444037","-0.0011820990","-0.065504","-0.067553"
"197508","86.88","3.7100","7.8267","0.8942466541","0.0644","0.0895","0.1059","0.0844","0.0263663778","0.004800","0.0018450185","-0.0068","-0.0175","0.0023431364","-0.0015740132","-0.015663","-0.021731"
"197509","83.87","3.7100","7.7600","0.9409482541","0.0642","0.0895","0.1061","0.0862","0.0279195234","0.005300","0.0055248619","-0.0098","-0.0126","0.0023046248","-0.0014922567","-0.032250","-0.034226"
"197510","89.04","3.7000","7.8267","0.8934979188","0.0596","0.0886","0.1062","0.0819","0.0258984580","0.005600","0.0054945055","0.0475","0.0553","0.0021545816","-0.0015430243","0.064855","0.062135"
"197511","91.24","3.6900","7.8933","0.8679284743","0.0548","0.0878","0.1056","0.0838","0.0246224796","0.004100","0.0072859745","-0.0109","-0.0088","0.0008126854","-0.0016529119","0.030089","0.023996"
"197512","90.19","3.6800","7.9600","0.8763388510","0.0544","0.0879","0.1056","0.0805","0.0237119656","0.004800","0.0036166365","0.0390","0.0442","0.0013307999","-0.0004651156","-0.010485","-0.012296"
"197601","100.86","3.6833","8.1933","0.7659338857","0.0487","0.0860","0.1041","0.0802","0.0218521822","0.004700","0.0018018018","0.0090","0.0188","0.0019782826","-0.0001102926","0.120143","0.118545"
"197602","99.71","3.6867","8.4267","0.7680365203","0.0488","0.0855","0.1024","0.0802","0.0222330928","0.003400","0.0035971223","0.0062","0.0061","0.0012214388","-0.0001707836","-0.005756","-0.011620"
"197603","102.77","3.6900","8.6600","0.7840312172","0.0500","0.0852","0.1012","0.0792","0.0150721313","0.004000","0.0017921147","0.0166","0.0167","0.0012657161","-0.0004387984","0.032640","0.030786"
"197604","101.64","3.7133","8.8567","0.7860761398","0.0486","0.0840","0.0994","0.0797","0.0142394847","0.004200","0.0035778175","0.0018","-0.0015","0.0010071323","-0.0013534097","-0.009610","-0.010699"
"197605","100.18","3.7367","9.0533","0.8035027635","0.0520","0.0858","0.0986","0.0821","0.0141483212","0.003700","0.0071301248","-0.0158","-0.0103","0.0009364703","-0.0010527004","-0.008116","-0.015026"
"197606","104.28","3.7600","9.2500","0.7814276312","0.0541","0.0862","0.0989","0.0807","0.0189250313","0.004300","0.0053097345","0.0208","0.0150","0.0009715815","-0.0012775825","0.043959","0.042158"
"197607","103.44","3.7900","9.3500","0.7958238544","0.0523","0.0856","0.0982","0.0805","0.0188427707","0.004700","0.0052816901","0.0078","0.0149","0.0004871522","-0.0014411039","-0.007202","-0.008454"
"197608","102.91","3.8200","9.4500","0.8047322694","0.0514","0.0845","0.0964","0.0790","0.0206295275","0.004200","0.0052539405","0.0211","0.0231","0.0007445224","-0.0012977566","0.001599","-0.004982"
"197609","105.24","3.8500","9.5500","0.7913632737","0.0508","0.0838","0.0940","0.0781","0.0237826575","0.004400","0.0034843206","0.0145","0.0167","0.0008906883","-0.0014566973","0.024421","0.022670"
"197610","102.90","3.9167","9.6700","0.8120796327","0.0492","0.0832","0.0929","0.0779","0.0255691262","0.004100","0.0052083333","0.0084","0.0070","0.0012699930","-0.0011566296","-0.020211","-0.021995"
"197611","102.10","3.9833","9.7900","0.8272629379","0.0475","0.0825","0.0923","0.0749","0.0278954289","0.004000","0.0017271157","0.0339","0.0319","0.0011179253","-0.0009224102","-0.001041","-0.008628"
"197612","107.46","4.0500","9.9100","0.7799731250","0.0435","0.0798","0.0912","0.0721","0.0285665543","0.004000","0.0034482759","0.0327","0.0347","0.0005762273","-0.0011227041","0.053775","0.052170"
"197701","102.03","4.0967","9.9667","0.8210652053","0.0462","0.0796","0.0908","0.0764","0.0295997969","0.003600","0.0051546392","-0.0388","-0.0303","0.0006956300","-0.0015928437","-0.049654","-0.051167"
"197702","99.82","4.1433","10.0233","0.8368039982","0.0467","0.0804","0.0912","0.0775","0.0279702171","0.003500","0.0102564103","-0.0049","-0.0020","0.0003346756","-0.0016537032","-0.015638","-0.022400"
"197703","98.42","4.1900","10.0800","0.8684299283","0.0460","0.0810","0.0912","0.0772","0.0303383572","0.003800","0.0067681895","0.0091","0.0094","0.0006657328","-0.0017320885","-0.012502","-0.014548"
"197704","98.44","4.2467","10.1933","0.8611500701","0.0454","0.0804","0.0907","0.0771","0.0311400296","0.003800","0.0084033613","0.0071","0.0100","0.0009848511","-0.0016386999","0.000641","-0.000503"
"197705","96.12","4.3033","10.3067","0.8882113369","0.0496","0.0805","0.0901","0.0765","0.0353154695","0.003700","0.0050000000","0.0125","0.0106","0.0006348018","-0.0013541819","-0.015064","-0.023541"
"197706","100.48","4.3600","10.4200","0.8711120812","0.0502","0.0795","0.0891","0.0754","0.0319410996","0.004000","0.0066334992","0.0164","0.0175","0.0005633646","-0.0015935849","0.047776","0.045705"
"197707","98.85","4.4067","10.5167","0.8967833991","0.0519","0.0794","0.0887","0.0768","0.0331818370","0.004200","0.0049423394","-0.0070","-0.0005","0.0005947080","-0.0016868214","-0.015453","-0.016589"
"197708","96.77","4.4533","10.6133","0.9265342604","0.0549","0.0798","0.0882","0.0754","0.0337503868","0.004400","0.0032786885","0.0198","0.0136","0.0005824464","-0.0016663590","-0.012310","-0.020221"
"197709","96.53","4.5000","10.7100","0.9422625161","0.0581","0.0792","0.0880","0.0764","0.0323675866","0.004300","0.0032679739","-0.0029","-0.0022","0.0004631961","-0.0018026906","-0.000825","-0.003084"
"197710","92.34","4.5567","10.7700","0.9753772836","0.0616","0.0804","0.0889","0.0781","0.0327751368","0.004900","0.0032573290","-0.0093","-0.0038","0.0007261726","-0.0012570464","-0.041984","-0.043869"
"197711","94.83","4.6133","10.8300","0.9620344703","0.0610","0.0808","0.0895","0.0777","0.0292167295","0.005000","0.0048701299","0.0093","0.0061","0.0013875470","-0.0012900084","0.036752","0.026953"
"197712","95.10","4.6700","10.8900","0.9603330245","0.0607","0.0819","0.0899","0.0803","0.0304753992","0.004900","0.0032310178","-0.0168","-0.0105","0.0006266271","-0.0018338899","0.005570","0.003637"
"197801","89.25","4.7133","10.9000","1.0367310889","0.0644","0.0841","0.0917","0.0816","0.0288142482","0.004900","0.0064412238","-0.0080","-0.0089","0.0009080501","-0.0018933608","-0.060643","-0.062611"
"197802","87.04","4.7567","10.9100","1.0755672937","0.0645","0.0847","0.0920","0.0822","0.0311689879","0.004600","0.0064000000","0.0004","0.0051","0.0006698948","-0.0015512130","-0.016260","-0.024938"
"197803","89.21","4.8000","10.9200","1.1114925531","0.0629","0.0847","0.0922","0.0831","0.0275695984","0.005300","0.0079491256","-0.0021","0.0042","0.0006228568","-0.0013817078","0.026925","0.024356"
"197804","96.83","4.8367","11.0233","1.0053504037","0.0629","0.0856","0.0932","0.0838","0.0229459889","0.005400","0.0078864353","-0.0005","-0.0023","0.0017411810","-0.0019860558","0.088964","0.087593"
"197805","97.24","4.8733","11.1267","1.0014156386","0.0641","0.0869","0.0949","0.0852","0.0165594591","0.005100","0.0093896714","-0.0058","-0.0108","0.0010850552","-0.0023334338","0.013719","0.004436"
"197806","95.53","4.9100","11.2300","1.0279015813","0.0673","0.0876","0.0960","0.0865","0.0165234648","0.005400","0.0108527132","-0.0062","0.0023","0.0010274141","-0.0018349394","-0.016578","-0.018953"
"197807","100.68","4.9467","11.3433","0.9762603361","0.0701","0.0888","0.0960","0.0858","0.0146714141","0.005600","0.0076687117","0.0143","0.0101","0.0008499296","-0.0015001826","0.056974","0.055121"
"197808","103.29","4.9833","11.4567","0.9600602176","0.0708","0.0869","0.0948","0.0843","0.0120027078","0.005600","0.0045662100","0.0218","0.0257","0.0010022377","-0.0018316643","0.033641","0.025563"
"197809","102.54","5.0200","11.5700","0.9722575131","0.0785","0.0869","0.0942","0.0860","0.0127039061","0.006200","0.0075757576","-0.0106","-0.0048","0.0009479772","-0.0025993048","-0.005163","-0.007483"
"197810","93.15","5.0367","11.8233","1.0622752224","0.0799","0.0889","0.0959","0.0889","0.0143505524","0.006800","0.0090225564","-0.0200","-0.0205","0.0021000234","-0.0018702195","-0.089570","-0.092269"
"197811","94.70","5.0533","12.0767","1.0535274020","0.0864","0.0903","0.0983","0.0877","0.0140892722","0.007000","0.0044709389","0.0189","0.0134","0.0031808890","-0.0018611309","0.026771","0.017400"
"197812","96.11","5.0700","12.3300","1.0457012956","0.0908","0.0916","0.0994","0.0898","0.0148505522","0.007800","0.0044510386","-0.0130","-0.0133","0.0016656300","-0.0015481539","0.016627","0.014264"
"197901","99.93","5.1133","12.6533","1.0030742833","0.0935","0.0925","0.1013","0.0886","0.0143875325","0.007700","0.0088626292","0.0191","0.0184","0.0010011132","-0.0018498194","0.042697","0.040161"
"197902","96.28","5.1567","12.9767","1.0407754507","0.0932","0.0926","0.1008","0.0908","0.0122277102","0.007300","0.0117130307","-0.0135","-0.0128","0.0008140809","-0.0013147274","-0.028649","-0.036958"
"197903","101.59","5.2000","13.3000","1.0330789394","0.0948","0.0937","0.1026","0.0902","0.0116703077","0.008100","0.0101302460","0.0129","0.0106","0.0008007332","-0.0013499220","0.057361","0.054825"
"197904","101.76","5.2467","13.5267","1.0418762428","0.0946","0.0938","0.1033","0.0922","0.0115703138","0.008000","0.0114613181","-0.0112","-0.0052","0.0006468352","-0.0015582344","0.004183","0.002218"
"197905","99.08","5.2933","13.7533","1.0831418044","0.0961","0.0950","0.1047","0.0903","0.0141831592","0.008200","0.0127478754","0.0261","0.0228","0.0009242270","-0.0014325784","-0.016818","-0.026303"
"197906","102.91","5.3400","13.9800","1.0578636072","0.0906","0.0929","0.1038","0.0877","0.0120683771","0.008100","0.0111888112","0.0311","0.0269","0.0005714810","-0.0013276842","0.040324","0.037792"
"197907","103.81","5.3967","14.1967","1.0523144538","0.0924","0.0920","0.1029","0.0895","0.0096782476","0.007700","0.0110650069","-0.0085","-0.0031","0.0007076848","-0.0009540757","0.012051","0.009737"
"197908","109.32","5.4533","14.4133","1.0034586483","0.0952","0.0923","0.1035","0.0907","0.0115690793","0.007700","0.0095759234","-0.0035","0.0006","0.0005064798","-0.0011714120","0.061865","0.053222"
"197909","109.32","5.5100","14.6300","1.0137949874","0.1026","0.0944","0.1054","0.0927","0.0094039237","0.008300","0.0108401084","-0.0122","-0.0179","0.0012330663","-0.0014195561","0.001416","-0.000872"
"197910","101.82","5.5567","14.7067","1.0919455682","0.1170","0.1013","0.1140","0.1034","0.0102095448","0.008700","0.0080428954","-0.0841","-0.0890","0.0025892994","-0.0012554812","-0.065560","-0.068517"
"197911","106.16","5.6033","14.7833","1.0831154618","0.1179","0.1076","0.1199","0.1009","0.0107786938","0.009900","0.0093085106","0.0311","0.0222","0.0015583806","-0.0008445089","0.052777","0.043570"
"197912","107.94","5.6500","14.8600","1.0619500680","0.1204","0.1074","0.1206","0.1012","0.0105144647","0.009500","0.0105401845","0.0057","-0.0108","0.0004696422","-0.0003711309","0.018340","0.015892"
"198001","114.16","5.7000","15.0033","1.0169549580","0.1200","0.1109","0.1242","0.1114","0.0112974707","0.008000","0.0143415906","-0.0741","-0.0645","0.0019064055","-0.0002951250","0.061308","0.058935"
"198002","113.66","5.7500","15.1467","1.0319299303","0.1286","0.1238","0.1357","0.1186","0.0108271852","0.008900","0.0141388175","-0.0467","-0.0665","0.0018976181","-0.0008211683","0.002611","-0.005574"
"198003","102.09","5.8000","15.2900","1.0937321031","0.1520","0.1296","0.1445","0.1239","0.0118774451","0.012100","0.0152091255","-0.0315","-0.0062","0.0046218942","-0.0004846084","-0.097518","-0.100096"
"198004","106.29","5.8467","15.1733","1.0518199398","0.1320","0.1204","0.1419","0.1076","0.0153468468","0.012600","0.0112359551","0.1523","0.1376","0.0027455493","-0.0002650010","0.042394","0.039877"
"198005","111.24","5.8933","15.0567","1.0100487748","0.0858","0.1099","0.1317","0.1037","0.0150518602","0.008100","0.0098765432","0.0419","0.0560","0.0015097166","-0.0001539688","0.055560","0.046651"
"198006","114.24","5.9400","14.9400","0.9901834270","0.0707","0.1058","0.1271","0.1006","0.0153043875","0.006100","0.0110024450","0.0359","0.0341","0.0013710848","0.0004203133","0.029722","0.026895"
"198007","121.67","5.9833","14.8400","0.9188299192","0.0806","0.1107","0.1265","0.1074","0.0201540380","0.005300","0.0000000000","-0.0476","-0.0429","0.0013628310","0.0007490105","0.068200","0.065630"
"198008","122.38","6.0267","14.7400","0.9215196389","0.0913","0.1164","0.1315","0.1140","0.0199498435","0.006400","0.0072551391","-0.0432","-0.0445","0.0017081584","0.0008182502","0.013454","0.006030"
"198009","125.46","6.0700","14.6400","0.9216876515","0.1027","0.1202","0.1370","0.1185","0.0237960395","0.007500","0.0084033613","-0.0262","-0.0237","0.0026574057","0.0007654027","0.027935","0.025155"
"198010","127.47","6.1000","14.7000","0.9295936138","0.1162","0.1231","0.1423","0.1231","0.0227691861","0.009500","0.0095238095","-0.0263","-0.0159","0.0021906435","0.0014456625","0.017809","0.014742"
"198011","140.52","6.1300","14.7600","0.8651619788","0.1373","0.1297","0.1464","0.1230","0.0219492748","0.009600","0.0082547170","0.0100","0.0017","0.0024190718","0.0013118477","0.109910","0.103015"
"198012","135.76","6.1600","14.8200","0.8915030239","0.1549","0.1321","0.1514","0.1199","0.0268163754","0.013100","0.0093567251","0.0352","0.0248","0.0029515288","0.0010201575","-0.030634","-0.033006"
"198101","129.55","6.2000","14.7400","0.9072386965","0.1502","0.1281","0.1503","0.1211","0.0286954334","0.010400","0.0081112399","-0.0115","-0.0130","0.0015974348","0.0007105859","-0.043370","-0.045036"
"198102","131.27","6.2400","14.6600","0.8818157565","0.1479","0.1335","0.1537","0.1283","0.0300093729","0.010700","0.0103448276","-0.0435","-0.0269","0.0015309090","0.0007315691","0.021267","0.013492"
"198103","136.00","6.2800","14.5800","0.9249205574","0.1336","0.1333","0.1534","0.1248","0.0279392980","0.012100","0.0068259386","0.0384","0.0311","0.0020759444","0.0004488745","0.038285","0.035426"
"198104","132.81","6.3167","14.7233","0.9305938361","0.1369","0.1388","0.1556","0.1332","0.0273520119","0.010800","0.0067796610","-0.0518","-0.0769","0.0008320026","0.0004158480","-0.020211","-0.021967"
"198105","132.59","6.3533","14.8667","0.9362238467","0.1630","0.1432","0.1595","0.1265","0.0288446179","0.011500","0.0078563412","0.0622","0.0595","0.0009216880","-0.0000003183","0.006539","-0.001124"
"198106","131.21","6.3900","15.0100","0.9504749816","0.1473","0.1375","0.1580","0.1304","0.0278934365","0.013500","0.0089086860","-0.0179","0.0023","0.0009955428","-0.0000570271","-0.008255","-0.011180"
"198107","130.92","6.4333","15.0967","0.9749669236","0.1495","0.1438","0.1617","0.1370","0.0255902194","0.012400","0.0110375276","-0.0353","-0.0372","0.0011029891","-0.0003242940","0.000714","-0.000946"
"198108","122.79","6.4767","15.1833","1.0533540563","0.1551","0.1489","0.1634","0.1445","0.0269917415","0.012800","0.0076419214","-0.0386","-0.0345","0.0018249381","-0.0008086402","-0.055540","-0.063659"
"198109","116.18","6.5200","15.2700","1.0923786442","0.1470","0.1549","0.1692","0.1482","0.0214833701","0.012400","0.0097508126","-0.0145","-0.0199","0.0027611735","-0.0005421827","-0.050466","-0.053500"
"198110","121.89","6.5567","15.3000","1.0890856841","0.1354","0.1540","0.1711","0.1384","0.0148971083","0.012100","0.0021459227","0.0829","0.0521","0.0020782516","-0.0008184993","0.052115","0.048694"
"198111","126.35","6.5933","15.3300","1.0444554433","0.1086","0.1422","0.1639","0.1220","0.0156728261","0.010700","0.0032119914","0.1410","0.1267","0.0015040033","-0.0010171618","0.043827","0.035918"
"198112","122.55","6.6300","15.3600","1.0611428571","0.1085","0.1423","0.1655","0.1334","0.0119096464","0.008700","0.0032017076","-0.0713","-0.0580","0.0009057975","-0.0012794664","-0.027059","-0.029745"
"198201","120.40","6.6600","15.1767","1.0658936976","0.1228","0.1518","0.1710","0.1415","0.0107004867","0.008000","0.0031914894","0.0046","-0.0129","0.0025219329","-0.0018827690","-0.015367","-0.016874"
"198202","113.11","6.6900","14.9933","1.1262873155","0.1348","0.1527","0.1718","0.1402","0.0105060983","0.009200","0.0031813362","0.0182","0.0312","0.0019182315","-0.0020617645","-0.050441","-0.059588"
"198203","111.96","6.7200","14.8100","1.1857505743","0.1268","0.1458","0.1682","0.1387","0.0055484327","0.009800","-0.0010570825","0.0231","0.0306","0.0017952261","-0.0018891454","-0.006805","-0.010463"
"198204","116.44","6.7500","14.5967","1.1499834976","0.1270","0.1446","0.1678","0.1348","0.0029236858","0.011300","0.0042328042","0.0373","0.0338","0.0012468205","-0.0019337418","0.041550","0.040063"
"198205","111.88","6.7800","14.3833","1.1904238963","0.1209","0.1426","0.1664","0.1358","-0.0009581844","0.010600","0.0094836670","0.0034","0.0245","0.0008548156","-0.0021173595","-0.029505","-0.039834"
"198206","109.61","6.8100","14.1700","1.2015814171","0.1247","0.1481","0.1692","0.1412","0.0012130304","0.009600","0.0125260960","-0.0223","-0.0468","0.0014902926","-0.0021779315","-0.015779","-0.018934"
"198207","107.09","6.8233","13.9667","1.2065298046","0.1135","0.1461","0.1680","0.1352","-0.0115518915","0.010500","0.0051546392","0.0501","0.0540","0.0009585831","-0.0020625268","-0.020199","-0.022058"
"198208","119.51","6.8367","13.7633","1.0824244710","0.0868","0.1371","0.1632","0.1254","-0.0028576304","0.007600","0.0020512821","0.0781","0.0837","0.0064159331","-0.0022225570","0.127402","0.116647"
"198209","120.42","6.8500","13.5600","1.0885355649","0.0792","0.1294","0.1563","0.1183","0.0005507087","0.005100","0.0020470829","0.0618","0.0623","0.0021312943","-0.0018631355","0.010496","0.007717"
"198210","133.71","6.8567","13.2533","0.9837454120","0.0771","0.1212","0.1473","0.1112","0.0065578321","0.005900","0.0030643514","0.0634","0.0759","0.0061259079","-0.0018347028","0.113863","0.111235"
"198211","138.54","6.8633","12.9467","0.9387268109","0.0807","0.1168","0.1430","0.1125","0.0009581552","0.006300","-0.0020366599","-0.0002","0.0201","0.0054916495","-0.0018583802","0.045754","0.037554"
"198212","140.64","6.8700","12.6400","0.9322147266","0.0794","0.1183","0.1414","0.1095","0.0029900535","0.006700","-0.0040816327","0.0312","0.0108","0.0024902383","-0.0013463488","0.016835","0.014676"
"198301","145.30","6.8833","12.5667","0.9069443153","0.0786","0.1179","0.1394","0.1113","0.0021947601","0.006900","0.0020491803","-0.0309","-0.0094","0.0032808574","-0.0013635098","0.035293","0.033317"
"198302","148.06","6.8967","12.4933","0.8768492387","0.0811","0.1201","0.1395","0.1060","0.0003558813","0.006200","0.0010224949","0.0492","0.0428","0.0019116417","-0.0013809871","0.025733","0.018539"
"198303","152.96","6.9100","12.4200","0.7800677858","0.0835","0.1173","0.1361","0.1083","0.0059935424","0.006300","0.0000000000","-0.0094","0.0072","0.0015718210","-0.0012148534","0.035470","0.032459"
"198304","164.42","6.9200","12.4767","0.7188876203","0.0821","0.1151","0.1329","0.1051","0.0066268443","0.007100","0.0071501532","0.0350","0.0548","0.0014237505","-0.0008706069","0.075719","0.074655"
"198305","162.39","6.9300","12.5333","0.7345955766","0.0819","0.1146","0.1309","0.1112","0.0104289126","0.006900","0.0060851927","-0.0386","-0.0324","0.0010846140","-0.0006398717","-0.005687","-0.012100"
"198306","168.11","6.9400","12.5900","0.7213820420","0.0879","0.1174","0.1337","0.1119","0.0158265510","0.006700","0.0030241935","0.0039","-0.0046","0.0013991486","-0.0008278121","0.036970","0.033719"
"198307","162.56","6.9600","12.8267","0.7350611231","0.0908","0.1215","0.1339","0.1198","0.0253802086","0.007400","0.0040201005","-0.0486","-0.0455","0.0022928246","-0.0012450162","-0.031238","-0.032321"
"198308","164.40","6.9800","13.0633","0.7248223918","0.0934","0.1251","0.1364","0.1210","0.0194746307","0.007600","0.0030030030","0.0020","0.0051","0.0013690453","-0.0013006754","0.015864","0.009484"
"198309","166.07","7.0000","13.3000","0.7148475830","0.0900","0.1237","0.1355","0.1157","0.0231783929","0.007600","0.0049900200","0.0505","0.0392","0.0010572931","-0.0018284324","0.014105","0.010838"
"198310","163.55","7.0300","13.5433","0.7194743715","0.0864","0.1225","0.1346","0.1188","0.0247443760","0.007600","0.0029791460","-0.0132","-0.0025","0.0011153555","-0.0017022483","-0.013108","-0.014695"
"198311","166.40","7.0600","13.7867","0.6908198931","0.0876","0.1241","0.1361","0.1176","0.0266368271","0.007000","0.0019801980","0.0183","0.0142","0.0008363031","-0.0015962358","0.023846","0.017363"
"198312","164.93","7.0900","14.0300","0.7003591178","0.0900","0.1257","0.1375","0.1197","0.0270568970","0.007300","0.0009881423","-0.0059","-0.0033","0.0005281144","-0.0016937271","-0.005749","-0.008699"
"198401","163.41","7.1200","14.4400","0.7221976437","0.0890","0.1220","0.1365","0.1180","0.0307360053","0.007600","0.0059230010","0.0244","0.0270","0.0007946061","-0.0020953326","-0.003898","-0.005657"
"198402","157.06","7.1500","14.8500","0.7634480310","0.0909","0.1208","0.1359","0.1217","0.0267017483","0.007100","0.0049067713","-0.0178","-0.0172","0.0020194765","-0.0019284684","-0.034034","-0.039505"
"198403","159.18","7.1800","15.2600","0.7624754269","0.0952","0.1257","0.1399","0.1253","0.0241049363","0.007300","0.0019531250","-0.0156","-0.0235","0.0013545875","-0.0020079516","0.017295","0.013714"
"198404","160.05","7.2233","15.5733","0.7586589793","0.0969","0.1281","0.1431","0.1284","0.0226819545","0.008100","0.0048732943","-0.0105","-0.0073","0.0010355282","-0.0019147215","0.006781","0.005229"
"198405","150.55","7.2667","15.8867","0.8039100330","0.0983","0.1328","0.1474","0.1381","0.0215141284","0.007800","0.0029097963","-0.0516","-0.0483","0.0009330503","-0.0017415154","-0.053131","-0.059544"
"198406","153.18","7.3100","16.2000","0.7843518191","0.0987","0.1355","0.1505","0.1374","0.0013040651","0.007500","0.0029013540","0.0150","0.0199","0.0016757627","-0.0018792426","0.022937","0.018709"
"198407","150.66","7.3333","16.3200","0.7963919375","0.1012","0.1344","0.1515","0.1293","-0.0018621419","0.008200","0.0038572806","0.0693","0.0586","0.0008656576","-0.0013404002","-0.013765","-0.015641"
"198408","166.68","7.3567","16.4400","0.7254283801","0.1047","0.1287","0.1463","0.1270","-0.0031008335","0.008300","0.0038424592","0.0266","0.0307","0.0031268328","-0.0014445113","0.112438","0.105753"
"198409","166.10","7.3800","16.5600","0.7360509153","0.1037","0.1266","0.1435","0.1235","-0.0094925469","0.008600","0.0047846890","0.0342","0.0314","0.0009432267","-0.0014075399","-0.000064","-0.003292"
"198410","166.09","7.4300","16.5867","0.7356424655","0.0974","0.1263","0.1394","0.1173","-0.0135284804","0.010000","0.0028571429","0.0561","0.0572","0.0012918483","-0.0018743573","0.003331","0.000216"
"198411","163.58","7.4800","16.6133","0.7470519959","0.0861","0.1229","0.1348","0.1169","-0.0218772065","0.007300","0.0000000000","0.0118","0.0212","0.0010202895","-0.0016267860","-0.009841","-0.014950"
"198412","167.24","7.5300","16.6400","0.7330983765","0.0806","0.1213","0.1340","0.1170","-0.0271967866","0.006400","0.0000000000","0.0091","0.0128","0.0011901054","-0.0011276635","0.025556","0.021843"
"198501","179.63","7.5733","16.5567","0.6902554458","0.0776","0.1208","0.1326","0.1127","-0.0299050052","0.006500","0.0018993352","0.0364","0.0325","0.0016358207","-0.0015489468","0.076868","0.074737"
"198502","181.19","7.6167","16.4733","0.6917391609","0.0827","0.1213","0.1323","0.1209","-0.0245189175","0.005800","0.0047393365","-0.0493","-0.0373","0.0007452963","-0.0015429552","0.014166","0.008886"
"198503","180.66","7.6600","16.3900","0.7236457791","0.0852","0.1256","0.1369","0.1181","-0.0248157693","0.006200","0.0037735849","0.0307","0.0179","0.0008022855","-0.0018750597","-0.000636","-0.003980"
"198504","179.83","7.6867","16.1300","0.7286615901","0.0795","0.1223","0.1351","0.1162","-0.0224117930","0.007200","0.0046992481","0.0242","0.0296","0.0004598802","-0.0020781902","-0.003704","-0.005413"
"198505","189.55","7.7133","15.8700","0.6968929839","0.0748","0.1172","0.1315","0.1062","-0.0254809306","0.006600","0.0037418148","0.0896","0.0820","0.0008338603","-0.0021886417","0.062740","0.056847"
"198506","191.85","7.7400","15.6100","0.6864301439","0.0695","0.1094","0.1240","0.1055","-0.0266075139","0.005500","0.0027958993","0.0142","0.0083","0.0007415203","-0.0021959653","0.016065","0.012925"
"198507","190.92","7.7733","15.4833","0.6803220899","0.0708","0.1097","0.1243","0.1091","-0.0246386630","0.006200","0.0018587361","-0.0180","-0.0121","0.0007186299","-0.0021281896","-0.003321","-0.005235"
"198508","188.63","7.8067","15.3567","0.6871762580","0.0714","0.1105","0.1250","0.1068","-0.0242274732","0.005500","0.0018552876","0.0259","0.0260","0.0006296953","-0.0022594762","-0.006473","-0.011871"
"198509","182.08","7.8400","15.2300","0.6899588298","0.0710","0.1107","0.1248","0.1082","-0.0312943542","0.006000","0.0027777778","-0.0021","0.0071","0.0008658431","-0.0021212744","-0.033248","-0.036197"
"198510","189.82","7.8600","15.0233","0.6670256347","0.0716","0.1102","0.1236","0.1051","-0.0270693422","0.006500","0.0036934441","0.0338","0.0329","0.0009117640","-0.0019171880","0.045079","0.042653"
"198511","202.17","7.8800","14.8167","0.6227031580","0.0724","0.1055","0.1199","0.1011","-0.0277158730","0.006100","0.0027598896","0.0401","0.0370","0.0009430684","-0.0018144765","0.071887","0.066630"
"198512","211.28","7.9000","14.6100","0.5926926882","0.0710","0.1016","0.1158","0.0956","-0.0194650815","0.006500","0.0027522936","0.0541","0.0469","0.0012300755","-0.0017213560","0.048156","0.045156"
"198601","211.78","7.9400","14.5800","0.5835173999","0.0707","0.1005","0.1144","0.0958","-0.0191717774","0.005600","0.0027447392","-0.0025","0.0045","0.0019201584","-0.0018472645","0.004706","0.002962"
"198602","226.92","7.9800","14.5500","0.5363767217","0.0706","0.0967","0.1111","0.0841","-0.0179142569","0.005300","-0.0027372263","0.1145","0.0752","0.0010892902","-0.0019917179","0.076525","0.071556"
"198603","238.90","8.0200","14.5200","0.5196276277","0.0656","0.0900","0.1050","0.0766","-0.0164196221","0.006000","-0.0045745654","0.0770","0.0256","0.0013737344","-0.0019183155","0.055832","0.053320"
"198604","235.52","8.0467","14.5833","0.5297144587","0.0606","0.0879","0.1019","0.0782","-0.0245847833","0.005200","-0.0018382353","-0.0080","0.0016","0.0024589457","-0.0022293278","-0.013348","-0.015054"
"198605","247.35","8.0733","14.6467","0.5035407708","0.0615","0.0909","0.1029","0.0848","-0.0218719553","0.004900","0.0027624309","-0.0505","-0.0164","0.0013699311","-0.0022166983","0.055326","0.050804"
"198606","250.84","8.1000","14.7100","0.4992814574","0.0621","0.0913","0.1034","0.0790","-0.0122932373","0.005200","0.0055096419","0.0613","0.0218","0.0015965185","-0.0025621870","0.015744","0.013310"
"198607","236.12","8.1433","14.7567","0.5323014009","0.0583","0.0888","0.1016","0.0809","-0.0112860333","0.005200","0.0000000000","-0.0108","0.0031","0.0024158243","-0.0023567229","-0.057541","-0.059378"
"198608","252.93","8.1867","14.8033","0.4978033440","0.0553","0.0872","0.1018","0.0763","-0.0096769523","0.004600","0.0018264840","0.0499","0.0275","0.0012605846","-0.0026330017","0.074417","0.070076"
"198609","231.32","8.2300","14.8500","0.5346292671","0.0521","0.0889","0.1020","0.0827","-0.0051386604","0.004500","0.0045578851","-0.0500","-0.0114","0.0042073830","-0.0023794300","-0.083243","-0.085664"
"198610","243.98","8.2467","14.7267","0.5032458023","0.0518","0.0886","0.1024","0.0803","-0.0080245039","0.004600","0.0009074410","0.0289","0.0189","0.0009905938","-0.0022567755","0.056538","0.053813"
"198611","249.22","8.2633","14.6033","0.4936710845","0.0535","0.0868","0.1007","0.0779","-0.0021244383","0.003900","0.0009066183","0.0267","0.0233","0.0017308565","-0.0024090172","0.024876","0.019717"
"198612","242.17","8.2800","14.4800","0.4984308658","0.0553","0.0849","0.0997","0.0789","-0.0113759993","0.004900","0.0009057971","-0.0018","0.0117","0.0012623423","-0.0022403247","-0.027513","-0.030174"
"198701","274.08","8.3000","14.6867","0.4378973513","0.0543","0.0836","0.0972","0.0778","-0.0058406587","0.004200","0.0063348416","0.0161","0.0216","0.0024782274","-0.0020474996","0.135183","0.133724"
"198702","284.20","8.3200","14.8933","0.4249119825","0.0559","0.0838","0.0965","0.0763","-0.0045059361","0.004300","0.0035971223","0.0202","0.0058","0.0014122466","-0.0020419471","0.041778","0.037845"
"198703","291.70","8.3400","15.1000","0.4280402137","0.0559","0.0836","0.0961","0.0795","-0.0022174302","0.004700","0.0044802867","-0.0223","-0.0087","0.0019710953","-0.0020372883","0.026336","0.023832"
"198704","288.36","8.4000","14.8733","0.4314718592","0.0564","0.0885","0.1004","0.0859","0.0044930045","0.004400","0.0053523640","-0.0473","-0.0502","0.0041939063","-0.0017254676","-0.009045","-0.011093"
"198705","290.10","8.4600","14.6467","0.4304908862","0.0566","0.0933","0.1051","0.0880","0.0069409582","0.003800","0.0035492458","-0.0105","-0.0052","0.0024892339","-0.0016698040","0.009128","0.005199"
"198706","304.00","8.5200","14.4200","0.4078923974","0.0567","0.0932","0.1052","0.0877","0.0052024616","0.004800","0.0035366932","0.0098","0.0155","0.0010704212","-0.0017502493","0.050140","0.047654"
"198707","318.66","8.5667","14.9000","0.3835432162","0.0569","0.0942","0.1061","0.0907","0.0018821969","0.004600","0.0026431718","-0.0178","-0.0119","0.0008181600","-0.0016543335","0.049843","0.047883"
"198708","329.80","8.6133","15.3800","0.3704538200","0.0604","0.0967","0.1080","0.0936","0.0019974361","0.004700","0.0052724077","-0.0165","-0.0075","0.0017761286","-0.0016393770","0.039108","0.035441"
"198709","321.83","8.6600","15.8600","0.3799667216","0.0640","0.1018","0.1131","0.0992","0.0063503319","0.004500","0.0052447552","-0.0369","-0.0422","0.0025348306","-0.0028272050","-0.021940","-0.024079"
"198710","251.79","8.7100","16.4067","0.4948508425","0.0613","0.1052","0.1162","0.0926","0.0104777401","0.006000","0.0026086957","0.0623","0.0507","0.0709451379","-0.0029006428","-0.215795","-0.217944"
"198711","230.30","8.7600","16.9533","0.5380273240","0.0569","0.1001","0.1123","0.0931","0.0098984399","0.003500","0.0008673027","0.0037","0.0125","0.0067854547","-0.0027874932","-0.081874","-0.086541"
"198712","247.08","8.8100","17.5000","0.5088120155","0.0577","0.1011","0.1129","0.0920","0.0132747560","0.003900","0.0000000000","0.0165","0.0212","0.0068521879","-0.0027006902","0.073922","0.071025"
"198801","257.07","8.8567","17.8633","0.5037738354","0.0581","0.0988","0.1107","0.0852","0.0084227445","0.002900","0.0025996534","0.0666","0.0517","0.0091575080","-0.0024314059","0.042712","0.041086"
"198802","267.82","8.9033","18.2267","0.4761973721","0.0566","0.0940","0.1062","0.0854","0.0087922636","0.004600","0.0025929127","0.0052","0.0138","0.0019673463","-0.0024640666","0.047445","0.040574"
"198803","258.89","8.9500","18.5900","0.5075299538","0.0570","0.0939","0.1057","0.0901","0.0060800302","0.004400","0.0043103448","-0.0307","-0.0188","0.0016591988","-0.0025722006","-0.030847","-0.033368"
"198804","261.33","9.0433","19.6167","0.4964744899","0.0591","0.0967","0.1090","0.0929","0.0050636719","0.004600","0.0051502146","-0.0160","-0.0149","0.0034595611","-0.0028162559","0.010516","0.008773"
"198805","262.16","9.1367","20.6433","0.4967702548","0.0626","0.0990","0.1104","0.0952","0.0013473054","0.005100","0.0034158839","-0.0102","-0.0057","0.0025557732","-0.0026966180","0.008012","0.002882"
"198806","273.50","9.2300","21.6700","0.4711188723","0.0646","0.0986","0.1100","0.0917","-0.0053979214","0.004900","0.0042553191","0.0368","0.0379","0.0023613077","-0.0026466970","0.047676","0.045068"
"198807","272.02","9.3067","22.0233","0.4739915349","0.0673","0.0996","0.1111","0.0947","-0.0028231284","0.005100","0.0042372881","-0.0170","-0.0111","0.0019106187","-0.0028339008","-0.004458","-0.007393"
"198808","261.52","9.3833","22.3767","0.4966406615","0.0706","0.1011","0.1121","0.0950","-0.0062397522","0.005900","0.0042194093","0.0058","0.0054","0.0013903193","-0.0028375883","-0.032488","-0.037290"
"198809","271.91","9.4600","22.7300","0.4775404537","0.0724","0.0982","0.1090","0.0917","-0.0100015137","0.006200","0.0067226891","0.0345","0.0326","0.0011927398","-0.0026083753","0.042739","0.040086"
"198810","278.97","9.5567","23.0700","0.4695971889","0.0735","0.0951","0.1041","0.0889","-0.0104624725","0.006100","0.0033388982","0.0308","0.0273","0.0016315424","-0.0023128648","0.026891","0.023328"
"198811","273.70","9.6533","23.4100","0.4771791101","0.0776","0.0945","0.1048","0.0923","-0.0077649556","0.005700","0.0008319468","-0.0196","-0.0169","0.0013479967","-0.0024350420","-0.014355","-0.019770"
"198812","277.72","9.7500","23.7500","0.4652835740","0.0807","0.0957","0.1065","0.0918","-0.0214057475","0.006300","0.0016625104","0.0110","0.0039","0.0006281109","-0.0022913172","0.018553","0.015184"
"198901","297.47","9.8370","24.1533","0.4307694935","0.0827","0.0962","0.1065","0.0903","-0.0223605106","0.005500","0.0049792531","0.0203","0.0202","0.0009645729","-0.0025423857","0.072303","0.069633"
"198902","288.86","9.9240","24.5567","0.4467784572","0.0853","0.0964","0.1061","0.0935","-0.0248233720","0.006100","0.0041288192","-0.0179","-0.0129","0.0011760790","-0.0022795386","-0.025031","-0.029187"
"198903","294.87","10.0110","24.9600","0.4686914136","0.0882","0.0980","0.1067","0.0929","-0.0231021339","0.006700","0.0057565789","0.0122","0.0064","0.0012864519","-0.0023804474","0.023038","0.020440"
"198904","309.64","10.1300","25.0467","0.4444352572","0.0865","0.0979","0.1061","0.0918","-0.0228019666","0.006700","0.0065412919","0.0159","0.0213","0.0009555837","-0.0026446865","0.051707","0.049899"
"198905","320.52","10.2490","25.1333","0.4334415257","0.0843","0.0957","0.1046","0.0878","-0.0277140566","0.007900","0.0056864338","0.0401","0.0379","0.0010730556","-0.0027039558","0.041022","0.035451"
"198906","317.98","10.3680","25.2200","0.4405629370","0.0815","0.0910","0.1003","0.0821","-0.0239480705","0.007100","0.0024232633","0.0550","0.0395","0.0014295303","-0.0026943259","-0.005611","-0.007940"
"198907","346.08","10.4900","24.7100","0.4040350890","0.0788","0.0893","0.0987","0.0801","-0.0285362150","0.007000","0.0024174053","0.0238","0.0178","0.0010188257","-0.0025756293","0.090053","0.088194"
"198908","351.45","10.6120","24.2000","0.3927270602","0.0790","0.0896","0.0988","0.0841","-0.0248221492","0.007400","0.0016077170","-0.0259","-0.0163","0.0013804507","-0.0026672979","0.019853","0.015516"
"198909","349.15","10.7340","23.6900","0.3992097504","0.0775","0.0901","0.0991","0.0847","-0.0257470986","0.006500","0.0032102729","0.0019","0.0040","0.0005501917","-0.0027566186","-0.004004","-0.006616"
"198910","340.36","10.8410","23.4167","0.4064149288","0.0764","0.0892","0.0981","0.0810","-0.0243506384","0.006800","0.0048000000","0.0379","0.0276","0.0056359108","-0.0025489149","-0.023639","-0.025668"
"198911","345.99","10.9480","23.1433","0.3972257018","0.0769","0.0889","0.0981","0.0808","-0.0270327725","0.006900","0.0023885350","0.0078","0.0070","0.0008448088","-0.0026664039","0.020479","0.016641"
"198912","353.40","11.0550","22.8700","0.3904547436","0.0763","0.0886","0.0982","0.0816","-0.0123335365","0.006100","0.0015885624","-0.0006","0.0006","0.0009234228","-0.0029288342","0.022657","0.019988"
"199001","329.08","11.1427","22.4700","0.4149713959","0.0764","0.0899","0.0994","0.0865","-0.0138967896","0.005700","0.0103092784","-0.0343","-0.0191","0.0028920477","-0.0028601947","-0.067661","-0.069407"
"199002","331.89","11.2303","22.0700","0.4091730897","0.0774","0.0922","0.1014","0.0876","-0.0117292028","0.005700","0.0047095761","-0.0025","-0.0012","0.0010085783","-0.0026738677","0.013381","0.008986"
"199003","339.94","11.3180","21.6700","0.4713339564","0.0790","0.0937","0.1021","0.0889","-0.0102914402","0.006400","0.0054687500","-0.0044","-0.0011","0.0010322447","-0.0023641623","0.026588","0.024360"
"199004","330.80","11.4330","21.5333","0.4802842560","0.0777","0.0946","0.1030","0.0924","-0.0101492797","0.006900","0.0015540016","-0.0202","-0.0191","0.0009667774","-0.0023237108","-0.024504","-0.026508"
"199005","361.23","11.5480","21.3967","0.4435699735","0.0774","0.0947","0.1041","0.0883","-0.0022618111","0.006800","0.0023273856","0.0415","0.0385","0.0013614467","-0.0024314050","0.097419","0.092408"
"199006","358.02","11.6630","21.2600","0.4429494323","0.0773","0.0926","0.1022","0.0864","-0.0005072745","0.006300","0.0054179567","0.0230","0.0216","0.0013508255","-0.0025342714","-0.006754","-0.008921"
"199007","356.15","11.7200","21.4200","0.4392124466","0.0762","0.0924","0.1020","0.0860","0.0048850583","0.006800","0.0038491147","0.0107","0.0102","0.0012984369","-0.0034740157","-0.004454","-0.006508"
"199008","322.56","11.7770","21.5800","0.4880735629","0.0745","0.0941","0.1041","0.0920","0.0014392103","0.006600","0.0092024540","-0.0419","-0.0292","0.0058277892","-0.0038832506","-0.090801","-0.094897"
"199009","306.05","11.8340","21.7400","0.5202896660","0.0736","0.0956","0.1064","0.0914","0.0013728769","0.006000","0.0083586626","0.0117","0.0091","0.0019847915","-0.0032591891","-0.048959","-0.051213"
"199010","304.00","11.9180","21.6067","0.5224519209","0.0717","0.0953","0.1074","0.0898","-0.0004706842","0.006800","0.0060286360","0.0215","0.0132","0.0044927639","-0.0026211334","-0.003597","-0.006110"
"199011","322.22","12.0020","21.4733","0.4985056551","0.0706","0.0930","0.1062","0.0858","0.0009098866","0.005700","0.0022471910","0.0402","0.0285","0.0024398922","-0.0026320853","0.064561","0.059897"
"199012","330.22","12.0860","21.3400","0.4844968599","0.0674","0.0905","0.1043","0.0844","-0.0018459075","0.006000","0.0000000000","0.0187","0.0167","0.0007945958","-0.0023382328","0.027987","0.024954"
"199101","343.93","12.0940","21.2067","0.4663077997","0.0622","0.0904","0.1045","0.0837","0.0007215596","0.005200","0.0059790732","0.0130","0.0150","0.0031935486","-0.0022499869","0.045001","0.043063"
"199102","367.07","12.1020","21.0733","0.4427204408","0.0594","0.0883","0.1007","0.0841","0.0012468960","0.004800","0.0014858841","0.0030","0.0121","0.0024313467","-0.0022466856","0.071565","0.067371"
"199103","375.22","12.1100","20.9400","0.4571255997","0.0591","0.0893","0.1009","0.0844","0.0032513958","0.004400","0.0014836795","0.0038","0.0108","0.0013750555","-0.0024701057","0.024354","0.022312"
"199104","375.35","12.1223","20.4300","0.4612395987","0.0565","0.0886","0.0994","0.0837","0.0057301566","0.005300","0.0014814815","0.0140","0.0138","0.0020727745","-0.0023251798","0.002268","0.000214"
"199105","389.83","12.1347","19.9200","0.4399669694","0.0546","0.0886","0.0986","0.0845","0.0069821048","0.004700","0.0029585799","0.0000","0.0039","0.0015851690","-0.0026470033","0.042930","0.038759"
"199106","371.16","12.1470","19.4100","0.4582437430","0.0557","0.0901","0.0996","0.0860","0.0142474894","0.004200","0.0029498525","-0.0063","-0.0018","0.0011798904","-0.0023828567","-0.045357","-0.047498"
"199107","387.81","12.1897","18.8800","0.4403567816","0.0558","0.0900","0.0989","0.0850","0.0148355528","0.004900","0.0014705882","0.0157","0.0167","0.0011053299","-0.0021621899","0.046526","0.044799"
"199108","395.43","12.2323","18.3500","0.4376396373","0.0533","0.0875","0.0965","0.0818","0.0173312983","0.004600","0.0029368576","0.0340","0.0275","0.0020376369","-0.0020694528","0.023885","0.019912"
"199109","387.86","12.2750","17.8200","0.4415318370","0.0522","0.0861","0.0951","0.0790","0.0232890440","0.004600","0.0043923865","0.0303","0.0271","0.0004746966","-0.0017709068","-0.016861","-0.019061"
"199110","392.46","12.2510","17.2033","0.4340034538","0.0499","0.0855","0.0949","0.0791","0.0255088958","0.004200","0.0014577259","0.0054","0.0043","0.0011256624","-0.0021871421","0.013458","0.011899"
"199111","375.22","12.2270","16.5867","0.4601544903","0.0456","0.0848","0.0945","0.0789","0.0306899470","0.003900","0.0029112082","0.0082","0.0106","0.0020490197","-0.0014274750","-0.040214","-0.043973"
"199112","417.09","12.2030","15.9700","0.4203444173","0.0407","0.0831","0.0926","0.0730","0.0318123844","0.003800","0.0007256894","0.0581","0.0436","0.0020495495","-0.0012532164","0.114089","0.111476"
"199201","408.79","12.2433","16.0433","0.4132296785","0.0380","0.0820","0.0913","0.0776","0.0319414665","0.003400","0.0014503263","-0.0324","-0.0173","0.0008724427","-0.0012723765","-0.018348","-0.019654"
"199202","412.70","12.2837","16.1167","0.4076305252","0.0384","0.0829","0.0923","0.0777","0.0335560213","0.002800","0.0036205648","0.0051","0.0096","0.0009132282","-0.0013307521","0.012865","0.009442"
"199203","403.69","12.3240","16.1900","0.4021060342","0.0404","0.0835","0.0925","0.0797","0.0419005380","0.003400","0.0050505051","-0.0094","-0.0073","0.0004697573","-0.0012508721","-0.019470","-0.021873"
"199204","414.95","12.3227","16.4767","0.3873034718","0.0375","0.0833","0.0921","0.0803","0.0386618101","0.003200","0.0014357502","0.0016","0.0016","0.0016610436","-0.0015031952","0.028614","0.027157"
"199205","415.35","12.3213","16.7633","0.3829985163","0.0363","0.0828","0.0913","0.0781","0.0371754887","0.002800","0.0014336918","0.0243","0.0254","0.0006900288","-0.0015877929","0.004850","0.001087"
"199206","408.14","12.3200","17.0500","0.3920423538","0.0366","0.0822","0.0905","0.0765","0.0430765596","0.003200","0.0035790981","0.0200","0.0156","0.0007529192","-0.0012735065","-0.015030","-0.017545"
"199207","424.21","12.3450","17.3800","0.3833486997","0.0321","0.0807","0.0884","0.0726","0.0414947919","0.003100","0.0021398003","0.0398","0.0308","0.0008974630","-0.0013636615","0.040924","0.039465"
"199208","414.03","12.3700","17.7100","0.3994050369","0.0313","0.0795","0.0865","0.0725","0.0430499562","0.002600","0.0028469751","0.0067","0.0090","0.0003695474","-0.0014314693","-0.020615","-0.024214"
"199209","417.80","12.3950","18.0400","0.3976569721","0.0291","0.0792","0.0862","0.0710","0.0411377823","0.002600","0.0028388928","0.0185","0.0099","0.0008722412","-0.0010761546","0.011340","0.008916"
"199210","418.68","12.3917","18.3900","0.4032511778","0.0286","0.0799","0.0884","0.0741","0.0410960987","0.002300","0.0035385704","-0.0198","-0.0156","0.0009441448","-0.0009021119","0.004796","0.003455"
"199211","431.35","12.3883","18.7400","0.3936264585","0.0313","0.0810","0.0896","0.0748","0.0379866517","0.002300","0.0014104372","0.0010","0.0069","0.0005080947","-0.0008360582","0.033794","0.030069"
"199212","435.71","12.3850","19.0900","0.3941096142","0.0322","0.0798","0.0881","0.0726","0.0388286878","0.002800","-0.0007042254","0.0246","0.0228","0.0004715523","-0.0011115236","0.013380","0.011197"
"199301","438.78","12.4163","19.3400","0.3930481045","0.0300","0.0791","0.0867","0.0725","0.0417538423","0.002300","0.0049330514","0.0280","0.0250","0.0003488508","-0.0015522385","0.007282","0.005964"
"199302","443.38","12.4477","19.5900","0.3859601969","0.0293","0.0771","0.0839","0.0698","0.0407281702","0.002200","0.0035063114","0.0354","0.0256","0.0011468965","-0.0014793405","0.013526","0.010361"
"199303","451.67","12.4790","19.8400","0.3336135264","0.0295","0.0758","0.0815","0.0702","0.0371064145","0.002500","0.0034940601","0.0021","0.0025","0.0010047250","-0.0016690258","0.021202","0.018578"
"199304","440.19","12.4937","19.6700","0.3343498060","0.0287","0.0746","0.0814","0.0701","0.0398126855","0.002400","0.0027855153","0.0072","0.0052","0.0010047850","-0.0014462842","-0.024519","-0.025780"
"199305","450.19","12.5083","19.5000","0.3248824215","0.0296","0.0743","0.0821","0.0701","0.0402546288","0.002200","0.0013888889","0.0047","0.0020","0.0008173082","-0.0016500074","0.026259","0.022549"
"199306","450.53","12.5230","19.3300","0.3259312476","0.0307","0.0733","0.0807","0.0668","0.0411540214","0.002500","0.0013869626","0.0449","0.0293","0.0005738514","-0.0017479702","0.003466","0.001095"
"199307","448.13","12.5217","19.6900","0.3237770308","0.0304","0.0717","0.0793","0.0656","0.0410077869","0.002400","0.0000000000","0.0191","0.0100","0.0006089625","-0.0013904710","-0.004593","-0.005909"
"199308","463.56","12.5203","20.0500","0.3138649833","0.0302","0.0685","0.0760","0.0623","0.0401929369","0.002500","0.0027700831","0.0434","0.0287","0.0002815688","-0.0012521643","0.037431","0.033957"
"199309","458.93","12.5190","20.4100","0.3223518215","0.0295","0.0666","0.0734","0.0627","0.0418407109","0.002600","0.0020718232","0.0005","0.0043","0.0004706748","-0.0011537305","-0.007582","-0.009842"
"199310","467.83","12.5383","20.9033","0.3113628329","0.0302","0.0667","0.0731","0.0623","0.0403671364","0.002200","0.0041350793","0.0096","0.0051","0.0003142271","-0.0010548299","0.019884","0.018590"
"199311","461.79","12.5577","21.3967","0.3110794108","0.0310","0.0693","0.0766","0.0651","0.0438375603","0.002500","0.0006863418","-0.0259","-0.0188","0.0005763517","-0.0010516947","-0.008655","-0.012084"
"199312","466.45","12.5770","21.8900","0.3052672229","0.0306","0.0693","0.0769","0.0654","0.0457268699","0.002300","0.0000000000","0.0020","0.0067","0.0002696821","-0.0010124970","0.012646","0.010617"
"199401","481.61","12.6203","22.1633","0.2880585672","0.0298","0.0692","0.0765","0.0637","0.0436711352","0.002500","0.0027434842","0.0257","0.0202","0.0004234883","-0.0009760773","0.033429","0.031954"
"199402","467.14","12.6637","22.4367","0.2990588209","0.0325","0.0708","0.0776","0.0682","0.0450411316","0.002100","0.0034199726","-0.0450","-0.0286","0.0010260765","-0.0011355039","-0.027161","-0.030121"
"199403","445.77","12.7070","22.7100","0.3074838051","0.0350","0.0748","0.0813","0.0725","0.0419050878","0.002700","0.0034083163","-0.0395","-0.0383","0.0008921025","-0.0010998390","-0.043456","-0.045728"
"199404","450.91","12.7497","23.5400","0.3036647862","0.0368","0.0788","0.0852","0.0745","0.0398456593","0.002700","0.0013586957","-0.0150","-0.0097","0.0013736680","-0.0009516278","0.012817","0.011477"
"199405","456.51","12.7923","24.3700","0.2974694757","0.0414","0.0799","0.0862","0.0759","0.0396410671","0.003100","0.0006784261","-0.0082","-0.0062","0.0007505029","-0.0010085097","0.016309","0.012559"
"199406","444.27","12.8350","25.2000","0.3084170767","0.0414","0.0797","0.0865","0.0774","0.0339955640","0.003100","0.0033898305","-0.0100","-0.0081","0.0007971327","-0.0009657219","-0.024762","-0.027113"
"199407","458.25","12.8643","25.9100","0.2969853808","0.0433","0.0811","0.0880","0.0746","0.0312112174","0.002800","0.0027027027","0.0363","0.0309","0.0003272825","-0.0006430939","0.032714","0.031381"
"199408","475.50","12.8937","26.6200","0.2856838193","0.0448","0.0807","0.0874","0.0761","0.0287065182","0.003700","0.0040431267","-0.0086","-0.0031","0.0005603876","-0.0009749581","0.041341","0.037990"
"199409","462.71","12.9230","27.3300","0.2909046586","0.0462","0.0834","0.0898","0.0800","0.0290032948","0.003700","0.0026845638","-0.0331","-0.0265","0.0008018930","-0.0008392978","-0.023940","-0.026238"
"199410","472.35","13.0053","28.4200","0.2860712737","0.0495","0.0857","0.0920","0.0809","0.0260004953","0.003800","0.0006693440","-0.0025","-0.0050","0.0011584280","-0.0007717289","0.022622","0.021043"
"199411","453.69","13.0877","29.5100","0.2989926143","0.0529","0.0868","0.0932","0.0808","0.0229171470","0.003700","0.0013377926","0.0066","0.0018","0.0008363991","-0.0005588157","-0.036248","-0.039423"
"199412","459.27","13.1700","30.6000","0.2915683000","0.0560","0.0846","0.0910","0.0799","0.0165942926","0.004400","0.0000000000","0.0161","0.0157","0.0007049230","-0.0005760069","0.014955","0.012419"
"199501","470.42","13.1700","31.2500","0.2908537344","0.0571","0.0846","0.0908","0.0780","0.0150933699","0.004200","0.0040080160","0.0273","0.0256","0.0002893766","-0.0007797873","0.026000","0.024348"
"199502","487.39","13.1700","31.9000","0.2787300356","0.0577","0.0826","0.0885","0.0758","0.0145320951","0.004000","0.0039920160","0.0287","0.0289","0.0004724141","-0.0007155156","0.039228","0.036328"
"199503","500.71","13.1700","32.5500","0.3138765419","0.0573","0.0812","0.0870","0.0755","0.0143885983","0.004600","0.0033134526","0.0091","0.0095","0.0004843058","-0.0005667705","0.029334","0.027179"
"199504","514.71","13.2337","33.1767","0.3019947008","0.0565","0.0803","0.0860","0.0745","0.0130124069","0.004400","0.0033025099","0.0169","0.0175","0.0002569204","-0.0006268823","0.029395","0.027914"
"199505","533.40","13.2973","33.8033","0.2922642542","0.0567","0.0765","0.0820","0.0677","0.0107437780","0.005400","0.0019749835","0.0790","0.0631","0.0010114421","-0.0003976842","0.039809","0.036454"
"199506","544.75","13.3610","34.4300","0.2864296179","0.0547","0.0730","0.0790","0.0670","0.0082749191","0.004700","0.0019710907","0.0139","0.0079","0.0006967643","-0.0002677257","0.024155","0.022198"
"199507","562.06","13.4323","34.6800","0.2771603672","0.0542","0.0741","0.0804","0.0691","0.0070611198","0.004500","0.0000000000","-0.0168","-0.0101","0.0007732277","-0.0002910918","0.033405","0.032023"
"199508","561.88","13.5037","34.9300","0.2830461347","0.0540","0.0757","0.0819","0.0674","0.0091214683","0.004700","0.0026229508","0.0236","0.0214","0.0002067297","-0.0001379734","0.003502","0.000642"
"199509","584.41","13.5750","35.1800","0.2724949976","0.0528","0.0732","0.0793","0.0663","0.0063793530","0.004300","0.0019620667","0.0175","0.0153","0.0003814536","-0.0001402155","0.042102","0.040182"
"199510","581.50","13.6460","34.7733","0.2744202453","0.0528","0.0712","0.0775","0.0641","0.0122212523","0.004700","0.0032637076","0.0294","0.0185","0.0004878173","0.0000207943","-0.003442","-0.004864"
"199511","605.37","13.7170","34.3667","0.2571688515","0.0536","0.0702","0.0768","0.0623","0.0168709535","0.004200","-0.0006506181","0.0249","0.0242","0.0005461627","-0.0000779813","0.044179","0.041338"
"199512","615.93","13.7880","33.9600","0.2550263829","0.0514","0.0682","0.0749","0.0603","0.0155265173","0.004900","-0.0006510417","0.0272","0.0228","0.0008205365","-0.0001466042","0.017643","0.015809"
"199601","636.02","13.8933","33.9867","0.2418771721","0.0500","0.0681","0.0747","0.0609","0.0161278629","0.004300","0.0058631922","-0.0011","0.0014","0.0013839551","-0.0000531418","0.034861","0.033415"
"199602","640.43","13.9987","34.0133","0.2378947371","0.0483","0.0699","0.0763","0.0659","0.0168013686","0.003900","0.0032383420","-0.0483","-0.0373","0.0012676309","-0.0002278549","0.010088","0.007689"
"199603","645.50","14.1040","34.0400","0.2392996154","0.0496","0.0735","0.0803","0.0684","0.0168919131","0.003900","0.0051646223","-0.0210","-0.0130","0.0017417161","0.0000305558","0.009585","0.007860"
"199604","654.17","14.1603","34.3300","0.2400758062","0.0495","0.0750","0.0819","0.0706","0.0211219538","0.004600","0.0038535645","-0.0165","-0.0160","0.0009818376","0.0000682249","0.015133","0.013857"
"199605","669.12","14.2167","34.6200","0.2369235155","0.0502","0.0762","0.0830","0.0717","0.0264191545","0.004200","0.0019193858","-0.0054","0.0005","0.0011252912","-0.0002545209","0.025257","0.022530"
"199606","670.63","14.2730","34.9100","0.2364437252","0.0509","0.0771","0.0840","0.0703","0.0272161737","0.004000","0.0006385696","0.0203","0.0172","0.0003948038","-0.0008478904","0.004128","0.002562"
"199607","639.95","14.4033","35.2733","0.2418198938","0.0515","0.0765","0.0835","0.0707","0.0311368642","0.004500","0.0019144863","0.0018","0.0010","0.0023551484","-0.0004704749","-0.044444","-0.046048"
"199608","651.99","14.5337","35.6367","0.2380611179","0.0505","0.0746","0.0818","0.0726","0.0308861056","0.004100","0.0019108280","-0.0139","-0.0070","0.0011215207","-0.0003522358","0.021928","0.019589"
"199609","687.31","14.6640","36.0000","0.2272973181","0.0509","0.0766","0.0835","0.0704","0.0295807368","0.004400","0.0031786395","0.0290","0.0259","0.0006862430","-0.0005386936","0.056035","0.054112"
"199610","705.27","14.7423","36.9100","0.2217476558","0.0499","0.0739","0.0807","0.0671","0.0256558088","0.004200","0.0031685678","0.0404","0.0361","0.0006066450","-0.0005314503","0.026798","0.025348"
"199611","757.02","14.8207","37.8200","0.2050079191","0.0503","0.0710","0.0779","0.0643","0.0220673413","0.004100","0.0018951358","0.0351","0.0263","0.0007037354","-0.0006139252","0.076441","0.074218"
"199612","740.74","14.8990","38.7300","0.2073427297","0.0491","0.0720","0.0789","0.0673","0.0241256867","0.004600","0.0000000000","-0.0256","-0.0186","0.0017090846","-0.0003967552","-0.019798","-0.021518"
"199701","786.16","14.9523","39.2333","0.1962401029","0.0503","0.0742","0.0809","0.0689","0.0244069327","0.004500","0.0031525851","-0.0079","-0.0028","0.0013600822","-0.0007941293","0.062827","0.061689"
"199702","790.82","15.0057","39.7367","0.1943954108","0.0501","0.0731","0.0794","0.0694","0.0229109266","0.003900","0.0031426776","0.0005","0.0028","0.0014747914","-0.0013029057","0.007752","0.005800"
"199703","757.12","15.0590","40.2400","0.2147802023","0.0514","0.0755","0.0818","0.0723","0.0211485434","0.004300","0.0025062657","-0.0252","-0.0221","0.0020014615","-0.0013083062","-0.041688","-0.043310"
"199704","801.34","15.0930","40.3433","0.2017410478","0.0516","0.0773","0.0834","0.0705","0.0169452901","0.004300","0.0012500000","0.0255","0.0184","0.0030050810","-0.0008719220","0.060274","0.059016"
"199705","848.28","15.1270","40.4467","0.1928785879","0.0505","0.0758","0.0820","0.0701","0.0132644502","0.004900","-0.0006242197","0.0097","0.0128","0.0020074558","-0.0008784074","0.061401","0.059272"
"199706","885.14","15.1610","40.5500","0.1842876150","0.0493","0.0741","0.0802","0.0688","0.0108467070","0.003700","0.0012492192","0.0195","0.0187","0.0019744632","-0.0006620977","0.044103","0.042762"
"199707","954.29","15.2183","40.5800","0.1719649430","0.0505","0.0714","0.0775","0.0637","0.0115926587","0.004300","0.0012476606","0.0626","0.0528","0.0020102151","-0.0006272571","0.080388","0.078977"
"199708","899.47","15.2757","40.6100","0.1855054038","0.0514","0.0722","0.0782","0.0672","0.0128772630","0.004100","0.0018691589","-0.0317","-0.0240","0.0024647217","-0.0004309205","-0.054975","-0.056458"
"199709","947.28","15.3330","40.6400","0.1779678570","0.0495","0.0715","0.0770","0.0649","0.0146342661","0.004400","0.0024875622","0.0316","0.0226","0.0026264943","-0.0007428601","0.053886","0.052408"
"199710","914.62","15.3877","40.3333","0.1900006773","0.0497","0.0700","0.0757","0.0623","0.0162628256","0.004200","0.0024813896","0.0341","0.0191","0.0093638214","-0.0005992388","-0.032605","-0.033730"
"199711","955.40","15.4423","40.0267","0.1807462988","0.0514","0.0687","0.0742","0.0614","0.0156672081","0.003900","-0.0006188119","0.0148","0.0101","0.0026621100","-0.0007918427","0.046321","0.044625"
"199712","970.43","15.4970","39.7200","0.1788008842","0.0516","0.0676","0.0732","0.0602","0.0155594713","0.004800","-0.0012383901","0.0184","0.0163","0.0022493744","-0.0008887790","0.017147","0.015700"
"199801","980.28","15.5450","39.6600","0.1788402734","0.0504","0.0661","0.0719","0.0589","0.0137396363","0.004300","0.0018598884","0.0200","0.0137","0.0024688425","-0.0007004554","0.011994","0.011080"
"199802","1,049.34","15.5930","39.6000","0.1654630971","0.0509","0.0667","0.0725","0.0599","0.0120563774","0.003900","0.0018564356","-0.0072","-0.0007","0.0010533477","-0.0008048460","0.071956","0.070303"
"199803","1,101.75","15.6410","39.5400","0.1811403960","0.0503","0.0672","0.0732","0.0602","0.0164888614","0.003900","0.0018529957","0.0025","0.0038","0.0011367858","-0.0007397901","0.051336","0.050104"
"199804","1,111.75","15.7440","39.3500","0.1758729222","0.0495","0.0669","0.0733","0.0604","0.0164053658","0.004300","0.0018495684","0.0026","0.0053","0.0016147640","-0.0009559644","0.011275","0.010232"
"199805","1,090.82","15.8470","39.1600","0.1791022057","0.0500","0.0669","0.0730","0.0592","0.0190752061","0.004000","0.0018461538","0.0182","0.0167","0.0009588233","-0.0008915195","-0.017674","-0.019206"
"199806","1,133.84","15.9500","38.9700","0.1780606060","0.0498","0.0653","0.0713","0.0576","0.0240105767","0.004100","0.0012285012","0.0228","0.0115","0.0020973439","-0.0011688478","0.040970","0.039800"
"199807","1,120.67","16.0143","38.6767","0.1794381089","0.0496","0.0655","0.0715","0.0584","0.0253535652","0.004000","0.0012269939","-0.0040","-0.0056","0.0022281758","-0.0023045245","-0.010109","-0.011112"
"199808","957.28","16.0787","38.3833","0.2114320916","0.0490","0.0652","0.0714","0.0547","0.0285190292","0.004300","0.0012254902","0.0465","0.0089","0.0093339170","-0.0018568563","-0.143124","-0.144504"
"199809","1,017.01","16.1430","38.0900","0.2032484042","0.0461","0.0640","0.0709","0.0517","0.0240829091","0.004600","0.0012239902","0.0395","0.0413","0.0099710169","-0.0016339078","0.063176","0.061612"
"199810","1,098.67","16.1603","37.9633","0.1855190768","0.0396","0.0637","0.0718","0.0540","0.0207400892","0.003200","0.0024449878","-0.0218","-0.0190","0.0051715275","-0.0013748512","0.080111","0.079144"
"199811","1,163.63","16.1777","37.8367","0.1748468445","0.0441","0.0641","0.0734","0.0535","0.0220035773","0.003100","0.0000000000","0.0097","0.0270","0.0019366789","-0.0012152598","0.062164","0.060685"
"199812","1,229.23","16.1950","37.7100","0.1736113154","0.0439","0.0622","0.0723","0.0542","0.0200570294","0.003800","-0.0006097561","-0.0032","0.0010","0.0032868972","-0.0010338728","0.059673","0.058454"
"199901","1,279.64","16.2797","37.9333","0.1703206191","0.0434","0.0624","0.0729","0.0536","0.0155876993","0.003500","0.0024405125","0.0121","0.0123","0.0033356136","-0.0012959934","0.042800","0.042000"
"199902","1,238.33","16.3643","38.1567","0.1712768096","0.0444","0.0640","0.0739","0.0587","0.0184466675","0.003500","0.0012172855","-0.0520","-0.0401","0.0034821497","-0.0011728518","-0.031935","-0.033156"
"199903","1,286.37","16.4490","38.3800","0.1728971707","0.0444","0.0662","0.0753","0.0592","0.0206681224","0.004300","0.0030395137","-0.0008","0.0002","0.0032135873","-0.0010753509","0.038979","0.037774"
"199904","1,335.18","16.4487","39.2600","0.1568258764","0.0429","0.0664","0.0748","0.0594","0.0251812663","0.003700","0.0072727273","0.0021","-0.0024","0.0027266260","-0.0012580821","0.037559","0.036771"
"199905","1,301.84","16.4483","40.1400","0.1602311354","0.0450","0.0693","0.0772","0.0615","0.0258974347","0.003400","0.0000000000","-0.0185","-0.0176","0.0030856487","-0.0011522804","-0.023159","-0.024833"
"199906","1,372.71","16.4480","41.0200","0.1542274468","0.0457","0.0723","0.0802","0.0627","0.0188685806","0.004000","0.0000000000","-0.0078","-0.0160","0.0024092465","-0.0011446288","0.054431","0.053398"
"199907","1,328.72","16.5123","42.0000","0.1587964727","0.0455","0.0719","0.0795","0.0639","0.0193704415","0.003800","0.0030084236","-0.0077","-0.0113","0.0016111779","-0.0011695952","-0.030220","-0.031084"
"199908","1,320.41","16.5767","42.9800","0.1562430269","0.0472","0.0740","0.0815","0.0649","0.0188807383","0.003900","0.0023995201","-0.0053","-0.0026","0.0027298485","-0.0010558461","-0.005004","-0.006251"
"199909","1,282.71","16.6410","43.9600","0.1636844982","0.0468","0.0739","0.0820","0.0646","0.0203796791","0.003900","0.0047875524","0.0084","0.0093","0.0027049432","-0.0009857026","-0.028079","-0.029257"
"199910","1,362.93","16.6580","45.3633","0.1576906607","0.0486","0.0755","0.0838","0.0651","0.0204452369","0.003900","0.0017867778","-0.0012","0.0047","0.0048759751","-0.0005150403","0.064238","0.063512"
"199911","1,388.91","16.6750","46.7667","0.1555459671","0.0507","0.0736","0.0815","0.0662","0.0182804544","0.003600","0.0005945303","-0.0061","-0.0024","0.0013542672","0.0001107107","0.020822","0.019547"
"199912","1,469.25","16.6920","48.1700","0.1471672594","0.0520","0.0755","0.0819","0.0682","0.0178887565","0.004400","0.0000000000","-0.0155","-0.0102","0.0011487749","0.0000642780","0.062579","0.061549"
"200001","1,394.46","16.7153","49.0967","0.1546541600","0.0532","0.0778","0.0833","0.0666","0.0253587807","0.004100","0.0029708853","0.0228","-0.0021","0.0052062998","0.0006223722","-0.049630","-0.050296"
"200002","1,366.42","16.7387","50.0233","0.1670564326","0.0555","0.0768","0.0829","0.0646","0.0274188140","0.004300","0.0059241706","0.0264","0.0092","0.0030004662","0.0004046909","-0.017458","-0.018666"
"200003","1,498.58","16.7620","50.9500","0.1499735618","0.0569","0.0768","0.0837","0.0618","0.0182913901","0.004700","0.0082449941","0.0367","0.0169","0.0066783159","0.0001848837","0.098488","0.097431"
"200004","1,452.43","16.7427","51.2733","0.1526004182","0.0566","0.0764","0.0840","0.0630","0.0119449458","0.004600","0.0005841121","-0.0076","-0.0115","0.0079417469","-0.0003869421","-0.031583","-0.032308"
"200005","1,420.60","16.7233","51.5967","0.1556687311","0.0579","0.0799","0.0890","0.0640","0.0091785275","0.005000","0.0011675423","-0.0054","-0.0161","0.0051854234","0.0000089130","-0.022304","-0.023617"
"200006","1,454.60","16.7040","51.9200","0.1567779616","0.0569","0.0767","0.0848","0.0622","0.0071242127","0.004000","0.0052478134","0.0244","0.0326","0.0023597572","-0.0002467433","0.026219","0.025497"
"200007","1,430.83","16.5850","52.5133","0.1556741510","0.0596","0.0765","0.0835","0.0611","0.0047122339","0.004800","0.0023201856","0.0173","0.0179","0.0020654329","0.0000071590","-0.012795","-0.013559"
"200008","1,517.68","16.4660","53.1067","0.1460530640","0.0609","0.0755","0.0826","0.0594","0.0046746382","0.005000","0.0000000000","0.0240","0.0135","0.0010392529","-0.0002776155","0.062594","0.061275"
"200009","1,436.51","16.3470","53.7000","0.1537894629","0.0600","0.0762","0.0835","0.0612","0.0044689258","0.005100","0.0052083333","-0.0157","0.0046","0.0015999952","-0.0005084875","-0.052088","-0.052795"
"200010","1,429.40","16.3217","52.4667","0.1493007889","0.0611","0.0755","0.0834","0.0600","0.0037442804","0.005600","0.0017271157","0.0187","0.0045","0.0055682093","-0.0013389528","-0.004120","-0.004829"
"200011","1,314.95","16.2963","51.2333","0.1572808929","0.0617","0.0745","0.0828","0.0576","0.0011574522","0.005100","0.0005747126","0.0319","0.0263","0.0032724144","-0.0018525551","-0.078268","-0.079557"
"200012","1,320.28","16.2710","50.0000","0.1518515036","0.0577","0.0721","0.0802","0.0558","-0.0022617472","0.005000","-0.0005743825","0.0243","0.0270","0.0052992481","-0.0005248530","0.005720","0.004861"
"200101","1,366.01","16.1717","48.4800","0.1504496662","0.0515","0.0715","0.0793","0.0562","-0.0031925908","0.005400","0.0063218391","0.0005","0.0359","0.0049410180","-0.0015650504","0.032372","0.031555"
"200102","1,239.94","16.0723","46.9600","0.1560700913","0.0488","0.0710","0.0787","0.0549","-0.0068557205","0.003800","0.0039977156","0.0191","0.0127","0.0025284102","-0.0022728464","-0.090952","-0.092131"
"200103","1,160.33","15.9730","45.4400","0.1331135514","0.0442","0.0698","0.0784","0.0559","-0.0052134444","0.004200","0.0022753129","-0.0074","-0.0029","0.0071395945","-0.0018640665","-0.063706","-0.064587"
"200104","1,249.46","15.8773","42.5567","0.1224969006","0.0387","0.0720","0.0807","0.0593","-0.0025430255","0.003900","0.0039727582","-0.0313","-0.0128","0.0074262611","-0.0010245789","0.077824","0.076981"
"200105","1,255.82","15.7817","39.6733","0.1205101880","0.0362","0.0729","0.0807","0.0594","-0.0002482857","0.003200","0.0045223290","0.0037","0.0132","0.0025362374","-0.0011840987","0.006859","0.005330"
"200106","1,224.42","15.6860","36.7900","0.1252094328","0.0349","0.0718","0.0797","0.0590","0.0050407545","0.002800","0.0016882386","0.0085","0.0055","0.0015083583","-0.0015922058","-0.024505","-0.025183"
"200107","1,211.23","15.7027","33.9633","0.1249665833","0.0351","0.0713","0.0797","0.0561","0.0079138367","0.003000","-0.0028089888","0.0376","0.0361","0.0028996134","-0.0020270501","-0.009317","-0.010248"
"200108","1,133.58","15.7193","31.1367","0.1321641438","0.0336","0.0702","0.0785","0.0546","0.0099183208","0.003100","0.0000000000","0.0206","0.0156","0.0022215212","-0.0026412673","-0.063435","-0.064933"
"200109","1,040.94","15.7360","28.3100","0.1486285882","0.0264","0.0717","0.0803","0.0542","0.0086527340","0.002800","0.0045070423","0.0081","-0.0152","0.0071675937","-0.0018229150","-0.080361","-0.081352"
"200110","1,059.78","15.7373","27.1033","0.1449013996","0.0216","0.0703","0.0791","0.0506","0.0107492736","0.002200","-0.0033651150","0.0464","0.0437","0.0032497725","-0.0013347395","0.019540","0.018546"
"200111","1,139.45","15.7387","25.8967","0.1334813667","0.0187","0.0697","0.0781","0.0553","0.0111617665","0.001700","-0.0016882386","-0.0471","-0.0188","0.0021893580","-0.0010598798","0.078787","0.077259"
"200112","1,148.08","15.7400","24.6900","0.1312178459","0.0169","0.0677","0.0805","0.0575","0.0134648247","0.001500","-0.0039458850","-0.0183","-0.0090","0.0017979581","-0.0013361672","0.009051","0.007849"
"200201","1,130.20","15.7367","24.6933","0.1325605487","0.0165","0.0655","0.0787","0.0569","0.0111912895","0.001400","0.0022637238","0.0138","0.0175","0.0021838795","-0.0020042449","-0.014324","-0.015320"
"200202","1,106.73","15.7333","24.6967","0.1301190857","0.0172","0.0651","0.0789","0.0563","0.0124990208","0.001300","0.0039525692","0.0115","0.0130","0.0025678430","-0.0018207545","-0.019481","-0.020973"
"200203","1,147.39","15.7300","24.7000","0.2368334023","0.0179","0.0681","0.0811","0.0604","0.0137594442","0.001300","0.0056242970","-0.0436","-0.0295","0.0020148209","-0.0022385902","0.037572","0.036690"
"200204","1,076.92","15.8330","25.3800","0.2477323126","0.0171","0.0676","0.0803","0.0575","0.0151068540","0.001500","0.0055928412","0.0410","0.0253","0.0023197780","-0.0020475182","-0.061001","-0.061826"
"200205","1,067.14","15.9360","26.0600","0.2482556141","0.0173","0.0675","0.0809","0.0578","0.0222773404","0.001400","0.0000000000","0.0015","0.0113","0.0041016102","-0.0021417790","-0.007800","-0.009438"
"200206","989.81","16.0390","26.7400","0.2665725018","0.0170","0.0663","0.0795","0.0566","0.0275227705","0.001300","0.0005561735","0.0187","0.0073","0.0037079467","-0.0026067905","-0.071349","-0.072611"
"200207","911.62","15.9590","27.8400","0.2820321945","0.0168","0.0653","0.0790","0.0544","0.0284410263","0.001500","0.0011117287","0.0303","0.0094","0.0153427907","-0.0024205352","-0.073987","-0.075074"
"200208","916.07","15.8790","28.9400","0.2844115560","0.0162","0.0637","0.0758","0.0510","0.0247476984","0.001400","0.0033314825","0.0464","0.0452","0.0094092909","-0.0029084989","0.007061","0.005401"
"200209","815.29","15.7990","30.0400","0.3245551555","0.0163","0.0615","0.0740","0.0480","0.0292992960","0.001400","0.0016602103","0.0417","0.0330","0.0073661128","-0.0032126151","-0.108965","-0.110421"
"200210","885.76","15.8907","29.2233","0.2934370638","0.0158","0.0632","0.0773","0.0508","0.0256709320","0.001400","0.0016574586","-0.0294","-0.0240","0.0115896355","-0.0037533659","0.088599","0.087103"
"200211","936.31","15.9823","28.4067","0.2769754993","0.0123","0.0631","0.0762","0.0521","0.0229075973","0.001200","0.0000000000","-0.0122","0.0130","0.0044490751","-0.0041663869","0.059019","0.057288"
"200212","879.82","16.0740","27.5900","0.2953858956","0.0119","0.0621","0.0745","0.0484","0.0257359814","0.001100","-0.0022062879","0.0507","0.0361","0.0026395380","-0.0041443054","-0.058834","-0.060464"
"200301","855.70","16.1240","28.5000","0.3059423072","0.0117","0.0617","0.0735","0.0495","0.0282889555","0.001000","0.0044223328","-0.0106","0.0021","0.0051675744","NaN","-0.026579","-0.027860"
"200302","841.15","16.1740","29.4100","0.3122513206","0.0117","0.0595","0.0706","0.0472","0.0279187105","0.000900","0.0077050083","0.0329","0.0264","0.0025641197","NaN","-0.015246","-0.017225"
"200303","848.18","16.2240","30.3200","0.2861177008","0.0113","0.0589","0.0695","0.0486","0.0240985953","0.001000","0.0060076461","-0.0135","-0.0080","0.0061361179","NaN","0.010308","0.008967"
"200304","916.92","16.2043","31.7300","0.2696540306","0.0113","0.0574","0.0685","0.0481","0.0199668846","0.001000","-0.0021715527","0.0102","0.0229","0.0030648098","NaN","0.082774","0.081462"
"200305","963.59","16.1847","33.1400","0.2583755061","0.0107","0.0522","0.0638","0.0436","0.0064481102","0.000900","-0.0016322089","0.0592","0.0471","0.0022283195","NaN","0.053251","0.051508"
"200306","974.51","16.1650","34.5500","0.2544883373","0.0092","0.0497","0.0619","0.0452","0.0012618836","0.001000","0.0010899183","-0.0154","-0.0143","0.0019977007","NaN","0.012816","0.011351"
"200307","990.31","16.3053","35.8933","0.2476433348","0.0090","0.0549","0.0662","0.0542","0.0002715813","0.000700","0.0010887316","-0.0982","-0.0881","0.0020460156","NaN","0.017932","0.016505"
"200308","1,008.01","16.4457","37.2367","0.2428560733","0.0095","0.0588","0.0701","0.0532","0.0029170177","0.000700","0.0038064165","0.0166","0.0219","0.0009660564","NaN","0.019597","0.018014"
"200309","995.97","16.5860","38.5800","0.2465417826","0.0094","0.0572","0.0679","0.0490","0.0073234015","0.000800","0.0032502709","0.0546","0.0503","0.0018690885","NaN","-0.010737","-0.012107"
"200310","1,050.71","16.8523","41.9667","0.2333089667","0.0092","0.0570","0.0673","0.0518","0.0072114259","0.000700","-0.0010799136","-0.0283","-0.0203","0.0014076127","NaN","0.055560","0.053970"
"200311","1,058.20","17.1187","45.3533","0.2337541521","0.0093","0.0565","0.0666","0.0519","0.0100007887","0.000700","-0.0027027027","-0.0027","0.0052","0.0009196631","NaN","0.009259","0.007606"
"200312","1,111.92","17.3850","48.7400","0.2187398648","0.0090","0.0562","0.0660","0.0511","0.0069463157","0.000800","-0.0010840108","0.0139","0.0139","0.0008937000","NaN","0.051780","0.050107"
"200401","1,131.13","17.5980","49.8267","0.2180277210","0.0088","0.0554","0.0644","0.0499","0.0068865017","0.000700","0.0048833424","0.0187","0.0187","0.0009787934","NaN","0.019078","0.017991"
"200402","1,144.94","17.8110","50.9133","0.2160532204","0.0093","0.0550","0.0627","0.0483","0.0093613224","0.000600","0.0053995680","0.0230","0.0178","0.0006107509","NaN","0.014403","0.012716"
"200403","1,126.21","18.0240","52.0000","0.2817314655","0.0094","0.0533","0.0611","0.0474","0.0122820384","0.000900","0.0064446831","0.0141","0.0118","0.0019812495","NaN","-0.014982","-0.016267"
"200404","1,107.30","18.2167","53.3833","0.2853718668","0.0094","0.0573","0.0646","0.0531","0.0137662795","0.000800","0.0032017076","-0.0588","-0.0534","0.0012309377","NaN","-0.015584","-0.016719"
"200405","1,120.68","18.4093","54.7667","0.2864115739","0.0102","0.0604","0.0675","0.0539","0.0163300833","0.000600","0.0058510638","-0.0051","-0.0071","0.0009776153","NaN","0.013629","0.012024"
"200406","1,140.84","18.6020","56.1500","0.2796316030","0.0127","0.0601","0.0678","0.0532","0.0144914269","0.000800","0.0031729244","0.0121","0.0093","0.0007707704","NaN","0.019488","0.018019"
"200407","1,101.72","18.7890","56.6900","0.2877883095","0.0133","0.0582","0.0662","0.0523","0.0147206707","0.001000","-0.0015814444","0.0155","0.0184","0.0007770943","NaN","-0.032954","-0.034111"
"200408","1,104.24","18.9760","57.2300","0.2868206158","0.0148","0.0565","0.0646","0.0493","0.0142786966","0.001100","0.0005279831","0.0395","0.0395","0.0014428520","NaN","0.003807","0.002019"
"200409","1,114.58","19.1630","57.7700","0.2894853015","0.0165","0.0546","0.0627","0.0488","0.0091322561","0.001100","0.0021108179","0.0096","0.0101","0.0007056832","NaN","0.010817","0.009347"
"200410","1,130.20","19.2560","58.0300","0.2910095966","0.0176","0.0547","0.0621","0.0478","0.0074288562","0.001100","0.0052659294","0.0154","0.0164","0.0012304685","NaN","0.014973","0.013699"
"200411","1,173.82","19.3490","58.2900","0.2798316459","0.0207","0.0552","0.0620","0.0502","0.0121769100","0.001500","0.0005238345","-0.0234","-0.0200","0.0008574256","NaN","0.040559","0.035572"
"200412","1,211.92","19.4420","58.5500","0.2706192427","0.0219","0.0547","0.0615","0.0484","0.0130015047","0.001600","-0.0036649215","0.0250","0.0257","0.0007278502","NaN","0.033734","0.032086"
"200501","1,181.27","19.7030","59.1067","0.2781798561","0.0233","0.0536","0.0602","0.0465","0.0135454958","0.001600","0.0021019443","0.0300","0.0277","0.0008214051","NaN","-0.023824","-0.024749"
"200502","1,203.60","19.9640","59.6633","0.2710410236","0.0254","0.0520","0.0582","0.0479","0.0117584139","0.001600","0.0057682223","-0.0128","-0.0112","0.0008344437","NaN","0.021152","0.019015"
"200503","1,180.59","20.2250","60.2200","0.3198568893","0.0274","0.0540","0.0606","0.0488","0.0090972310","0.002100","0.0078206465","-0.0072","-0.0125","0.0008598946","NaN","-0.017240","-0.018729"
"200504","1,156.85","20.4583","61.2333","0.3296244007","0.0278","0.0533","0.0605","0.0461","0.0079355619","0.002100","0.0067252975","0.0373","0.0327","0.0018258937","NaN","-0.018926","-0.020076"
"200505","1,191.50","20.6917","62.2467","0.3209655046","0.0284","0.0515","0.0601","0.0440","0.0047766126","0.002400","-0.0010277492","0.0297","0.0295","0.0008594160","NaN","0.031994","0.030156"
"200506","1,191.33","20.9250","63.2600","0.3269790569","0.0297","0.0496","0.0586","0.0429","0.0053656599","0.002300","0.0005144033","0.0167","0.0141","0.0005421187","NaN","0.001717","0.000139"
"200507","1,234.18","21.1070","64.3300","0.3157342746","0.0322","0.0506","0.0595","0.0456","0.0044800758","0.002400","0.0046272494","-0.0288","-0.0244","0.0006499082","NaN","0.037364","0.036163"
"200508","1,220.33","21.2890","65.4000","0.3205331247","0.0344","0.0509","0.0596","0.0432","0.0054049394","0.003000","0.0051177073","0.0333","0.0233","0.0006967234","NaN","-0.009159","-0.011265"
"200509","1,228.81","21.4710","66.4700","0.3178915098","0.0342","0.0513","0.0603","0.0464","0.0067164013","0.002900","0.0122199593","-0.0338","-0.0310","0.0006599007","NaN","0.008067","0.006916"
"200510","1,207.01","21.7193","67.5900","0.3218081871","0.0371","0.0535","0.0630","0.0484","0.0057493057","0.002700","0.0020120724","-0.0196","-0.0204","0.0018179863","NaN","-0.015672","-0.016697"
"200511","1,249.48","21.9677","68.7100","0.3109143456","0.0388","0.0542","0.0639","0.0481","0.0057679659","0.003100","-0.0080321285","0.0076","0.0099","0.0005398989","NaN","0.038289","0.035675"
"200512","1,248.29","22.2160","69.8300","0.3134779566","0.0389","0.0537","0.0632","0.0461","0.0030588856","0.003200","-0.0040485830","0.0267","0.0225","0.0004329976","NaN","-0.000060","-0.001396"
"200601","1,280.08","22.4053","70.7767","0.3092262579","0.0424","0.0529","0.0624","0.0474","-0.0004457404","0.003500","0.0076219512","-0.0118","-0.0093","0.0009754252","NaN","0.026442","0.025424"
"200602","1,280.66","22.5947","71.7233","0.3056103611","0.0443","0.0535","0.0627","0.0457","0.0020383228","0.003400","0.0020171457","0.0238","0.0128","0.0006485364","NaN","0.002425","0.000167"
"200603","1,294.87","22.7840","72.6700","0.3160094407","0.0451","0.0553","0.0641","0.0507","0.0021519945","0.003700","0.0055359839","-0.0539","-0.0404","0.0005452508","NaN","0.012909","0.011511"
"200604","1,310.61","23.0017","73.2767","0.3088419778","0.0460","0.0584","0.0668","0.0532","-0.0034725183","0.003600","0.0085085085","-0.0247","-0.0224","0.0005998073","NaN","0.012064","0.010850"
"200605","1,270.09","23.2193","73.8833","0.3143403075","0.0472","0.0595","0.0675","0.0535","-0.0026567382","0.004300","0.0049627792","0.0010","-0.0020","0.0013551637","NaN","-0.028319","-0.030519"
"200606","1,270.20","23.4370","74.4900","0.3148502899","0.0479","0.0589","0.0678","0.0531","-0.0021954894","0.004000","0.0019753086","0.0092","0.0039","0.0021028157","NaN","0.001587","0.000348"
"200607","1,276.66","23.6567","75.8500","0.3138521753","0.0495","0.0585","0.0676","0.0518","-0.0023631203","0.004000","0.0029571217","0.0199","0.0237","0.0014516632","NaN","0.005571","0.004510"
"200608","1,303.82","23.8763","77.2100","0.3084617987","0.0496","0.0568","0.0659","0.0496","-0.0084739867","0.004200","0.0019656020","0.0299","0.0361","0.0004692515","NaN","0.024150","0.021679"
"200609","1,335.85","24.0960","78.5700","0.3005932835","0.0481","0.0551","0.0643","0.0484","-0.0094934856","0.004100","-0.0049043649","0.0170","0.0183","0.0005133952","NaN","0.026487","0.025296"
"200610","1,377.94","24.3587","79.5500","0.2905991608","0.0492","0.0551","0.0642","0.0481","-0.0089347400","0.004100","-0.0054213898","0.0077","0.0127","0.0004505882","NaN","0.032527","0.031420"
"200611","1,400.63","24.6213","80.5300","0.2872418677","0.0494","0.0533","0.0620","0.0467","-0.0151110288","0.004200","-0.0014866204","0.0207","0.0246","0.0005921951","NaN","0.018385","0.015887"
"200612","1,418.30","24.8840","81.5100","0.2816823997","0.0485","0.0532","0.0622","0.0491","-0.0150367791","0.004000","0.0014888337","-0.0236","-0.0232","0.0003575308","NaN","0.013768","0.012294"
"200701","1,438.24","25.0873","82.0567","0.2781442105","0.0498","0.0540","0.0634","0.0502","-0.0139866635","0.004400","0.0030525273","-0.0102","-0.0051","0.0004504838","NaN","0.015313","0.014345"
"200702","1,406.82","25.2907","82.6033","0.2861484942","0.0503","0.0539","0.0628","0.0477","-0.0151410241","0.003800","0.0053503676","0.0335","0.0287","0.0014768552","NaN","-0.019288","-0.021598"
"200703","1,420.86","25.4940","83.1500","0.2690500135","0.0494","0.0530","0.0627","0.0493","-0.0124863526","0.004300","0.0091056959","-0.0145","-0.0231","0.0015875259","NaN","0.010894","0.009679"
"200704","1,482.37","25.7193","83.7402","0.2544561689","0.0487","0.0547","0.0639","0.0489","-0.0089118997","0.004400","0.0064961627","0.0085","0.0140","0.0005821462","NaN","0.043991","0.042857"
"200705","1,530.62","25.9447","84.3305","0.2439114941","0.0473","0.0547","0.0639","0.0510","-0.0102831177","0.004100","0.0061107187","-0.0200","-0.0178","0.0006965734","NaN","0.034459","0.032154"
"200706","1,503.35","26.1700","84.9207","0.2478956100","0.0461","0.0579","0.0670","0.0521","-0.0110640056","0.004000","0.0019379752","-0.0091","-0.0148","0.0014724362","NaN","-0.016620","-0.017829"
"200707","1,455.27","26.4393","82.8141","0.2515849644","0.0482","0.0573","0.0665","0.0501","-0.0152618551","0.004000","-0.0002543772","0.0284","-0.0032","0.0024262615","NaN","-0.031197","-0.032283"
"200708","1,473.99","26.7087","80.7074","0.2488398512","0.0420","0.0579","0.0665","0.0487","-0.0121975375","0.004200","-0.0018339022","0.0199","0.0152","0.0051339638","NaN","0.015094","0.012859"
"200709","1,526.75","26.9780","78.6007","0.2392074367","0.0389","0.0574","0.0659","0.0489","-0.0130150040","0.003200","0.0027559074","0.0012","0.0135","0.0018684768","NaN","0.037468","0.035923"
"200710","1,549.38","27.2293","74.4607","0.2386170601","0.0390","0.0566","0.0648","0.0480","-0.0179547999","0.003200","0.0021391913","0.0155","0.0088","0.0016828778","NaN","0.017360","0.016292"
"200711","1,481.14","27.4807","70.3207","0.2485796916","0.0327","0.0544","0.0640","0.0445","-0.0251586040","0.003400","0.0059396179","0.0468","0.0079","0.0056368360","NaN","-0.041382","-0.043581"
"200712","1,468.36","27.7320","66.1807","0.2505829731","0.0300","0.0549","0.0665","0.0450","-0.0406372941","0.002700","-0.0006708631","-0.0029","0.0028","0.0023453304","NaN","-0.006116","-0.007903"
"200801","1,378.55","27.9220","64.2507","0.2627544223","0.0275","0.0533","0.0654","0.0436","-0.0431791533","0.002100","0.0049705765","0.0213","0.0017","0.0048317857","NaN","-0.061166","-0.062332"
"200802","1,330.63","28.1120","62.3207","0.2709793210","0.0212","0.0553","0.0682","0.0438","-0.0496082153","0.001300","0.0029041122","0.0018","-0.0071","0.0032256417","NaN","-0.031419","-0.033693"
"200803","1,322.70","28.3020","60.3907","0.2540575672","0.0126","0.0551","0.0689","0.0432","-0.0518315586","0.001700","0.0086682129","0.0106","-0.0059","0.0063376728","NaN","-0.003400","-0.005054"
"200804","1,385.59","28.4387","57.3838","0.2430146964","0.0129","0.0555","0.0697","0.0458","-0.0488447293","0.001800","0.0060647784","-0.0288","0.0091","0.0029037295","NaN","0.048629","0.047490"
"200805","1,400.38","28.5753","54.3769","0.2465106122","0.0173","0.0557","0.0693","0.0475","-0.0454623897","0.001800","0.0084208860","-0.0164","-0.0277","0.0016406530","NaN","0.012986","0.010708"
"200806","1,280.00","28.7120","51.3700","0.2744913881","0.0186","0.0568","0.0707","0.0460","-0.0473768859","0.001700","0.0100769969","0.0220","-0.0061","0.0034252405","NaN","-0.082842","-0.084569"
"200807","1,267.38","28.7593","49.5633","0.2738156551","0.0163","0.0567","0.0716","0.0465","-0.0469318453","0.001500","0.0052510111","-0.0025","-0.0109","0.0044658468","NaN","-0.007306","-0.008738"
"200808","1,282.83","28.8067","47.7567","0.2698892455","0.0172","0.0564","0.0715","0.0449","-0.0463334367","0.001300","-0.0039915623","0.0242","0.0121","0.0034478472","NaN","0.014955","0.012682"
"200809","1,166.36","28.8540","45.9500","0.2871235482","0.0113","0.0565","0.0731","0.0443","-0.0489228444","0.001500","-0.0013830185","0.0112","-0.0863","0.0237746692","NaN","-0.085467","-0.087287"
"200810","968.75","28.6983","35.5933","0.3340993736","0.0067","0.0628","0.0888","0.0478","-0.0559541667","0.000800","-0.0101013333","-0.0383","-0.0450","0.0580885247","NaN","-0.166980","-0.168455"
"200811","896.24","28.5427","25.2367","0.3528673559","0.0019","0.0612","0.0921","0.0372","-0.0527795751","0.000300","-0.0191528953","0.1443","0.1174","0.0362568805","NaN","-0.073512","-0.076514"
"200812","903.25","28.3870","14.8800","0.3549842247","0.0003","0.0505","0.0843","0.0303","-0.0244984636","0.000000","-0.0103424738","0.0967","0.1560","0.0200900813","NaN","0.011995","0.009229"
"200901","825.88","28.0097","12.2067","0.3893931402","0.0013","0.0505","0.0814","0.0394","-0.0250561378","0.000000","0.0043524174","-0.1124","-0.0949","0.0119710960","NaN","-0.082615","-0.084039"
"200902","735.09","27.6323","9.5333","0.4411030550","0.0030","0.0527","0.0808","0.0401","-0.0249274947","0.000100","0.0049729330","-0.0056","-0.0308","0.0099612092","NaN","-0.103588","-0.107402"
"200903","797.87","27.2550","6.8600","0.4461408452","0.0021","0.0550","0.0842","0.0355","-0.0374273876","0.000200","0.0024317485","0.0641","-0.0018","0.0203643787","NaN","0.087634","0.084154"
"200904","872.81","26.7013","7.0767","0.4155974692","0.0016","0.0539","0.0839","0.0410","-0.0309930370","0.000100","0.0024963683","-0.0649","-0.0030","0.0075510403","NaN","0.094230","0.092550"
"200905","919.14","26.1477","7.2933","0.3993550839","0.0018","0.0554","0.0806","0.0432","-0.0243487574","0.000000","0.0028887638","-0.0248","0.0489","0.0063811403","NaN","0.054640","0.051848"
"200906","919.32","25.5940","7.5100","0.4018764058","0.0018","0.0561","0.0750","0.0429","-0.0220974913","0.000100","0.0085898923","0.0083","0.0350","0.0034725262","NaN","0.002476","0.000680"
"200907","987.48","25.0297","9.1867","0.3701258558","0.0018","0.0541","0.0709","0.0430","-0.0137816430","0.000100","-0.0015855869","0.0019","0.0565","0.0037710547","NaN","0.074482","0.073101"
"200908","1,020.62","24.4653","10.8633","0.3574715573","0.0017","0.0526","0.0658","0.0415","-0.0079214037","0.000100","0.0022428500","0.0231","0.0235","0.0021777240","NaN","0.034751","0.032255"
"200909","1,057.08","23.9010","12.5400","0.3495214306","0.0012","0.0513","0.0631","0.0403","-0.0000143322","0.000100","0.0006254807","0.0176","0.0273","0.0019126285","NaN","0.036534","0.034978"
"200910","1,036.19","23.4023","25.3500","0.3495052369","0.0007","0.0515","0.0629","0.0420","0.0031975992","0.000000","0.0009631012","-0.0171","0.0016","0.0038979663","NaN","-0.018259","-0.019458"
"200911","1,095.63","22.9037","38.1600","0.3281491062","0.0005","0.0519","0.0632","0.0406","0.0075319203","0.000000","0.0007077534","0.0208","0.0044","0.0020013190","NaN","0.060257","0.057607"
"200912","1,115.10","22.4050","50.9700","0.3255306601","0.0005","0.0526","0.0637","0.0458","0.0105944679","0.000100","-0.0017611982","-0.0584","-0.0275","0.0009334353","NaN","0.018983","0.017346"
"201001","1,073.87","22.2380","54.2900","0.3371946683","0.0006","0.0526","0.0625","0.0441","0.0134096854","0.000000","0.0034174736","0.0264","0.0096","0.0019917025","NaN","-0.035751","-0.036781"
"201002","1,104.49","22.0710","57.6100","0.3287713820","0.0011","0.0535","0.0634","0.0441","0.0139320766","0.000000","0.0002492074","0.0032","0.0039","0.0023732454","NaN","0.030424","0.028014"
"201003","1,169.43","21.9040","60.9300","0.3818781703","0.0015","0.0527","0.0627","0.0458","0.0263901075","0.000100","0.0041062835","-0.0179","0.0045","0.0006334088","NaN","0.061014","0.059430"
"201004","1,186.69","21.9483","62.9867","0.3766061292","0.0016","0.0529","0.0625","0.0437","0.0266511206","0.000100","0.0017368849","0.0304","0.0357","0.0017938348","NaN","0.015977","0.014957"
"201005","1,089.41","21.9927","65.0433","0.4090027948","0.0016","0.0496","0.0605","0.0407","0.0257196642","0.000100","0.0007751974","0.0437","-0.0051","0.0081078432","NaN","-0.080111","-0.082337"
"201006","1,030.71","22.0370","67.1000","0.4241765415","0.0012","0.0488","0.0623","0.0376","0.0187758808","0.000100","-0.0009762671","0.0446","0.0519","0.0055917548","NaN","-0.053525","-0.055115"
"201007","1,101.60","22.1423","68.6867","0.3961335532","0.0016","0.0472","0.0601","0.0377","0.0155567614","0.000100","0.0002110431","0.0024","0.0170","0.0033487858","NaN","0.070451","0.068620"
"201008","1,049.33","22.2477","70.2733","0.4139816191","0.0016","0.0449","0.0566","0.0327","0.0112177194","0.000100","0.0013806643","0.0702","0.0473","0.0027046021","NaN","-0.045434","-0.047840"
"201009","1,141.20","22.3530","71.8600","0.3843057828","0.0015","0.0453","0.0566","0.0341","0.0033375091","0.000100","0.0005817362","-0.0153","-0.0144","0.0023371834","NaN","0.090383","0.088751"
"201010","1,183.26","22.4783","73.6900","0.3728872859","0.0013","0.0468","0.0572","0.0367","0.0072316415","0.000100","0.0012451989","-0.0317","-0.0203","0.0010800704","NaN","0.038726","0.037081"
"201011","1,180.55","22.6037","75.5200","0.3766947543","0.0014","0.0487","0.0592","0.0380","0.0147980073","0.000100","0.0004206464","-0.0137","-0.0057","0.0017379520","NaN","-0.000051","-0.002571"
"201012","1,257.64","22.7290","77.3500","0.3581003169","0.0014","0.0502","0.0610","0.0414","0.0126118489","0.000100","0.0017184408","-0.0388","-0.0036","0.0008321360","NaN","0.067054","0.065249"
"201101","1,286.12","22.9630","78.6700","0.3486322237","0.0015","0.0504","0.0609","0.0432","0.0153678849","0.000100","0.0047632301","-0.0196","-0.0198","0.0008632301","NaN","0.023349","0.022319"
"201102","1,327.22","23.1970","79.9900","0.3390965735","0.0013","0.0522","0.0615","0.0426","0.0159181079","0.000100","0.0049313650","0.0113","0.0157","0.0010655334","NaN","0.032508","0.030251"
"201103","1,325.83","23.4310","81.3100","0.3542699394","0.0010","0.0513","0.0603","0.0429","0.0124760224","0.000100","0.0097510720","-0.0006","-0.0072","0.0023472643","NaN","0.000625","-0.000867"
"201104","1,363.61","23.7343","82.1633","0.3406968012","0.0006","0.0516","0.0602","0.0416","0.0093802004","0.000000","0.0064394295","0.0199","0.0239","0.0006365303","NaN","0.029441","0.028358"
"201105","1,345.20","24.0377","83.0167","0.3472221891","0.0004","0.0496","0.0578","0.0391","0.0091168436","0.000000","0.0047041875","0.0355","0.0257","0.0009342036","NaN","-0.011313","-0.013572"
"201106","1,320.64","24.3410","83.8700","0.3515700392","0.0004","0.0499","0.0575","0.0409","0.0117335532","0.000000","-0.0010709671","-0.0179","-0.0210","0.0022947474","NaN","-0.016545","-0.018106"
"201107","1,292.28","24.6210","84.9067","0.3594189030","0.0004","0.0493","0.0576","0.0378","0.0123705605","0.000000","0.0008860457","0.0422","0.0473","0.0018307400","NaN","-0.019828","-0.020982"
"201108","1,218.89","24.9010","85.9433","0.3758125221","0.0002","0.0437","0.0536","0.0315","0.0127265619","0.000100","0.0027575889","0.0862","0.0240","0.0192222162","NaN","-0.054323","-0.056735"
"201109","1,131.42","25.1810","86.9800","0.3999228470","0.0001","0.0409","0.0527","0.0265","0.0130493015","0.000000","0.0015184621","0.0704","0.0575","0.0069158594","NaN","-0.070238","-0.071739"
"201110","1,253.30","25.5957","86.9700","0.3650779046","0.0002","0.0398","0.0537","0.0291","0.0078925078","0.000000","-0.0020626826","-0.0306","0.0094","0.0074008554","NaN","0.109014","0.107554"
"201111","1,246.96","26.0103","86.9600","0.3623298975","0.0001","0.0387","0.0514","0.0273","-0.0043403130","0.000000","-0.0008435613","0.0251","-0.0356","0.0076796025","NaN","-0.002727","-0.005552"
"201112","1,257.60","26.4250","86.9500","0.3572325407","0.0001","0.0393","0.0525","0.0255","-0.0064973312","0.000000","-0.0024665164","0.0270","0.0512","0.0027640924","NaN","0.009427","0.007613"
"201201","1,312.41","26.7343","87.4800","0.3454873026","0.0003","0.0385","0.0523","0.0249","-0.0130621323","0.000000","0.0044001914","0.0002","0.0194","0.0006481340","NaN","0.045205","0.044003"
"201202","1,365.68","27.0437","88.0100","0.3369739354","0.0009","0.0385","0.0514","0.0272","-0.0144663133","0.000000","0.0044029736","-0.0196","0.0057","0.0006237000","NaN","0.043341","0.040744"
"201203","1,408.47","27.3530","88.5400","0.3461819674","0.0008","0.0399","0.0523","0.0297","-0.0137750499","0.000000","0.0075945586","-0.0302","-0.0303","0.0011552699","NaN","0.032866","0.031282"
"201204","1,397.91","27.6753","88.3333","0.3461403112","0.0008","0.0396","0.0519","0.0268","-0.0124140257","0.000000","0.0030210295","0.0409","0.0251","0.0016275451","NaN","-0.006034","-0.007237"
"201205","1,310.33","27.9977","88.1267","0.3690473597","0.0009","0.0380","0.0507","0.0221","-0.0152707539","0.000100","-0.0011734794","0.0643","0.0344","0.0014960906","NaN","-0.059790","-0.062433"
"201206","1,362.16","28.3200","87.9200","0.3551038851","0.0009","0.0364","0.0502","0.0233","-0.0190430644","0.000000","-0.0014663969","-0.0136","0.0064","0.0034372280","NaN","0.041465","0.039888"
"201207","1,379.32","28.7433","87.4467","0.3515937051","0.0010","0.0340","0.0487","0.0216","-0.0203207728","0.000000","-0.0016297859","0.0247","0.0612","0.0015528399","NaN","0.014363","0.013096"
"201208","1,406.58","29.1667","86.9733","0.3493870523","0.0010","0.0348","0.0491","0.0223","-0.0197829564","0.000100","0.0055651582","-0.0068","-0.0093","0.0007271274","NaN","0.022744","0.019938"
"201209","1,440.67","29.5900","86.5000","0.3403829538","0.0011","0.0349","0.0484","0.0235","-0.0174249011","0.000100","0.0044622123","-0.0146","-0.0126","0.0010446353","NaN","0.025120","0.023547"
"201210","1,412.16","30.1423","86.5033","0.3492371221","0.0010","0.0347","0.0458","0.0238","-0.0157131371","0.000100","-0.0003889251","-0.0014","0.0206","0.0009255333","NaN","-0.017837","-0.019227"
"201211","1,416.18","30.6946","86.5067","0.3511375309","0.0009","0.0350","0.0451","0.0228","-0.0120939255","0.000100","-0.0047380867","0.0144","-0.0092","0.0019026489","NaN","0.005326","0.002154"
"201212","1,426.19","31.2469","86.5100","0.3490324432","0.0007","0.0365","0.0463","0.0246","-0.0115491176","0.000100","-0.0026930645","-0.0202","-0.0062","0.0010357072","NaN","0.008508","0.005902"
"201301","1,498.11","31.5353","86.9067","0.3299840266","0.0007","0.0380","0.0473","0.0291","-0.0080167341","0.000000","0.0029573042","-0.0332","-0.0313","0.0009068013","NaN","0.052361","0.051024"
"201302","1,514.68","31.8236","87.3033","0.3254312323","0.0010","0.0390","0.0485","0.0285","-0.0088642493","0.000000","0.0081900295","0.0114","0.0093","0.0012427427","NaN","0.013013","0.010511"
"201303","1,569.19","32.1119","87.7000","0.3461299966","0.0009","0.0393","0.0485","0.0287","-0.0089106395","0.000000","0.0026145086","-0.0062","-0.0018","0.0004845200","NaN","0.037584","0.036025"
"201304","1,597.57","32.4967","88.7833","0.3400362539","0.0006","0.0373","0.0459","0.0264","-0.0080048589","0.000000","-0.0010396395","0.0378","0.0349","0.0016827472","NaN","0.019621","0.018482"
"201305","1,630.74","32.8815","89.8667","0.3338325978","0.0004","0.0389","0.0473","0.0309","-0.0047046811","0.000000","0.0017804078","-0.0629","-0.0536","0.0010155556","NaN","0.023120","0.020441"
"201306","1,606.28","33.2663","90.9500","0.3384443580","0.0005","0.0427","0.0519","0.0330","0.0001187088","0.000000","0.0023997081","-0.0285","-0.0371","0.0022476743","NaN","-0.013601","-0.015262"
"201307","1,685.73","33.6455","92.0900","0.3255625651","0.0004","0.0434","0.0532","0.0344","0.0083606059","0.000000","0.0003939975","-0.0173","0.0031","0.0005020654","NaN","0.050672","0.049287"
"201308","1,632.97","34.0247","93.2300","0.3407133274","0.0004","0.0454","0.0542","0.0351","0.0103321159","0.000000","0.0012029316","-0.0079","-0.0074","0.0009504246","NaN","-0.029207","-0.031638"
"201309","1,681.55","34.4039","94.3700","0.3335214846","0.0002","0.0464","0.0547","0.0349","0.0101187010","0.000000","0.0011630045","0.0061","0.0014","0.0006222223","NaN","0.031660","0.030064"
"201310","1,756.54","34.6000","96.3133","0.3245948250","0.0005","0.0453","0.0531","0.0342","0.0096228184","0.000000","-0.0025752833","0.0128","0.0211","0.0014383686","NaN","0.046268","0.044953"
"201311","1,805.81","34.7960","98.2567","0.3136852784","0.0007","0.0463","0.0538","0.0361","0.0103247749","0.000000","-0.0020424242","-0.0236","-0.0086","0.0006443989","NaN","0.030817","0.028398"
"201312","1,848.36","34.9920","100.2000","0.3044081256","0.0007","0.0462","0.0538","0.0378","0.0121439423","0.000000","-0.0000858115","-0.0207","0.0002","0.0007455165","NaN","0.025950","0.024196"
"201401","1,782.59","35.4039","100.4167","0.3214292767","0.0004","0.0449","0.0519","0.0342","0.0137652167","0.000000","0.0037202477","0.0548","0.0331","0.0013035884","NaN","-0.034666","-0.035731"
"201402","1,859.45","35.8158","100.6333","0.3091630718","0.0005","0.0445","0.0510","0.0339","0.0165761624","0.000000","0.0036979087","0.0074","0.0168","0.0012535647","NaN","0.045757","0.043194"
"201403","1,872.34","36.2277","100.8500","0.3506160657","0.0005","0.0438","0.0506","0.0337","0.0164163804","0.000000","0.0064400441","0.0063","0.0062","0.0008690325","NaN","0.008056","0.006537"
"201404","1,883.95","36.6120","101.6067","0.3480113191","0.0003","0.0424","0.0490","0.0326","0.0166232646","0.000000","0.0032967545","0.0181","0.0160","0.0013626925","NaN","0.006555","0.005388"
"201405","1,923.57","36.9963","102.3633","0.3451732560","0.0003","0.0416","0.0476","0.0309","0.0139852650","0.000000","0.0034926098","0.0279","0.0188","0.0005552042","NaN","0.023309","0.020895"
"201406","1,960.23","37.3807","103.1200","0.3429284585","0.0004","0.0425","0.0480","0.0313","0.0138854356","0.000000","0.0018621269","-0.0025","0.0020","0.0002819998","NaN","0.020635","0.019048"
"201407","1,930.67","37.7520","104.0667","0.3483798518","0.0003","0.0416","0.0473","0.0310","0.0084371731","0.000000","-0.0003901940","0.0057","0.0024","0.0009491219","NaN","-0.013974","-0.015278"
"201408","2,003.37","38.1233","105.0133","0.3374762040","0.0003","0.0408","0.0469","0.0287","0.0067389900","0.000000","-0.0016705142","0.0369","0.0356","0.0005462017","NaN","0.039777","0.037446"
"201409","1,972.29","38.4946","105.9600","0.3385761813","0.0002","0.0411","0.0480","0.0300","0.0079914430","0.000000","0.0007525688","-0.0170","-0.0271","0.0007210232","NaN","-0.013928","-0.015467"
"201410","2,018.05","38.8108","104.7433","0.3318083646","0.0002","0.0392","0.0469","0.0282","0.0080322917","0.000000","-0.0025122778","0.0300","0.0225","0.0029439983","NaN","0.023972","0.022800"
"201411","2,067.56","39.1270","103.5267","0.3236617860","0.0002","0.0392","0.0479","0.0264","0.0068915801","0.000000","-0.0053994179","0.0286","0.0173","0.0001502540","NaN","0.027631","0.025159"
"201412","2,058.90","39.4431","102.3100","0.3237556717","0.0003","0.0379","0.0474","0.0246","0.0056250385","0.000000","-0.0056701009","0.0290","0.0183","0.0019928394","NaN","-0.002473","-0.004249"
"201501","1,994.99","39.8976","101.2900","0.3361687625","0.0003","0.0346","0.0445","0.0200","0.0001909177","0.000000","-0.0047058924","0.0709","0.0599","0.0022266292","NaN","-0.029430","-0.030468"
"201502","2,104.50","40.3521","100.2700","0.3182272910","0.0002","0.0361","0.0451","0.0238","-0.0037666739","0.000000","0.0043430449","-0.0523","-0.0320","0.0008135397","NaN","0.056976","0.054305"
"201503","2,067.89","40.8066","99.2500","0.3074540451","0.0003","0.0364","0.0454","0.0230","-0.0068894585","0.000000","0.0059517216","0.0137","0.0058","0.0017203750","NaN","-0.014993","-0.016628"
"201504","2,085.51","41.1184","97.8033","0.3063442097","0.0002","0.0352","0.0448","0.0249","-0.0070747676","0.000000","0.0020328733","-0.0250","-0.0223","0.0005743428","NaN","0.009101","0.008004"
"201505","2,107.39","41.4302","96.3567","0.3034499530","0.0002","0.0398","0.0489","0.0262","-0.0080783906","0.000000","0.0050972320","-0.0159","-0.0204","0.0008869954","NaN","0.012522","0.010141"
"201506","2,063.11","41.7420","94.9100","0.3101868327","0.0002","0.0419","0.0513","0.0285","-0.0087253358","0.000000","0.0035028700","-0.0298","-0.0320","0.0010521576","NaN","-0.019343","-0.021020"
"201507","2,103.84","41.9981","93.4933","0.3089532648","0.0003","0.0415","0.0520","0.0263","-0.0083571622","0.000000","0.0000670472","0.0329","0.0239","0.0011597790","NaN","0.021297","0.020101"
"201508","1,972.18","42.2543","92.0767","0.3306709874","0.0007","0.0404","0.0519","0.0264","-0.0101608866","0.000000","-0.0014162763","0.0012","-0.0067","0.0058469489","NaN","-0.060073","-0.062419"
"201509","1,920.03","42.5104","90.6600","0.3356119548","0.0002","0.0407","0.0534","0.0253","-0.0136376361","0.000000","-0.0015567566","0.0174","0.0133","0.0040534912","NaN","-0.024547","-0.026258"
"201510","2,079.36","42.8029","89.2833","0.3094136283","0.0002","0.0395","0.0534","0.0259","-0.0168324623","0.000000","-0.0004496838","-0.0053","0.0020","0.0016189067","NaN","0.083449","0.082049"
"201511","2,080.41","43.0954","87.9067","0.3084291577","0.0012","0.0406","0.0546","0.0265","-0.0184380968","0.000000","-0.0021106804","-0.0065","0.0020","0.0011187586","NaN","0.003373","0.000817"
"201512","2,043.94","43.3879","86.5300","0.3136488144","0.0023","0.0397","0.0546","0.0268","-0.0222515536","0.000100","-0.0034170964","-0.0022","0.0000","0.0028384861","NaN","-0.015247","-0.017076"
"201601","1,940.24","43.5506","86.5000","0.3319106296","0.0026","0.0400","0.0545","0.0236","-0.0209440568","0.000100","0.0016531022","0.0476","0.0067","0.0043013139","NaN","-0.049100","-0.050250"
"201602","1,932.23","43.7133","86.4700","0.3309018254","0.0031","0.0396","0.0534","0.0217","-0.0247160557","0.000200","0.0008230765","0.0294","0.0232","0.0026015443","NaN","-0.001742","-0.004457"
"201603","2,059.74","43.8759","86.4400","0.3279547913","0.0029","0.0382","0.0513","0.0218","-0.0237096391","0.000200","0.0043060001","-0.0003","0.0423","0.0012741566","NaN","0.067340","0.065146"
"201604","2,065.30","44.0706","86.6000","0.3263208887","0.0023","0.0362","0.0479","0.0223","-0.0242105342","0.000100","0.0047410680","-0.0053","0.0146","0.0008177635","NaN","0.003747","0.002576"
"201605","2,096.95","44.2652","86.7600","0.3260721193","0.0027","0.0365","0.0468","0.0219","-0.0270482976","0.000100","0.0040457910","0.0082","0.0016","0.0009955687","NaN","0.018487","0.015886"
"201606","2,098.86","44.4599","86.9200","0.3234753617","0.0027","0.0350","0.0453","0.0179","-0.0286793269","0.000200","0.0032843662","0.0590","0.0377","0.0028644087","NaN","0.002675","0.001002"
"201607","2,173.60","44.6485","87.6433","0.3146611589","0.0030","0.0328","0.0422","0.0175","-0.0320189618","0.000200","-0.0016181364","0.0081","0.0245","0.0004776636","NaN","0.036571","0.035324"
"201608","2,170.95","44.8371","88.3667","0.3151974253","0.003","0.0332","0.0424","0.0186","-0.0307856177","0.000200","0.0009184301","-0.0140","0.0016","0.0002791632","NaN","0.001247","-0.001396"
"201609","2,168.27","45.0257","89.0900","0.3167938869","0.0029","0.0341","0.0431","0.0196","-0.0326071176","0.000200","0.0024039959","-0.0124","-0.0119","0.0016731125","NaN","0.000446","-0.001033"
"201610","2,126.15","45.2507","90.9100","0.3196877815","0.0033","0.0351","0.0438","0.0220","-0.0290379793","0.000200","0.0012467485","-0.0314","-0.0263","0.0003640519","NaN","-0.017944","-0.019193"
"201611","2,198.81","45.4756","92.7300","0.3032857864","0.0045","0.0386","0.0471","0.0267","-0.0274562916","0.000100","-0.0015554609","-0.0599","-0.0510","0.0009463721","NaN","0.035812","0.033029"
"201612","2,238.83","45.7006","94.5500","0.2934790969","0.0051","0.0406","0.0483","0.0272","-0.0251078793","0.000300","0.0003273214","-0.0057","0.0059","0.0005240219","NaN","0.019204","0.017577"
"201701","2,278.87","45.9279","96.4633","0.2919796500","0.0051","0.0392","0.0466","0.0278","-0.0226616472","0.000400","0.0058277279","0.0043","-0.0021","0.0003355713","NaN","0.019384","0.018311"
"201702","2,363.64","46.1552","98.3767","0.2786778326","0.0052","0.0395","0.0464","0.0270","-0.0187126101","0.000400","0.0031461174","0.0137","0.0212","0.0002239129","NaN","0.039459","0.037052"
"201703","2,362.72","46.3824","100.2900","0.2815988893","0.0074","0.0401","0.0468","0.0274","-0.0161988606","0.000300","0.0008127979","-0.0040","-0.0062","0.0005753040","NaN","0.001664","0.000055"
"201704","2,384.20","46.6613","101.5333","0.2778700263","0.0080","0.0387","0.0457","0.0265","-0.0155745578","0.000500","0.0029655334","0.0145","0.0176","0.0003905471","NaN","0.010591","0.009439"
"201705","2,411.80","46.9402","102.7767","0.2769687672","0.0089","0.0385","0.0455","0.0256","-0.0101861403","0.000600","0.0008547218","0.0158","0.0226","0.0005030985","NaN","0.014552","0.011920"
"201706","2,423.41","47.2190","104.0200","0.2725452275","0.0098","0.0368","0.0437","0.0258","-0.0097840063","0.000600","0.0009071110","-0.0010","0.0108","0.0004475599","NaN","0.005798","0.004364"
"201707","2,470.30","47.5370","105.0400","0.2658036788","0.0107","0.0370","0.0439","0.0262","-0.0131635508","0.000700","-0.0006899226","-0.0027","0.0060","0.0002588437","NaN","0.020696","0.019162"
"201708","2,471.65","47.8551","106.0600","0.2651136136","0.0101","0.0363","0.0431","0.0242","-0.0122128251","0.000900","0.0029944523","0.0289","0.0153","0.0007533758","NaN","0.002238","-0.000324"
"201709","2,519.36","48.1731","107.0800","0.2597061668","0.0103","0.0363","0.0430","0.0259","-0.0110851796","0.000900","0.0052949059","-0.0205","-0.0037","0.0002572472","NaN","0.020050","0.018742"
"201710","2,575.26","48.4261","108.0133","0.2489061986","0.0107","0.0360","0.0432","0.0261","-0.0123780689","0.000900","-0.0006320421","-0.0013","0.0076","0.0002181529","NaN","0.024132","0.023006"
"201711","2,584.84","48.6790","108.9467","0.2397271007","0.0123","0.0357","0.0427","0.0260","-0.0121925133","0.000800","0.0000243247","0.0036","0.0020","0.0003553369","NaN","0.031389","0.028860"
"201712","2,673.61","48.9320","109.8800","0.2353933431","0.0132","0.0351","0.0422","0.0254","-0.0198788747","0.000900","-0.0005878323","0.0102","0.0256","0.0002441133","NaN","0.011149","0.009851"
"201801","2,823.81","49.2890","111.7333","0.2225191486","0.0141","0.0355","0.0426","0.0284","-0.0190436022","0.001100","0.0054477455","-0.0315","-0.0243","0.0007742616","NaN","0.058060","0.057018"
"201802","2,713.83","49.6460","113.5867","0.2324780656","0.0157","0.0382","0.0451","0.0301","-0.0183197976","0.001100","0.0045346900","-0.0224","-0.0313","0.0053616628","NaN","-0.037661","-0.039702"
"201803","2,640.87","50.0030","115.4400","0.2595371635","0.0170","0.0387","0.0464","0.0285","-0.0182213491","0.001200","0.0022611259","0.0259","0.0124","0.0032467403","NaN","-0.025459","-0.027092"
"201804","2,648.05","50.3321","117.7867","0.2588922719","0.0176","0.0385","0.0467","0.0300","-0.0186056626","0.001400","0.0039750916","-0.0177","-0.0200","0.0023626693","NaN","0.003770","0.002656"
"201805","2,705.27","50.6612","120.1333","0.2562128848","0.0186","0.0400","0.0483","0.0289","-0.0189335034","0.001400","0.0041589169","0.0164","0.0140","0.0009227117","NaN","0.023800","0.021317"
"201806","2,718.37","50.9903","122.4800","0.2577375109","0.0190","0.0396","0.0483","0.0291","-0.0221012760","0.001400","0.0015938757","0.0007","-0.0124","0.0006228655","NaN","0.006840","0.005507"
"201807","2,816.29","51.4399","125.1167","0.2461383448","0.0196","0.0387","0.0479","0.0302","-0.0170959218","0.001600","0.0000674633","-0.0131","0.0101","0.0006544289","NaN","0.037144","0.035970"
"201808","2,901.52","51.8894","127.7533","0.2409280249","0.0203","0.0388","0.0477","0.0293","-0.0214512302","0.001600","0.0005555423","0.0152","0.0058","0.0004712735","NaN","0.032938","0.030647"
"201809","2,913.98","52.3390","130.3900","0.2364343301","0.0213","0.0398","0.0488","0.0334","-0.0208344491","0.001500","0.0011620252","-0.0518","-0.0120","0.0002300741","NaN","0.005138","0.003758"
"201810","2,711.74","52.8087","131.0567","0.2490728053","0.0225","0.0414","0.0507","0.0352","-0.0212168950","0.001900","0.0017667635","-0.0204","-0.0323","0.0045776016","NaN","-0.068409","-0.069492"
"201811","2,760.17","53.2785","131.7233","0.2449502750","0.0233","0.0422","0.0522","0.0317","-0.0245930674","0.001800","-0.0033493485","0.0505","0.0071","0.0028376417","NaN","0.019752","0.017259"
"201812","2,506.85","53.7482","132.3900","0.2681669072","0.0237","0.0402","0.0513","0.0284","-0.0192279093","0.001900","-0.0031939628","0.0481","0.0370","0.0067931027","NaN","-0.090646","-0.092188"
"201901","2,704.10","54.1444","133.0567","0.2502294158","0.0237","0.0393","0.0512","0.0271","-0.0193047054","0.002100","0.0019065967","0.0080","0.0277","0.0030113954","NaN","0.081409","0.080024"
"201902","2,784.49","54.5407","133.7233","0.2413818799","0.0239","0.0379","0.0495","0.0268","-0.0231593356","0.001800","0.0042270531","-0.0091","-0.0074","0.0005324027","NaN","0.031708","0.029398"
"201903","2,834.40","54.9369","134.3900","0.2437167058","0.0240","0.0377","0.0484","0.0257","-0.0232314942","0.001900","0.0056413584","0.0447","0.0485","0.0011070681","NaN","0.019531","0.018007"
"201904","2,945.83","55.3170","134.6833","0.2376292163","0.0238","0.0369","0.0470","0.0253","-0.0216996946","0.002100","0.0052950016","-0.0126","-0.0089","0.0003744383","NaN","0.040629","0.039469"
"201905","2,752.06","55.6972","134.9767","0.2546541387","0.0235","0.0367","0.0463","0.0240","-0.0203583181","0.002100","0.0021287586","0.0530","0.0376","0.0018316356","NaN","-0.063187","-0.065503"
"201906","2,941.76","56.0773","135.2700","0.2375662286","0.0217","0.0342","0.0446","0.0207","-0.0125383465","0.001800","0.0001991472","0.0104","0.0337","0.0010648136","NaN","0.069561","0.068056"
"201907","2,980.38","56.4580","134.4800","0.2352288936","0.0210","0.0329","0.0428","0.0206","-0.0126042960","0.001900","0.0016709416","0.0024","0.0084","0.0005935376","NaN","0.014603","0.013367"
"201908","2,926.46","56.8388","133.6900","0.2393358919","0.0195","0.0298","0.0387","0.0163","-0.0101424350","0.001600","-0.0000506682","0.0797","0.0738","0.0043178808","NaN","-0.016085","-0.018377"
"201909","2,976.74","57.2195","132.9000","0.2347695617","0.0189","0.0303","0.0391","0.0170","-0.0108381093","0.001800","0.0007834486","-0.0192","-0.0190","0.0006054246","NaN","0.018791","0.017272"
"201910","3,037.56","57.5599","135.0900","0.2336463267","0.0165","0.0301","0.0392","0.0171","-0.0131574095","0.001500","0.0022861906","-0.0052","0.0006","0.0015103083","NaN","0.021621","0.020441"
"201911","3,140.98","57.9003","137.2800","0.2252739654","0.0154","0.0306","0.0394","0.0181","-0.0077962379","0.001200","-0.0005362430","-0.0059","0.0014","0.0003063632","NaN","0.036206","0.033979"
"201912","3,230.78","58.2406","139.4700","0.2214295007","0.0154","0.0301","0.0388","0.0186","-0.0071991555","0.001400","-0.0009097695","-0.0253","-0.0089","0.0005023729","NaN","0.029787","0.028136"
"202001","3,225.52","58.6873","131.7567","0.2236426192","0.0152","0.0294","0.0377","0.0176","-0.0076936915","0.001300","0.0038797699","0.0632","0.0519","0.0011190220","NaN","0.000108","-0.001129"
"202002","2,954.22","59.1339","124.0433","0.2486978246","0.0152","0.0278","0.0361","0.0150","-0.0055601644","0.001200","0.0027406181","0.0588","0.0280","0.0047766394","NaN","-0.081872","-0.084080"
"202003","2,584.59","59.5806","116.3300","0.3021517958","0.0029","0.0302","0.0429","0.0087","-0.0077002938","0.001200","-0.0021764510","0.0625","-0.0351","0.0731531432","NaN","-0.121997","-0.123686"
"202004","2,912.43","59.6149","110.6300","0.2720112324","0.0014","0.0243","0.0413","0.0066","-0.0105380601","0.000000","-0.0066869419","0.0082","0.0347","0.0143075397","NaN","0.128890","0.127654"
"202005","3,044.31","59.6491","104.9300","0.2608943230","0.0013","0.0250","0.0395","0.0067","-0.0149669183","0.000100","0.0000195016","-0.0097","0.0084","0.0040720313","NaN","0.047818","0.045587"
"202006","3,100.29","59.6834","99.2300","0.2565505786","0.0016","0.0244","0.0364","0.0073","-0.0168450216","0.000100","0.0054720469","0.0023","0.0146","0.0072085511","NaN","0.020348","0.018885"
"202007","3,271.12","59.4060","98.8933","0.2505762493","0.0013","0.0214","0.0331","0.0062","-0.0119981517","0.000100","0.0050582435","0.0287","0.0610","0.0016079457","NaN","0.056910","0.055682"
"202008","3,500.31","59.1286","98.5567","0.2329334384","0.0010","0.0225","0.0327","0.0065","-0.0085038846","0.000100","0.0031532105","-0.0349","-0.0488","0.0007433921","NaN","0.072068","0.070308"
"202009","3,363.00","58.8512","98.2200","0.2383694770","0.0011","0.0231","0.0336","0.0068","-0.0056980778","0.000100","0.0013927469","0.0080","0.0041","0.0049074421","NaN","-0.038151","-0.039366"
"202010","3,269.96","58.6604","96.8567","0.2498833769","0.0010","0.0235","0.0344","0.0079","-0.0018951134","0.000100","0.0004149378","-0.0238","-0.0190","0.0036611054","NaN","-0.026409","-0.027507"
"202011","3,621.63","58.4696","95.4933","0.2234349923","0.0009","0.0230","0.0330","0.0087","-0.0052618187","0.000100","-0.0006106272","0.0093","0.0509","0.0024920325","NaN","0.109404","0.107624"
"202012","3,756.07","58.2788","94.1300","0.2163695172","0.0009","0.0226","0.0316","0.0093","-0.0000978825","0.000100","0.0009414785","-0.0115","0.0000","0.0006781769","NaN","0.041572","0.040137"
"202101","3,714.24","58.0637","105.4867","0.2208716016","0.0008","0.0245","0.0324","0.0108","0.0026973427","0.000000","0.0042537835","-0.0304","-0.0331","0.0020775883","NaN","-0.010052","-0.011090"
"202102","3,811.15","57.8485","116.8433","0.2140899420","0.0004","0.0270","0.0342","0.0126","0.0070137029","0.000000","0.0054743828","-0.0581","-0.0402","0.0015012683","NaN","0.026104","0.024631"
"202103","3,972.89","57.6334","128.2000","0.1934708132","0.0003","0.0304","0.0374","0.0161","0.0157183432","0.000000","0.0070832731","-0.0322","-0.0330","0.0024731910","NaN","0.043314","0.041970"
"202104","4,181.17","57.7106","138.3867","0.1883688725","0.0002","0.0290","0.0360","0.0164","0.0200542401","0.000000","0.0082189092","0.0238","0.0222","0.0010592843","NaN","0.053904","0.052991"
"202105","4,204.11","57.7878","148.5733","0.1847978262","0.0002","0.0296","0.0362","0.0162","0.0174643028","0.000000","0.0080171052","0.0001","0.0045","0.0014964819","NaN","0.006208","0.004737"
"202106","4,297.50","57.8650","158.7600","0.1849421187","0.0004","0.0279","0.0344","0.0152","0.0172545895","0.000000","0.0092906629","0.0284","0.0442","0.0006073775","NaN","0.023682","0.022564"
"202107","4,395.26","58.3282","164.2967","0.1826501060","0.0005","0.0257","0.0324","0.0132","0.0160790309","0.000000","0.0048105235","0.0305","0.0239","0.0011239921","NaN","0.024305","0.023309"
"202108","4,522.68","58.7913","169.8333","0.1804534946","0.0005","0.0255","0.0324","0.0128","0.0148456664","0.000000","0.0020659114","-0.0035","-0.0045","0.0006020919","NaN","0.030600","0.029205"
"202109","4,307.54","59.2545","175.3700","0.1885410230","0.0004","0.0253","0.0323","0.0137","0.0155978835","0.000000","0.0027159709","-0.0250","-0.0194","0.0013934415","NaN","-0.046076","-0.047152"
"202110","4,605.38","59.6354","182.8700","0.1781419789","0.0005","0.0268","0.0335","0.0158","0.0133682275","0.000000","0.0083081186","0.0051","0.0159","0.0011511212","NaN","0.070510","0.069627"
"202111","4,567.00","60.0162","190.3700","0.1850428927","0.0005","0.0262","0.0328","0.0156","0.0156397784","0.000100","0.0049134275","0.0210","0.0094","0.0013266665","NaN","-0.007256","-0.008666"
"202112","4,766.18","60.3971","197.8700","0.1755989493","0.0006","0.0265","0.0330","0.0147","0.0129744211","0.000000","0.0030725172","-0.0110","-0.0129","0.0025184151","NaN","0.043485","0.042285"
"202201","4,515.55","60.9214","197.8833","0.1816290769","0.0015","0.0293","0.0358","0.0176","0.0116404333","0.000000","0.0084145738","-0.0189","-0.0337","0.0027800600","NaN","-0.052243","-0.053087"
"202202","4,373.94","61.4457","197.8967","0.1882702212","0.0033","0.0325","0.0397","0.0193","0.0084870090","0.000000","0.0091339793","-0.0066","-0.0200","0.0036763276","NaN","-0.029293","-0.030700"
"202203","4,530.41","61.9700","197.9100","0.2066532347","0.0044","0.0343","0.0429","0.0213","-0.0011220595","0.000100","0.0133513795","-0.0311","-0.0252","0.0047468102","NaN","0.037925","0.036605"
"202204","4,131.93","62.6532","196.0267","0.2173135083","0.0076","0.0376","0.0466","0.0275","-0.0056628752","0.000100","0.0055825310","-0.0310","-0.0547","0.0049265367","NaN","-0.087576","-0.088393"
"202205","4,132.15","63.3364","194.1433","0.2172284672","0.0098","0.0413","0.0512","0.0290","-0.0033716935","0.000300","0.0110235240","0.0018","0.0093","0.0077600306","NaN","0.000374","-0.001355"
"202206","3,785.38","64.0196","192.2600","0.2328608634","0.0149","0.0424","0.0527","0.0314","-0.0048152124","0.000600","0.0137360758","-0.0088","-0.0280","0.0072034264","NaN","-0.081683","-0.083126"
"202207","4,130.29","64.4525","190.5333","0.2181873903","0.0223","0.0406","0.0521","0.0290","-0.0061205520","0.000800","-0.0001181191","0.0159","0.0324","0.0031877422","NaN","0.093766","0.092675"
"202208","3,955.00","64.8854","188.8067","0.2274292417","0.0263","0.0407","0.0515","0.0290","-0.0097317937","0.001900","-0.0003543993","-0.0248","-0.0293","0.0033489216","NaN","-0.040295","-0.042052"
"202209","3,585.62","65.3183","187.0800","0.2494783626","0.0313","0.0459","0.0569","0.0352","-0.0112919501","0.001900","0.0021507845","-0.0345","-0.0526","0.0049336921","NaN","-0.091495","-0.092876"
"202210","3,871.98","65.8531","182.3033","0.2189351464","0.0372","0.0510","0.0626","0.0398","-0.0152524748","0.002300","0.0040564944","-0.0139","-0.0103","0.0065039555","NaN","0.080248","0.079197"
"202211","4,080.11","66.3880","177.5267","0.2071824473","0.0415","0.0490","0.0607","0.0389","-0.0170113963","0.002900","-0.0010100264","0.0268","0.0518","0.0063427433","NaN","0.054165","0.052157"
"202212","3,839.50","66.9228","172.7500","0.2161987254","0.0425","0.0443","0.0559","0.0362","-0.0212552253","0.003300","-0.0030700915","-0.0052","-0.0044","0.0027013953","NaN","-0.058784","-0.060170"
"202301","4,076.60","67.3524","173.5567","0.2102442290","0.0454","0.0440","0.0550","0.0353","-0.0207742870","0.003500","0.0079953638","0.0251","0.0401","0.0022864571","NaN","0.063810","0.062777"
"202302","3,970.15","67.7819","174.3633","0.2194463372","0.0465","0.0456","0.0559","0.0375","-0.0220123796","0.003400","0.0055821105","-0.0234","-0.0318","0.0017403741","NaN","-0.024265","-0.025993"
"202303","4,109.31","68.2114","175.1700","0.2200604313","0.0469","0.0460","0.0571","0.0366","-0.0223320617","0.003600","0.0033107300","0.0289","0.0278","0.0028894580","NaN","0.037479","0.035871"
"202304","4,169.48","68.3793","177.1167","0.2147424905","0.0492","0.0447","0.0553","0.0346","-0.0213896889","0.003500","0.0050590387","0.0054","0.0077","0.0010289101","NaN","0.015015","0.014065"
"202305","4,179.83","68.5471","179.0633","0.2225071023","0.0514","0.0467","0.0577","0.0357","-0.0206613781","0.003600","0.0025184350","-0.0116","-0.0145","0.0013693869","NaN","0.005306","0.003474"
"202306","4,450.38","68.7149","181.0100","0.2128112336","0.0516","0.0465","0.0575","0.0375","-0.0156742305","0.004000","0.0032289142","-0.0075","0.0041","0.0011138590","NaN","0.066952","0.065652"
"202307","4,588.96","68.9143","182.0900","0.2059173392","0.0525","0.0466","0.0574","0.0390","-0.0166773855","0.004500","0.0019075150","-0.0035","0.0034","0.0005372473","NaN","0.031700","0.030745"
"202308","4,507.66","69.1137","183.1700","0.2108848217","0.0530","0.0495","0.0602","0.0417","-0.0165139510","0.004500","0.0043671551","-0.0052","-0.0078","0.0013365381","NaN","-0.015424","-0.017192"
"202309","4,288.05","69.3131","184.2500","0.2185279057","0.0532","0.0513","0.0616","0.0438","-0.0179894804","0.004300","0.0024851316","-0.0221","-0.0267","0.0010229683","NaN","-0.047566","-0.048621"
"202310","4,193.80","69.6433","186.9767","0.2215336762","0.0534","0.0561","0.0663","0.0480","-0.0147106321","0.004700","-0.0003833795","-0.0121","-0.0187","0.0016780918","NaN","-0.021040","-0.022005"
"202311","4,567.80","69.9735","189.7033","0.2036757310","0.0527","0.0528","0.0629","0.0450","-0.0206182897","0.004400","-0.0020151395","0.0347","0.0598","0.0013413416","NaN","0.090804","0.088667"
"202312","4,769.83","70.3037","192.4300","0.1942799992","0.0524","0.0474","0.0564","0.0402","-0.0174413449","0.004300","-0.0009933203","0.0337","0.0434","0.0007970135","NaN","0.045298","0.043955"